map_m,idx,stratum,clutter_frac,scan,hyp,alive,frac,pos_err_m,yaw_err_deg,time_ms
20,0,in,0.4561,0,0,1,0.598393,0.0297,0.2094,377.563
20,0,in,0.4561,0,1,1,0.464484,15.5430,90.0314,377.563
20,0,in,0.4561,0,2,1,0.463481,15.4417,89.4476,377.563
20,0,in,0.4561,0,3,1,0.461700,20.9908,179.6884,377.563
20,0,in,0.4561,0,4,1,0.439609,18.0428,179.3089,377.563
20,0,in,0.4561,0,5,1,0.438796,21.9160,179.6884,377.563
20,0,in,0.4561,0,6,1,0.438220,6.2820,0.2094,377.563
20,0,in,0.4561,0,7,1,0.434664,17.1926,179.3089,377.563
20,0,in,0.4561,1,0,1,0.538801,0.0038,0.1151,5.585
20,0,in,0.4561,1,1,1,0.397013,15.7460,90.1257,5.585
20,0,in,0.4561,1,2,1,0.418738,15.7425,90.3560,5.585
20,0,in,0.4561,1,3,1,0.375662,21.2474,179.5941,5.585
20,0,in,0.4561,1,4,1,0.354356,18.1822,178.5915,5.585
20,0,in,0.4561,1,5,1,0.380718,22.2664,179.5941,5.585
20,0,in,0.4561,1,6,1,0.365354,6.0000,0.1151,5.585
20,0,in,0.4561,1,7,1,0.340574,17.1731,179.5941,5.585
20,0,in,0.4561,2,0,1,0.580079,0.0059,0.2286,1.404
20,0,in,0.4561,2,1,1,0.413769,15.9684,89.4668,1.404
20,0,in,0.4561,2,2,1,0.458764,15.9737,90.0123,1.404
20,0,in,0.4561,2,3,1,0.416703,21.6043,179.7469,1.404
20,0,in,0.4561,2,4,1,0.391901,18.3766,179.7469,1.404
20,0,in,0.4561,2,5,1,0.417509,22.5889,179.7469,1.404
20,0,in,0.4561,2,6,1,0.384110,6.2941,0.7741,1.404
20,0,in,0.4561,2,7,1,0.373661,17.2403,179.7469,1.404
20,0,in,0.4561,3,0,1,0.530859,0.0250,0.0634,1.475
20,0,in,0.4561,3,1,1,0.399054,16.1172,90.3042,1.475
20,0,in,0.4561,3,2,1,0.420058,16.1515,90.1775,1.475
20,0,in,0.4561,3,3,1,0.350642,21.6111,179.5817,1.475
20,0,in,0.4561,3,4,1,0.360404,18.3400,179.5817,1.475
20,0,in,0.4561,3,5,1,0.403494,22.8204,179.5817,1.475
20,0,in,0.4561,3,6,1,0.335571,6.4921,0.0634,1.475
20,0,in,0.4561,3,7,1,0.334071,17.2775,179.5817,1.475
20,0,in,0.4561,4,0,1,0.581551,0.0349,0.1587,1.520
20,0,in,0.4561,4,1,1,0.463363,16.2876,89.3969,1.520
20,0,in,0.4561,4,2,1,0.482317,16.3368,90.0821,1.520
20,0,in,0.4561,4,3,1,0.373850,22.0278,179.6770,1.520
20,0,in,0.4561,4,4,1,0.348371,18.4570,179.6770,1.520
20,0,in,0.4561,4,5,1,0.452556,23.0689,179.6770,1.520
20,0,in,0.4561,4,6,1,0.350212,6.3768,0.8439,1.520
20,0,in,0.4561,4,7,1,0.359355,17.2583,178.6744,1.520
20,0,in,0.4561,5,0,1,0.543319,0.0409,0.1437,1.493
20,0,in,0.4561,5,1,1,0.410546,16.5043,90.0972,1.493
20,0,in,0.4561,5,2,1,0.446982,16.5650,90.3845,1.493
20,0,in,0.4561,5,3,1,0.333866,22.3188,179.3746,1.493
20,0,in,0.4561,5,4,1,0.335120,18.5135,179.3746,1.493
20,0,in,0.4561,5,5,1,0.386243,23.3843,179.3746,1.493
20,0,in,0.4561,5,6,1,0.341166,6.3800,0.1437,1.493
20,0,in,0.4561,5,7,1,0.331372,17.3233,179.3746,1.493
20,0,in,0.4561,6,0,1,0.590594,0.0472,0.7434,5.628
20,0,in,0.4561,6,1,1,0.457405,16.6878,89.4975,5.628
20,0,in,0.4561,6,2,1,0.463110,16.7564,90.9842,5.628
20,0,in,0.4561,6,3,1,0.345786,22.4848,179.7776,5.628
20,0,in,0.4561,6,4,1,0.345628,18.7140,179.7776,5.628
20,0,in,0.4561,6,5,1,0.421495,23.6465,179.7776,5.628
20,0,in,0.4561,6,6,1,0.364397,6.3731,0.2593,5.628
20,0,in,0.4561,6,7,1,0.357887,17.3094,179.7776,5.628
20,0,in,0.4561,7,0,1,0.546908,0.0591,0.3883,1.616
20,0,in,0.4561,7,1,1,0.444669,16.9982,90.6291,1.616
20,0,in,0.4561,7,2,1,0.464247,16.9724,89.8526,1.616
20,0,in,0.4561,7,3,1,0.336335,22.8376,179.9066,1.616
20,0,in,0.4561,7,4,1,0.324164,18.9000,179.9066,1.616
20,0,in,0.4561,7,5,1,0.416132,24.0205,179.9066,1.616
20,0,in,0.4561,7,6,1,0.327300,6.3717,0.3883,1.616
20,0,in,0.4561,7,7,1,0.332708,17.4590,179.9066,1.616
20,0,in,0.4561,8,0,1,0.519985,0.0506,0.4647,5.699
20,0,in,0.4561,8,1,1,0.435212,17.0796,88.7735,5.699
20,0,in,0.4561,8,2,1,0.435865,17.1495,89.7029,5.699
20,0,in,0.4561,8,3,1,0.307291,23.0637,179.0536,5.699
20,0,in,0.4561,8,4,1,0.289078,18.9689,179.0536,5.699
20,0,in,0.4561,8,5,1,0.419771,24.2004,179.0536,5.699
20,0,in,0.4561,8,6,1,0.279835,6.4749,0.5380,5.699
20,0,in,0.4561,8,7,1,0.371962,17.4280,178.0509,5.699
20,0,in,0.4561,9,0,1,0.535575,0.0541,0.2307,1.499
20,0,in,0.4561,9,1,1,0.431128,17.0695,89.4689,1.499
20,0,in,0.4561,9,2,1,0.450888,17.1403,90.0102,1.499
20,0,in,0.4561,9,3,1,0.297620,23.0491,179.2483,1.499
20,0,in,0.4561,9,4,1,0.292854,18.9261,179.7490,1.499
20,0,in,0.4561,9,5,1,0.418259,24.2571,179.7490,1.499
20,0,in,0.4561,9,6,1,0.289590,6.2755,0.2307,1.499
20,0,in,0.4561,9,7,1,0.346399,17.2802,178.7463,1.499
20,0,in,0.4561,10,0,1,0.541463,0.0544,0.0458,1.369
20,0,in,0.4561,10,1,1,0.447242,17.3473,90.1951,1.369
20,0,in,0.4561,10,2,1,0.427172,17.3001,89.2839,1.369
20,0,in,0.4561,10,3,1,0.280831,23.1191,179.5248,1.369
20,0,in,0.4561,10,4,1,0.286512,19.0195,179.5248,1.369
20,0,in,0.4561,10,5,1,0.416267,24.4966,179.5248,1.369
20,0,in,0.4561,10,6,1,0.276269,5.9910,0.0458,1.369
20,0,in,0.4561,10,7,1,0.365315,17.4737,179.5248,1.369
20,0,in,0.4561,11,0,1,0.548769,0.0473,0.5161,5.488
20,0,in,0.4561,11,1,1,0.429561,17.2502,89.7248,5.488
20,0,in,0.4561,11,2,1,0.454117,17.3039,89.7543,5.488
20,0,in,0.4561,11,3,1,0.288732,23.2741,179.9951,5.488
20,0,in,0.4561,11,4,1,0.283201,19.1437,179.9951,5.488
20,0,in,0.4561,11,5,1,0.407633,24.5010,179.9951,5.488
20,0,in,0.4561,11,6,1,0.289283,6.0869,0.4866,5.488
20,0,in,0.4561,11,7,1,0.355737,17.3320,179.9951,5.488
20,1,in,0.7020,0,-1,0,0,0,0,653.588
20,1,in,0.7020,1,-1,0,0,0,0,0.000
20,1,in,0.7020,2,-1,0,0,0,0,0.000
20,1,in,0.7020,3,-1,0,0,0,0,0.000
20,1,in,0.7020,4,-1,0,0,0,0,0.000
20,1,in,0.7020,5,-1,0,0,0,0,0.000
20,1,in,0.7020,6,-1,0,0,0,0,0.000
20,1,in,0.7020,7,-1,0,0,0,0,0.000
20,1,in,0.7020,8,-1,0,0,0,0,0.000
20,1,in,0.7020,9,-1,0,0,0,0,0.000
20,1,in,0.7020,10,-1,0,0,0,0,0.000
20,1,in,0.7020,11,-1,0,0,0,0,0.000
20,2,in,0.1088,0,0,1,0.894799,0.0348,0.0026,401.457
20,2,in,0.1088,0,1,1,0.527635,0.2362,179.4764,401.457
20,2,in,0.1088,0,2,1,0.514619,4.8944,0.0026,401.457
20,2,in,0.1088,0,3,1,0.510453,5.8073,179.5209,401.457
20,2,in,0.1088,0,4,1,0.503769,7.4386,90.2383,401.457
20,2,in,0.1088,0,5,1,0.480336,3.2657,0.0026,401.457
20,2,in,0.1088,0,6,1,0.480130,1.3376,0.0026,401.457
20,2,in,0.1088,0,7,1,0.479167,2.0657,0.0026,401.457
20,2,in,0.1088,1,0,1,0.880982,0.0224,0.1602,6.007
20,2,in,0.1088,1,1,1,0.481759,0.5988,179.6392,6.007
20,2,in,0.1088,1,2,1,0.500650,4.8978,0.1602,6.007
20,2,in,0.1088,1,3,1,0.475567,5.5591,179.6392,6.007
20,2,in,0.1088,1,4,1,0.503383,7.0961,90.4010,6.007
20,2,in,0.1088,1,5,1,0.462686,3.1777,0.1602,6.007
20,2,in,0.1088,1,6,1,0.433200,1.5223,0.1602,6.007
20,2,in,0.1088,1,7,1,0.446128,2.3777,0.1602,6.007
20,2,in,0.1088,2,0,1,0.866864,0.0194,0.1313,1.751
20,2,in,0.1088,2,1,1,0.445317,1.1191,179.6496,1.751
20,2,in,0.1088,2,2,1,0.471566,4.8903,0.1313,1.751
20,2,in,0.1088,2,3,1,0.482311,5.5512,179.3477,1.751
20,2,in,0.1088,2,4,1,0.471329,6.8575,90.1095,1.751
20,2,in,0.1088,2,5,1,0.407286,3.0832,0.1313,1.751
20,2,in,0.1088,2,6,1,0.383153,1.2201,0.1313,1.751
20,2,in,0.1088,2,7,1,0.416088,2.0832,0.1313,1.751
20,2,in,0.1088,3,0,1,0.882486,0.0253,0.2608,5.960
20,2,in,0.1088,3,1,1,0.496518,1.6971,179.7398,5.960
20,2,in,0.1088,3,2,1,0.481934,4.8774,0.7419,5.960
20,2,in,0.1088,3,3,1,0.487779,5.5843,179.7398,5.960
20,2,in,0.1088,3,4,1,0.412540,6.5042,89.4990,5.960
20,2,in,0.1088,3,5,1,0.393477,3.3896,1.2635,5.960
20,2,in,0.1088,3,6,1,0.376305,1.1139,0.2608,5.960
20,2,in,0.1088,3,7,1,0.401947,1.7889,0.2608,5.960
20,2,in,0.1088,4,0,1,0.873174,0.0196,0.4048,1.743
20,2,in,0.1088,4,1,1,0.559946,2.2287,179.9231,1.743
20,2,in,0.1088,4,2,1,0.502940,4.8885,0.5979,1.743
20,2,in,0.1088,4,3,1,0.499577,5.8156,179.9231,1.743
20,2,in,0.1088,4,4,1,0.534113,6.5083,89.8360,1.743
20,2,in,0.1088,4,5,1,0.454870,3.5105,0.4048,1.743
20,2,in,0.1088,4,6,1,0.419908,0.7893,0.5979,1.743
20,2,in,0.1088,4,7,1,0.410821,1.5110,0.4048,1.743
20,2,in,0.1088,5,0,1,0.909962,0.0148,0.2820,6.487
20,2,in,0.1088,5,1,1,0.550014,2.7855,179.2363,6.487
20,2,in,0.1088,5,2,1,0.486180,4.9010,0.2820,6.487
20,2,in,0.1088,5,3,1,0.502658,6.1403,179.2363,6.487
20,2,in,0.1088,5,4,1,0.538330,6.4599,90.5228,6.487
20,2,in,0.1088,5,5,1,0.528789,3.4144,0.2820,6.487
20,2,in,0.1088,5,6,1,0.581658,0.4862,0.2820,6.487
20,2,in,0.1088,5,7,1,0.469008,1.5148,0.2820,6.487
20,2,in,0.1088,6,0,1,0.851421,0.0278,0.5808,2.727
20,2,in,0.1088,6,1,1,0.506186,3.3417,179.9402,2.727
20,2,in,0.1088,6,2,1,0.412824,4.9126,0.4219,2.727
20,2,in,0.1088,6,3,1,0.482768,6.5238,179.9402,2.727
20,2,in,0.1088,6,4,1,0.472460,6.4548,89.8190,2.727
20,2,in,0.1088,6,5,1,0.502292,3.5243,0.4219,2.727
20,2,in,0.1088,6,6,1,0.745538,0.1764,0.4219,2.727
20,2,in,0.1088,6,7,1,0.449478,1.8247,0.5808,2.727
20,2,in,0.1088,7,0,1,0.844016,0.0314,0.6258,1.785
20,2,in,0.1088,7,1,1,0.512621,3.9289,179.8952,1.785
20,2,in,0.1088,7,2,1,0.420556,4.9214,0.6258,1.785
20,2,in,0.1088,7,3,1,0.498044,6.8916,179.8952,1.785
20,2,in,0.1088,7,4,1,0.447107,6.4334,89.8639,1.785
20,2,in,0.1088,7,5,1,0.522387,3.4269,0.6258,1.785
20,2,in,0.1088,7,6,1,0.844016,0.0311,0.6258,1.785
20,2,in,0.1088,7,7,1,0.466070,1.5268,0.6258,1.785
20,2,in,0.1088,8,0,1,0.865889,0.0242,0.5137,5.867
20,2,in,0.1088,8,1,1,0.505663,4.5288,179.9927,5.867
20,2,in,0.1088,8,2,1,0.428443,4.9121,0.5137,5.867
20,2,in,0.1088,8,3,1,0.482608,7.2655,179.9927,5.867
20,2,in,0.1088,8,4,1,0.443487,6.4166,89.7519,5.867
20,2,in,0.1088,8,5,1,0.534294,3.3233,0.5137,5.867
20,2,in,0.1088,8,6,1,0.865889,0.0239,0.5137,5.867
20,2,in,0.1088,8,7,1,0.473305,1.5232,0.5137,5.867
20,2,in,0.1088,9,0,1,0.844159,0.0065,0.1296,1.823
20,2,in,0.1088,9,1,1,0.499893,5.1184,179.6087,1.823
20,2,in,0.1088,9,2,1,0.424520,4.8985,0.1296,1.823
20,2,in,0.1088,9,3,1,0.470406,7.7683,179.3887,1.823
20,2,in,0.1088,9,4,1,0.439371,6.5383,90.3705,1.823
20,2,in,0.1088,9,5,1,0.546671,3.6011,0.1296,1.823
20,2,in,0.1088,9,6,1,0.844159,0.0064,0.1296,1.823
20,2,in,0.1088,9,7,1,0.471297,1.6010,0.1296,1.823
20,2,in,0.1088,10,0,1,0.831496,0.0261,0.1150,6.454
20,2,in,0.1088,10,1,1,0.533675,5.6843,179.6333,6.454
20,2,in,0.1088,10,2,1,0.455330,4.8851,0.1150,6.454
20,2,in,0.1088,10,3,1,0.481169,8.2402,179.6333,6.454
20,2,in,0.1088,10,4,1,0.425684,6.6344,90.1258,6.454
20,2,in,0.1088,10,5,1,0.514814,3.5171,0.1150,6.454
20,2,in,0.1088,10,6,1,0.831496,0.0258,0.1150,6.454
20,2,in,0.1088,10,7,1,0.454455,1.6171,0.1150,6.454
20,2,in,0.1088,11,0,1,0.904864,0.0386,0.8767,1.841
20,2,in,0.1088,11,1,1,0.547169,6.2875,179.6443,1.841
20,2,in,0.1088,11,2,1,0.419822,4.8688,0.1260,1.841
20,2,in,0.1088,11,3,1,0.482216,8.6544,179.6443,1.841
20,2,in,0.1088,11,4,1,0.410532,6.6759,90.1149,1.841
20,2,in,0.1088,11,5,1,0.517701,3.4140,0.1260,1.841
20,2,in,0.1088,11,6,1,0.904864,0.0384,0.8767,1.841
20,2,in,0.1088,11,7,1,0.487569,1.9147,0.8767,1.841
20,3,in,0.5977,0,0,1,0.433662,0.0735,0.1083,747.442
20,3,in,0.5977,1,0,1,0.400826,0.0783,0.4040,0.204
20,3,in,0.5977,2,0,1,0.398589,0.0442,0.4301,0.194
20,3,in,0.5977,3,0,1,0.388794,0.0565,0.0786,0.188
20,3,in,0.5977,4,0,1,0.400870,0.0776,0.5200,0.174
20,3,in,0.5977,5,0,1,0.478526,0.0653,0.6321,0.158
20,3,in,0.5977,6,0,1,0.411079,0.0642,0.1528,0.191
20,3,in,0.5977,7,0,1,0.489322,0.0548,0.2519,0.188
20,3,in,0.5977,8,0,1,0.393962,0.0419,0.0970,0.213
20,3,in,0.5977,9,0,1,0.388355,0.0327,0.7191,4.269
20,3,in,0.5977,10,0,1,0.435350,0.0459,0.3922,0.173
20,3,in,0.5977,11,0,1,0.383195,0.0446,0.7827,0.187
20,4,in,0.3615,0,0,1,0.609933,0.0332,0.2968,444.549
20,4,in,0.3615,0,1,1,0.521157,11.8979,179.8151,444.549
20,4,in,0.3615,0,2,1,0.506653,12.9533,179.8151,444.549
20,4,in,0.3615,0,3,1,0.505447,5.9857,0.2968,444.549
20,4,in,0.3615,0,4,1,0.410896,6.8315,178.8125,444.549
20,4,in,0.3615,0,5,1,0.407372,9.8700,0.2968,444.549
20,4,in,0.3615,1,0,1,0.587498,0.0303,0.2368,1.405
20,4,in,0.3615,1,1,1,0.531230,12.4594,179.7159,1.405
20,4,in,0.3615,1,2,1,0.512502,13.5461,179.7159,1.405
20,4,in,0.3615,1,3,1,0.504848,5.9944,0.2368,1.405
20,4,in,0.3615,1,4,1,0.352097,7.3728,179.2815,1.405
20,4,in,0.3615,1,5,1,0.361336,9.9703,0.2368,1.405
20,4,in,0.3615,2,0,1,0.643722,0.0181,0.2504,1.324
20,4,in,0.3615,2,1,1,0.574427,13.0451,179.7687,1.324
20,4,in,0.3615,2,2,1,0.575972,14.0451,179.7687,1.324
20,4,in,0.3615,2,3,1,0.573624,5.9988,0.2504,1.324
20,4,in,0.3615,2,4,1,0.358168,8.2587,179.7687,1.324
20,4,in,0.3615,2,5,1,0.376130,9.9819,0.2504,1.324
20,4,in,0.3615,3,0,1,0.671266,0.0055,0.1529,12.541
20,4,in,0.3615,3,1,1,0.598096,13.5850,179.3654,12.541
20,4,in,0.3615,3,2,1,0.567211,14.4352,179.6319,12.541
20,4,in,0.3615,3,3,1,0.584121,6.0027,0.1529,12.541
20,4,in,0.3615,3,4,1,0.359549,9.1054,179.3654,12.541
20,4,in,0.3615,3,5,1,0.395634,9.8953,0.1529,12.541
20,4,in,0.3615,4,0,1,0.570436,0.0038,0.2426,1.462
20,4,in,0.3615,4,1,1,0.479250,14.0762,179.2757,1.462
20,4,in,0.3615,4,2,1,0.456375,14.7517,179.2757,1.462
20,4,in,0.3615,4,3,1,0.462502,6.0015,0.2426,1.462
20,4,in,0.3615,4,4,1,0.318286,9.7092,179.2757,1.462
20,4,in,0.3615,4,5,1,0.372052,10.0035,1.2453,1.462
20,4,in,0.3615,5,0,1,0.605187,0.0257,0.6651,1.209
20,4,in,0.3615,5,1,1,0.543409,14.5420,179.8558,1.209
20,4,in,0.3615,5,2,1,0.533961,15.0159,179.8558,1.209
20,4,in,0.3615,5,3,1,0.538681,6.0255,0.6651,1.209
20,4,in,0.3615,5,4,1,0.350009,10.0174,177.8505,1.209
20,4,in,0.3615,5,5,1,0.387965,9.8084,3.6732,1.209
20,4,in,0.3615,6,0,1,0.685454,0.0390,0.2773,10.048
20,4,in,0.3615,6,1,1,0.573313,15.0266,179.7563,10.048
20,4,in,0.3615,6,2,1,0.555946,15.3152,179.2410,10.048
20,4,in,0.3615,6,3,1,0.565227,6.0390,0.2773,10.048
20,4,in,0.3615,6,4,1,0.380874,10.4020,179.7563,10.048
20,4,in,0.3615,6,5,1,0.417959,10.0166,0.2773,10.048
20,4,in,0.3615,7,0,1,0.640634,0.0262,0.1356,1.609
20,4,in,0.3615,7,1,1,0.566328,15.5189,179.6539,1.609
20,4,in,0.3615,7,2,1,0.546216,15.6415,179.6539,1.609
20,4,in,0.3615,7,3,1,0.535775,6.0261,0.1356,1.609
20,4,in,0.3615,7,4,1,0.332539,10.9168,179.6539,1.609
20,4,in,0.3615,7,5,1,0.391660,10.0183,1.8697,1.609
20,4,in,0.3615,8,0,1,0.636410,0.0225,0.2500,1.355
20,4,in,0.3615,8,1,1,0.543164,16.0503,179.7683,1.355
20,4,in,0.3615,8,2,1,0.534387,16.0394,179.7683,1.355
20,4,in,0.3615,8,3,1,0.503200,6.0201,0.7527,1.355
20,4,in,0.3615,8,4,1,0.293197,11.5629,179.7683,1.355
20,4,in,0.3615,8,5,1,0.370664,9.9328,4.7634,1.355
20,4,in,0.3615,9,0,1,0.674592,0.0188,0.4084,9.588
20,4,in,0.3615,9,1,1,0.553078,16.5806,179.9267,9.588
20,4,in,0.3615,9,2,1,0.545496,16.4424,179.9267,9.588
20,4,in,0.3615,9,3,1,0.537842,6.0119,0.5943,9.588
20,4,in,0.3615,9,4,1,0.312188,11.8235,179.0707,9.588
20,4,in,0.3615,9,5,1,0.421475,9.8553,0.5943,9.588
20,4,in,0.3615,10,0,1,0.621984,0.0145,0.3043,1.337
20,4,in,0.3615,10,1,1,0.502783,17.1216,179.8226,1.337
20,4,in,0.3615,10,2,1,0.531188,16.8633,179.8226,1.337
20,4,in,0.3615,10,3,1,0.492525,6.0202,0.6984,1.337
20,4,in,0.3615,10,4,1,0.298362,12.5795,179.8226,1.337
20,4,in,0.3615,10,5,1,0.413351,9.8499,0.6984,1.337
20,4,in,0.3615,11,0,1,0.663641,0.0115,0.2474,9.654
20,4,in,0.3615,11,1,1,0.514459,17.6898,179.2709,9.654
20,4,in,0.3615,11,2,1,0.513980,17.2627,179.2709,9.654
20,4,in,0.3615,11,3,1,0.490718,6.0126,0.2474,9.654
20,4,in,0.3615,11,4,1,0.280827,13.1732,179.7264,9.654
20,4,in,0.3615,11,5,1,0.420153,9.8561,1.2500,9.654
20,5,in,0.4638,0,0,1,0.565202,0.0295,0.0730,414.931
20,5,in,0.4638,0,1,1,0.417953,5.9856,0.0730,414.931
20,5,in,0.4638,0,2,1,0.403649,2.1366,179.5520,414.931
20,5,in,0.4638,0,3,1,0.402999,6.1638,179.5520,414.931
20,5,in,0.4638,1,0,1,0.547330,0.0458,0.0022,0.869
20,5,in,0.4638,1,1,1,0.375059,5.9726,1.0005,0.869
20,5,in,0.4638,1,2,1,0.372768,2.7230,179.5161,0.869
20,5,in,0.4638,1,3,1,0.382894,6.3018,179.4812,0.869
20,5,in,0.4638,2,0,1,0.520955,0.0491,0.1236,4.953
20,5,in,0.4638,2,1,1,0.347649,5.9724,0.1236,4.953
20,5,in,0.4638,2,2,1,0.359106,3.3116,179.6419,4.953
20,5,in,0.4638,2,3,1,0.354481,6.4029,179.3554,4.953
20,5,in,0.4638,3,0,1,0.549226,0.0379,0.3667,0.877
20,5,in,0.4638,3,1,1,0.410077,5.9895,0.3667,0.877
20,5,in,0.4638,3,2,1,0.396631,3.9123,179.8457,0.877
20,5,in,0.4638,3,3,1,0.360462,6.5623,179.8457,0.877
20,5,in,0.4638,4,0,1,0.521080,0.0258,0.1217,0.932
20,5,in,0.4638,4,1,1,0.356467,5.9882,0.1217,0.932
20,5,in,0.4638,4,2,1,0.351931,4.5241,179.3966,0.932
20,5,in,0.4638,4,3,1,0.368734,6.8021,179.6008,0.932
20,5,in,0.4638,5,0,1,0.501564,0.0820,0.8185,1.064
20,5,in,0.4638,5,1,1,0.358283,5.9780,0.1842,1.064
20,5,in,0.4638,5,2,1,0.350887,5.1194,178.6605,1.064
20,5,in,0.4638,5,3,1,0.342939,7.1090,179.3341,1.064
20,5,in,0.4638,6,0,1,0.572139,0.0808,0.4589,4.955
20,5,in,0.4638,6,1,1,0.425789,5.9716,0.4589,4.955
20,5,in,0.4638,6,2,1,0.413823,5.6977,179.9772,4.955
20,5,in,0.4638,6,3,1,0.406966,7.4289,179.9772,4.955
20,5,in,0.4638,7,0,1,0.556064,0.0468,0.3300,1.681
20,5,in,0.4638,7,1,1,0.397706,5.9757,0.3300,1.681
20,5,in,0.4638,7,2,1,0.411843,6.3096,179.8091,1.681
20,5,in,0.4638,7,3,1,0.387833,7.6628,179.8091,1.681
20,5,in,0.4638,8,0,1,0.550102,0.0360,0.2002,1.257
20,5,in,0.4638,8,1,1,0.349446,6.0738,0.2002,1.257
20,5,in,0.4638,8,2,1,0.355403,6.8960,179.6793,1.257
20,5,in,0.4638,8,3,1,0.382231,8.0701,179.6793,1.257
20,5,in,0.4638,9,0,1,0.542724,0.0400,0.5573,4.959
20,5,in,0.4638,9,1,1,0.393214,5.9753,0.5573,4.959
20,5,in,0.4638,9,2,1,0.394649,7.4793,179.9244,4.959
20,5,in,0.4638,9,3,1,0.396498,8.4003,179.9244,4.959
20,5,in,0.4638,10,0,1,0.519545,0.0476,0.2086,0.906
20,5,in,0.4638,10,1,1,0.313930,5.9834,0.2086,0.906
20,5,in,0.4638,10,2,1,0.323767,8.0686,179.6876,0.906
20,5,in,0.4638,10,3,1,0.326710,8.8247,179.6876,0.906
20,5,in,0.4638,11,0,1,0.559347,0.0631,0.1711,0.913
20,5,in,0.4638,11,1,1,0.354375,5.9790,0.1711,0.913
20,5,in,0.4638,11,2,1,0.368640,8.6265,179.6501,0.913
20,5,in,0.4638,11,3,1,0.334468,9.1056,179.6501,0.913
20,6,in,0.2477,0,0,1,0.731189,0.0702,0.2199,260.475
20,6,in,0.2477,0,1,1,0.547990,7.2848,179.7382,260.475
20,6,in,0.2477,0,2,1,0.524753,7.6742,179.7382,260.475
20,6,in,0.2477,0,3,1,0.514060,5.9565,0.2199,260.475
20,6,in,0.2477,0,4,1,0.486874,3.7586,0.2199,260.475
20,6,in,0.2477,0,5,1,0.485559,3.6043,179.2591,260.475
20,6,in,0.2477,0,6,1,0.461459,4.2020,179.2591,260.475
20,6,in,0.2477,0,7,1,0.459841,6.0768,179.2591,260.475
20,6,in,0.2477,1,0,1,0.725061,0.0424,0.0416,1.894
20,6,in,0.2477,1,1,1,0.577207,7.7083,179.5599,1.894
20,6,in,0.2477,1,2,1,0.509690,8.2761,179.5599,1.894
20,6,in,0.2477,1,3,1,0.510371,5.9756,0.0416,1.894
20,6,in,0.2477,1,4,1,0.513182,3.4654,1.0443,1.894
20,6,in,0.2477,1,5,1,0.503605,3.9391,178.4348,1.894
20,6,in,0.2477,1,6,1,0.480337,4.5559,179.4374,1.894
20,6,in,0.2477,1,7,1,0.516778,6.4713,179.5599,1.894
20,6,in,0.2477,2,0,1,0.768933,0.0752,0.0967,6.054
20,6,in,0.2477,2,1,1,0.636450,8.1290,179.6150,6.054
20,6,in,0.2477,2,2,1,0.549265,8.8217,179.3823,6.054
20,6,in,0.2477,2,3,1,0.592357,5.9712,0.0967,6.054
20,6,in,0.2477,2,4,1,0.527612,3.7781,1.0994,6.054
20,6,in,0.2477,2,5,1,0.536234,4.3668,179.3823,6.054
20,6,in,0.2477,2,6,1,0.512369,5.2161,178.3796,6.054
20,6,in,0.2477,2,7,1,0.527170,6.8673,179.3823,6.054
20,6,in,0.2477,3,0,1,0.769940,0.0703,0.1189,1.951
20,6,in,0.2477,3,1,1,0.648934,8.6321,179.6372,1.951
20,6,in,0.2477,3,2,1,0.534721,9.4662,179.6372,1.951
20,6,in,0.2477,3,3,1,0.613155,6.0628,0.1189,1.951
20,6,in,0.2477,3,4,1,0.549268,3.7731,1.1216,1.951
20,6,in,0.2477,3,5,1,0.560181,4.8991,178.3574,1.951
20,6,in,0.2477,3,6,1,0.524856,5.7477,176.3521,1.951
20,6,in,0.2477,3,7,1,0.531614,7.2568,179.3601,1.951
20,6,in,0.2477,4,0,1,0.711856,0.0360,0.2033,3.306
20,6,in,0.2477,4,1,1,0.639799,9.1565,179.6823,3.306
20,6,in,0.2477,4,2,1,0.492260,10.0645,179.6823,3.306
20,6,in,0.2477,4,3,1,0.622663,5.9788,0.2033,3.306
20,6,in,0.2477,4,4,1,0.525379,3.9770,0.7994,3.306
20,6,in,0.2477,4,5,1,0.554081,5.2760,179.6823,3.306
20,6,in,0.2477,4,6,1,0.508430,6.1450,179.6823,3.306
20,6,in,0.2477,4,7,1,0.512733,7.5724,177.6769,3.306
20,6,in,0.2477,5,0,1,0.729764,0.0915,0.1645,1.964
20,6,in,0.2477,5,1,1,0.617672,9.7161,179.6828,1.964
20,6,in,0.2477,5,2,1,0.487047,10.6701,179.6828,1.964
20,6,in,0.2477,5,3,1,0.630535,6.0803,0.1645,1.964
20,6,in,0.2477,5,4,1,0.529824,3.8636,0.1645,1.964
20,6,in,0.2477,5,5,1,0.536013,5.7498,179.3145,1.964
20,6,in,0.2477,5,6,1,0.538925,6.5387,179.3145,1.964
20,6,in,0.2477,5,7,1,0.530530,7.8405,179.6828,1.964
20,6,in,0.2477,6,0,1,0.701262,0.0948,1.0185,1.845
20,6,in,0.2477,6,1,1,0.602390,9.6165,179.4632,1.845
20,6,in,0.2477,6,2,1,0.494397,10.6672,179.5341,1.845
20,6,in,0.2477,6,3,1,0.615568,6.0759,0.0158,1.845
20,6,in,0.2477,6,4,1,0.509697,4.0647,0.0158,1.845
20,6,in,0.2477,6,5,1,0.533097,5.7683,177.4578,1.845
20,6,in,0.2477,6,6,1,0.507532,6.6762,178.4605,1.845
20,6,in,0.2477,6,7,1,0.519718,7.9386,179.4632,1.845
20,6,in,0.2477,7,0,1,0.742988,0.0902,0.2205,1.903
20,6,in,0.2477,7,1,1,0.643941,9.7181,179.2978,1.903
20,6,in,0.2477,7,2,1,0.525864,10.6706,179.2978,1.903
20,6,in,0.2477,7,3,1,0.641581,6.0778,0.2205,1.903
20,6,in,0.2477,7,4,1,0.548391,3.7618,0.7822,1.903
20,6,in,0.2477,7,5,1,0.556782,5.8089,179.6996,1.903
20,6,in,0.2477,7,6,1,0.549736,6.3987,179.6996,1.903
20,6,in,0.2477,7,7,1,0.548552,8.0396,179.6996,1.903
20,6,in,0.2477,8,0,1,0.729707,0.0975,0.9964,1.938
20,6,in,0.2477,8,1,1,0.625071,10.1253,179.5121,1.938
20,6,in,0.2477,8,2,1,0.572307,10.7744,179.5121,1.938
20,6,in,0.2477,8,3,1,0.630934,6.0771,0.0062,1.938
20,6,in,0.2477,8,4,1,0.471949,3.9630,0.0062,1.938
20,6,in,0.2477,8,5,1,0.531419,5.6502,179.5121,1.938
20,6,in,0.2477,8,6,1,0.517790,6.3781,179.5121,1.938
20,6,in,0.2477,8,7,1,0.484438,8.7400,178.4826,1.938
20,6,in,0.2477,9,0,1,0.785852,0.0525,0.0366,1.849
20,6,in,0.2477,9,1,1,0.684519,10.6143,179.4816,1.849
20,6,in,0.2477,9,2,1,0.614451,10.9786,179.4816,1.849
20,6,in,0.2477,9,3,1,0.671212,5.9984,0.0366,1.849
20,6,in,0.2477,9,4,1,0.504091,3.8545,0.0366,1.849
20,6,in,0.2477,9,5,1,0.557448,5.5463,179.5157,1.849
20,6,in,0.2477,9,6,1,0.530606,6.4945,179.4816,1.849
20,6,in,0.2477,9,7,1,0.552621,9.0534,179.5157,1.849
20,6,in,0.2477,10,0,1,0.716947,0.0392,0.1621,1.808
20,6,in,0.2477,10,1,1,0.613496,11.1436,179.6412,1.808
20,6,in,0.2477,10,2,1,0.556404,11.2972,179.6412,1.808
20,6,in,0.2477,10,3,1,0.611289,6.0030,0.1621,1.808
20,6,in,0.2477,10,4,1,0.435733,3.8684,0.8405,1.808
20,6,in,0.2477,10,5,1,0.504703,5.7584,179.6412,1.808
20,6,in,0.2477,10,6,1,0.510845,6.8581,179.6412,1.808
20,6,in,0.2477,10,7,1,0.488955,9.4015,179.6412,1.808
20,6,in,0.2477,11,0,1,0.692949,0.0473,0.3311,2.237
20,6,in,0.2477,11,1,1,0.616995,11.7098,179.8494,2.237
20,6,in,0.2477,11,2,1,0.584302,11.6657,179.8494,2.237
20,6,in,0.2477,11,3,1,0.593278,5.9987,0.3311,2.237
20,6,in,0.2477,11,4,1,0.414953,3.7510,0.3311,2.237
20,6,in,0.2477,11,5,1,0.454501,5.8836,179.8494,2.237
20,6,in,0.2477,11,6,1,0.449546,7.1257,179.1479,2.237
20,6,in,0.2477,11,7,1,0.465144,10.2635,179.1479,2.237
20,7,in,0.2017,0,0,1,0.782908,0.0319,0.1715,254.442
20,7,in,0.2017,0,1,1,0.579364,14.3282,90.4123,254.442
20,7,in,0.2017,0,2,1,0.569441,14.3572,90.0694,254.442
20,7,in,0.2017,0,3,1,0.568057,19.2308,179.6897,254.442
20,7,in,0.2017,0,4,1,0.565341,20.1234,89.4096,254.442
20,7,in,0.2017,0,5,1,0.559150,6.1725,0.1715,254.442
20,7,in,0.2017,0,6,1,0.556712,19.2640,179.3076,254.442
20,7,in,0.2017,0,7,1,0.551293,20.8397,179.6897,254.442
20,7,in,0.2017,1,0,1,0.810522,0.0335,0.1684,1.635
20,7,in,0.2017,1,1,1,0.570325,13.9829,89.4066,1.635
20,7,in,0.2017,1,2,1,0.558345,14.0086,90.0725,1.635
20,7,in,0.2017,1,3,1,0.614042,18.6764,179.6867,1.635
20,7,in,0.2017,1,4,1,0.563087,19.7859,89.4066,1.635
20,7,in,0.2017,1,5,1,0.610130,6.0726,0.1684,1.635
20,7,in,0.2017,1,6,1,0.526825,18.6586,179.6867,1.635
20,7,in,0.2017,1,7,1,0.586103,20.3729,179.6867,1.635
20,7,in,0.2017,2,0,1,0.738022,0.0406,0.4922,1.637
20,7,in,0.2017,2,1,1,0.516833,13.6933,89.7304,1.637
20,7,in,0.2017,2,2,1,0.488755,13.6965,89.7486,1.637
20,7,in,0.2017,2,3,1,0.526999,18.1714,179.9895,1.637
20,7,in,0.2017,2,4,1,0.491544,19.3241,89.7304,1.637
20,7,in,0.2017,2,5,1,0.534543,6.0814,0.4922,1.637
20,7,in,0.2017,2,6,1,0.447165,18.0957,179.9895,1.637
20,7,in,0.2017,2,7,1,0.514993,19.9748,179.9895,1.637
20,7,in,0.2017,3,0,1,0.784557,0.0455,0.1520,1.516
20,7,in,0.2017,3,1,1,0.511259,13.3784,90.3928,1.516
20,7,in,0.2017,3,2,1,0.470836,13.4004,90.0889,1.516
20,7,in,0.2017,3,3,1,0.602850,17.6506,179.6703,1.516
20,7,in,0.2017,3,4,1,0.522506,19.0580,90.3928,1.516
20,7,in,0.2017,3,5,1,0.609172,6.0671,0.1520,1.516
20,7,in,0.2017,3,6,1,0.483625,17.5083,179.6703,1.516
20,7,in,0.2017,3,7,1,0.583390,19.5730,179.6703,1.516
20,7,in,0.2017,4,0,1,0.792536,0.0563,0.0394,1.582
20,7,in,0.2017,4,1,1,0.477906,13.0719,90.2015,1.582
20,7,in,0.2017,4,2,1,0.493998,13.3590,90.2802,1.582
20,7,in,0.2017,4,3,1,0.614694,17.1028,179.4789,1.582
20,7,in,0.2017,4,4,1,0.508867,18.6260,90.2015,1.582
20,7,in,0.2017,4,5,1,0.639156,6.0515,0.0394,1.582
20,7,in,0.2017,4,6,1,0.460639,16.9201,179.5184,1.582
20,7,in,0.2017,4,7,1,0.603753,19.1310,179.4789,1.582
20,7,in,0.2017,5,0,1,0.814267,0.0586,0.0790,1.551
20,7,in,0.2017,5,1,1,0.495099,12.8836,90.3198,1.551
20,7,in,0.2017,5,2,1,0.515101,13.2593,90.1619,1.551
20,7,in,0.2017,5,3,1,0.662377,16.5982,179.5973,1.551
20,7,in,0.2017,5,4,1,0.532392,18.0719,89.3171,1.551
20,7,in,0.2017,5,5,1,0.668935,6.0500,0.0790,1.551
20,7,in,0.2017,5,6,1,0.488938,16.3444,179.4001,1.551
20,7,in,0.2017,5,7,1,0.665668,18.7515,179.5973,1.551
20,7,in,0.2017,6,0,1,0.823864,0.0635,0.0586,1.621
20,7,in,0.2017,6,1,1,0.441735,12.4545,90.1823,1.621
20,7,in,0.2017,6,2,1,0.441964,12.9267,89.2967,1.621
20,7,in,0.2017,6,3,1,0.639132,16.0569,179.5376,1.621
20,7,in,0.2017,6,4,1,0.478093,17.7376,90.1823,1.621
20,7,in,0.2017,6,5,1,0.649394,5.9520,0.0586,1.621
20,7,in,0.2017,6,6,1,0.402632,15.6913,177.4544,1.621
20,7,in,0.2017,6,7,1,0.629255,18.3117,179.5376,1.621
20,7,in,0.2017,7,0,1,0.798255,0.0473,0.3649,1.592
20,7,in,0.2017,7,1,1,0.396057,12.0934,89.8759,1.592
20,7,in,0.2017,7,2,1,0.407722,12.6409,90.6058,1.592
20,7,in,0.2017,7,3,1,0.631824,15.4159,179.1533,1.592
20,7,in,0.2017,7,4,1,0.451883,17.2739,89.8759,1.592
20,7,in,0.2017,7,5,1,0.644591,5.9627,0.3649,1.592
20,7,in,0.2017,7,6,1,0.502064,15.1617,179.1533,1.592
20,7,in,0.2017,7,7,1,0.626433,17.7678,179.1533,1.592
20,7,in,0.2017,8,0,1,0.806991,0.0374,0.2936,1.735
20,7,in,0.2017,8,1,1,0.406222,11.8548,88.9446,1.735
20,7,in,0.2017,8,2,1,0.362739,12.1117,90.5344,1.735
20,7,in,0.2017,8,3,1,0.625689,14.8916,179.2247,1.735
20,7,in,0.2017,8,4,1,0.465037,16.8618,88.9446,1.735
20,7,in,0.2017,8,5,1,0.639333,5.9726,0.2936,1.735
20,7,in,0.2017,8,6,1,0.528124,14.5958,179.2247,1.735
20,7,in,0.2017,8,7,1,0.637112,17.3821,179.2247,1.735
20,7,in,0.2017,9,0,1,0.813643,0.0277,0.1714,1.917
20,7,in,0.2017,9,1,1,0.353283,11.6631,91.0721,1.917
20,7,in,0.2017,9,2,1,0.369606,11.9149,90.4122,1.917
20,7,in,0.2017,9,3,1,0.630889,14.3017,179.3469,1.917
20,7,in,0.2017,9,4,1,0.417476,16.5209,90.0695,1.917
20,7,in,0.2017,9,5,1,0.646092,5.9855,0.1714,1.917
20,7,in,0.2017,9,6,1,0.539120,13.9831,179.3469,1.917
20,7,in,0.2017,9,7,1,0.629649,16.8620,179.3469,1.917
20,7,in,0.2017,10,0,1,0.803351,0.0370,0.2958,1.724
20,7,in,0.2017,10,1,1,0.408063,11.2491,88.9423,1.724
20,7,in,0.2017,10,2,1,0.345343,11.5269,90.5367,1.724
20,7,in,0.2017,10,3,1,0.621050,13.6864,179.2225,1.724
20,7,in,0.2017,10,4,1,0.364244,15.8331,87.9397,1.724
20,7,in,0.2017,10,5,1,0.623582,5.9676,0.2958,1.724
20,7,in,0.2017,10,6,1,0.511044,13.4353,179.2225,1.724
20,7,in,0.2017,10,7,1,0.607523,16.2577,179.2225,1.724
20,7,in,0.2017,11,0,1,0.767058,0.0419,0.2972,1.922
20,7,in,0.2017,11,1,1,0.359189,10.8754,89.9437,1.922
20,7,in,0.2017,11,2,1,0.352756,11.1804,90.5380,1.922
20,7,in,0.2017,11,3,1,0.593745,13.1184,179.2211,1.922
20,7,in,0.2017,11,4,1,0.457926,15.6219,88.9410,1.922
20,7,in,0.2017,11,5,1,0.570946,5.9592,0.2972,1.922
20,7,in,0.2017,11,6,1,0.456448,12.9032,179.2211,1.922
20,7,in,0.2017,11,7,1,0.555162,15.7886,179.2211,1.922
20,8,in,0.6923,0,-1,0,0,0,0,633.095
20,8,in,0.6923,1,-1,0,0,0,0,0.000
20,8,in,0.6923,2,-1,0,0,0,0,0.000
20,8,in,0.6923,3,-1,0,0,0,0,0.000
20,8,in,0.6923,4,-1,0,0,0,0,0.000
20,8,in,0.6923,5,-1,0,0,0,0,0.000
20,8,in,0.6923,6,-1,0,0,0,0,0.000
20,8,in,0.6923,7,-1,0,0,0,0,0.000
20,8,in,0.6923,8,-1,0,0,0,0,0.000
20,8,in,0.6923,9,-1,0,0,0,0,0.000
20,8,in,0.6923,10,-1,0,0,0,0,0.000
20,8,in,0.6923,11,-1,0,0,0,0,0.000
20,9,in,0.4207,0,0,1,0.575294,0.0530,0.5797,637.344
20,9,in,0.4207,0,1,1,0.429165,5.9560,0.5797,637.344
20,9,in,0.4207,0,2,1,0.425834,6.1759,179.9412,637.344
20,9,in,0.4207,0,3,1,0.402047,9.1221,179.9412,637.344
20,9,in,0.4207,1,0,1,0.524176,0.0595,0.1978,0.957
20,9,in,0.4207,1,1,1,0.376516,5.9657,0.1978,0.957
20,9,in,0.4207,1,2,1,0.357256,6.6722,179.6768,0.957
20,9,in,0.4207,1,3,1,0.367063,9.3033,179.6768,0.957
20,9,in,0.4207,2,0,1,0.593786,0.0356,0.1327,0.904
20,9,in,0.4207,2,1,1,0.444121,5.9719,0.1327,0.904
20,9,in,0.4207,2,2,1,0.437005,7.3272,179.6510,0.904
20,9,in,0.4207,2,3,1,0.411098,9.6454,179.3463,0.904
20,9,in,0.4207,3,0,1,0.632904,0.0240,0.1670,5.008
20,9,in,0.4207,3,1,1,0.447212,5.9949,0.1670,5.008
20,9,in,0.4207,3,2,1,0.441663,7.9023,179.6853,5.008
20,9,in,0.4207,3,3,1,0.436841,10.0436,179.3120,5.008
20,9,in,0.4207,4,0,1,0.601274,0.0478,0.2586,0.757
20,9,in,0.4207,4,1,1,0.436526,6.0052,0.2586,0.757
20,9,in,0.4207,4,2,1,0.437464,8.5049,179.7376,0.757
20,9,in,0.4207,4,3,1,0.436712,10.4288,179.7376,0.757
20,9,in,0.4207,5,0,1,0.576944,0.0354,0.1463,0.807
20,9,in,0.4207,5,1,1,0.425307,6.0032,0.1463,0.807
20,9,in,0.4207,5,2,1,0.436015,9.0738,179.6253,0.807
20,9,in,0.4207,5,3,1,0.433515,10.8155,179.6253,0.807
20,9,in,0.4207,6,0,1,0.606063,0.0300,0.3719,6.671
20,9,in,0.4207,6,1,1,0.434751,6.0024,0.3719,6.671
20,9,in,0.4207,6,2,1,0.436304,9.6667,179.8901,6.671
20,9,in,0.4207,6,3,1,0.459949,11.2894,179.8901,6.671
20,9,in,0.4207,7,0,1,0.571660,0.0248,0.0573,0.925
20,9,in,0.4207,7,1,1,0.401860,6.0000,0.0573,0.925
20,9,in,0.4207,7,2,1,0.424449,10.2574,179.5363,0.925
20,9,in,0.4207,7,3,1,0.397488,11.8322,179.5363,0.925
20,9,in,0.4207,8,0,1,0.573038,0.0322,0.4974,0.671
20,9,in,0.4207,8,1,1,0.460623,6.0023,0.4974,0.671
20,9,in,0.4207,8,2,1,0.462138,10.8638,179.9843,0.671
20,9,in,0.4207,8,3,1,0.460554,12.3415,179.9843,0.671
20,9,in,0.4207,9,0,1,0.596706,0.0253,0.2264,0.648
20,9,in,0.4207,9,1,1,0.446046,6.0107,0.2264,0.648
20,9,in,0.4207,9,2,1,0.440031,11.4275,179.7054,0.648
20,9,in,0.4207,9,3,1,0.428250,12.7472,179.7054,0.648
20,9,in,0.4207,10,0,1,0.512436,0.0250,0.2467,0.896
20,9,in,0.4207,10,1,1,0.437483,5.9995,0.2467,0.896
20,9,in,0.4207,10,2,1,0.425465,11.9888,179.7257,0.896
20,9,in,0.4207,10,3,1,0.418201,13.1500,179.7257,0.896
20,9,in,0.4207,11,0,1,0.600193,0.0476,0.2374,0.861
20,9,in,0.4207,11,1,1,0.496439,6.0193,0.2374,0.861
20,9,in,0.4207,11,2,1,0.477998,12.5293,179.7557,0.861
20,9,in,0.4207,11,3,1,0.492487,13.5023,179.7557,0.861
20,10,in,0.6004,0,0,1,0.422915,0.0340,0.1147,669.328
20,10,in,0.6004,1,0,1,0.431353,0.0789,0.2380,0.204
20,10,in,0.6004,2,0,1,0.402284,0.0428,0.5252,0.226
20,10,in,0.6004,3,0,1,0.436129,0.0737,0.5325,0.201
20,10,in,0.6004,4,0,1,0.401340,0.0641,0.8452,0.186
20,10,in,0.6004,5,0,1,0.426840,0.0582,1.3098,0.173
20,10,in,0.6004,6,0,1,0.399935,0.0646,0.5573,0.184
20,10,in,0.6004,7,0,1,0.466731,0.0594,0.8330,4.384
20,10,in,0.6004,8,0,1,0.422528,0.0686,0.5313,0.312
20,10,in,0.6004,9,0,1,0.360743,0.0774,0.3840,0.284
20,10,in,0.6004,10,0,1,0.440405,0.0825,0.2570,0.253
20,10,in,0.6004,11,0,1,0.398603,0.0543,0.1383,0.190
20,11,in,0.2040,0,0,1,0.727871,0.0412,0.2455,267.798
20,11,in,0.2040,0,1,1,0.578588,11.4990,179.7638,267.798
20,11,in,0.2040,0,2,1,0.522510,13.4068,89.9953,267.798
20,11,in,0.2040,0,3,1,0.518152,13.3502,90.4864,267.798
20,11,in,0.2040,0,4,1,0.503976,18.9293,179.7638,267.798
20,11,in,0.2040,0,5,1,0.495893,6.4935,0.7571,267.798
20,11,in,0.2040,0,6,1,0.493784,3.7936,0.2455,267.798
20,11,in,0.2040,0,7,1,0.486849,9.2004,179.7638,267.798
20,11,in,0.2040,1,0,1,0.774217,0.0152,0.5438,1.747
20,11,in,0.2040,1,1,1,0.612513,10.9732,179.9772,1.747
20,11,in,0.2040,1,2,1,0.394279,13.2720,88.7793,1.747
20,11,in,0.2040,1,3,1,0.527087,13.3066,89.6971,1.747
20,11,in,0.2040,1,4,1,0.481866,18.8025,179.9772,1.747
20,11,in,0.2040,1,5,1,0.584258,6.4989,0.5438,1.747
20,11,in,0.2040,1,6,1,0.555805,4.0958,0.5438,1.747
20,11,in,0.2040,1,7,1,0.551808,8.6734,179.9772,1.747
20,11,in,0.2040,2,0,1,0.813010,0.0182,0.0493,1.488
20,11,in,0.2040,2,1,1,0.626915,10.3845,179.5283,1.488
20,11,in,0.2040,2,2,1,0.469778,13.2317,90.2901,1.488
20,11,in,0.2040,2,3,1,0.559530,13.1709,90.1916,1.488
20,11,in,0.2040,2,4,1,0.521919,18.6347,179.5283,1.488
20,11,in,0.2040,2,5,1,0.571016,6.4200,0.0493,1.488
20,11,in,0.2040,2,6,1,0.549832,4.2170,0.0493,1.488
20,11,in,0.2040,2,7,1,0.524791,8.1861,179.4690,1.488
20,11,in,0.2040,3,0,1,0.780761,0.0169,0.1947,1.769
20,11,in,0.2040,3,1,1,0.631441,9.8051,179.6737,1.769
20,11,in,0.2040,3,2,1,0.570489,13.0522,90.4355,1.769
20,11,in,0.2040,3,3,1,0.525486,13.0321,90.0462,1.769
20,11,in,0.2040,3,4,1,0.516793,18.4411,179.6737,1.769
20,11,in,0.2040,3,5,1,0.612352,6.5194,0.1947,1.769
20,11,in,0.2040,3,6,1,0.571388,3.9163,0.1947,1.769
20,11,in,0.2040,3,7,1,0.528847,7.8043,179.6737,1.769
20,11,in,0.2040,4,0,1,0.766331,0.0209,0.4269,1.534
20,11,in,0.2040,4,1,1,0.610178,9.2106,179.9059,1.534
20,11,in,0.2040,4,2,1,0.540665,12.8886,89.6651,1.534
20,11,in,0.2040,4,3,1,0.527386,12.8640,89.8139,1.534
20,11,in,0.2040,4,4,1,0.514292,18.2097,179.9059,1.534
20,11,in,0.2040,4,5,1,0.561244,6.4236,0.4269,1.534
20,11,in,0.2040,4,6,1,0.556763,3.9205,0.4269,1.534
20,11,in,0.2040,4,7,1,0.531662,7.0108,179.9059,1.534
20,11,in,0.2040,5,0,1,0.734150,0.0234,0.1832,1.569
20,11,in,0.2040,5,1,1,0.595726,8.6521,179.7015,1.569
20,11,in,0.2040,5,2,1,0.514926,12.7654,90.0576,1.569
20,11,in,0.2040,5,3,1,0.514381,12.7672,89.4214,1.569
20,11,in,0.2040,5,4,1,0.487065,18.0539,179.7015,1.569
20,11,in,0.2040,5,5,1,0.514764,6.3101,0.8195,1.569
20,11,in,0.2040,5,6,1,0.527175,3.9070,0.1832,1.569
20,11,in,0.2040,5,7,1,0.497863,6.6615,179.7015,1.569
20,11,in,0.2040,6,0,1,0.783140,0.0146,0.0331,1.584
20,11,in,0.2040,6,1,1,0.583716,8.0902,179.4852,1.584
20,11,in,0.2040,6,2,1,0.526331,12.7236,90.2739,1.584
20,11,in,0.2040,6,3,1,0.523581,12.6972,90.2078,1.584
20,11,in,0.2040,6,4,1,0.499647,17.9750,179.4852,1.584
20,11,in,0.2040,6,5,1,0.524746,6.3193,0.0331,1.584
20,11,in,0.2040,6,6,1,0.549477,3.7141,0.0331,1.584
20,11,in,0.2040,6,7,1,0.502175,5.9979,179.4852,1.584
20,11,in,0.2040,7,0,1,0.792544,0.0101,0.0428,1.508
20,11,in,0.2040,7,1,1,0.622742,7.5973,179.4755,1.508
20,11,in,0.2040,7,2,1,0.539502,12.7326,90.2837,1.508
20,11,in,0.2040,7,3,1,0.553247,12.7199,90.1980,1.508
20,11,in,0.2040,7,4,1,0.509027,17.9950,179.4755,1.508
20,11,in,0.2040,7,5,1,0.552059,6.2141,0.0428,1.508
20,11,in,0.2040,7,6,1,0.565062,4.0089,0.0428,1.508
20,11,in,0.2040,7,7,1,0.545485,5.3204,179.4755,1.508
20,11,in,0.2040,8,0,1,0.767625,0.0244,0.2377,1.783
20,11,in,0.2040,8,1,1,0.602357,7.1040,179.2806,1.783
20,11,in,0.2040,8,2,1,0.509627,12.7617,90.4785,1.783
20,11,in,0.2040,8,3,1,0.507608,12.7415,90.0032,1.783
20,11,in,0.2040,8,4,1,0.472613,18.0283,179.7167,1.783
20,11,in,0.2040,8,5,1,0.542756,6.3251,0.2377,1.783
20,11,in,0.2040,8,6,1,0.544187,4.3200,0.2377,1.783
20,11,in,0.2040,8,7,1,0.535177,5.1668,179.7167,1.783
20,11,in,0.2040,9,0,1,0.803025,0.0208,0.3280,1.449
20,11,in,0.2040,9,1,1,0.685329,6.6909,179.8070,1.449
20,11,in,0.2040,9,2,1,0.541576,12.8589,89.5662,1.449
20,11,in,0.2040,9,3,1,0.537903,12.8398,89.9129,1.449
20,11,in,0.2040,9,4,1,0.499945,18.1690,179.8070,1.449
20,11,in,0.2040,9,5,1,0.598279,6.4234,0.6747,1.449
20,11,in,0.2040,9,6,1,0.601673,4.6182,0.6747,1.449
20,11,in,0.2040,9,7,1,0.601067,4.5816,179.8070,1.449
20,11,in,0.2040,10,0,1,0.749170,0.0158,0.1785,1.482
20,11,in,0.2040,10,1,1,0.611645,6.3524,179.6575,1.482
20,11,in,0.2040,10,2,1,0.513163,13.0031,90.4193,1.482
20,11,in,0.2040,10,3,1,0.538154,12.9850,90.0624,1.482
20,11,in,0.2040,10,4,1,0.476474,18.3742,179.6575,1.482
20,11,in,0.2040,10,5,1,0.556369,6.5168,0.1785,1.482
20,11,in,0.2040,10,6,1,0.588957,4.8116,0.1785,1.482
20,11,in,0.2040,10,7,1,0.553195,4.4018,179.6575,1.482
20,11,in,0.2040,11,0,1,0.746844,0.0103,0.6244,1.390
20,11,in,0.2040,11,1,1,0.631223,5.9497,179.8966,1.390
20,11,in,0.2040,11,2,1,0.490490,13.0632,89.8626,1.390
20,11,in,0.2040,11,3,1,0.513752,13.0554,89.6165,1.390
20,11,in,0.2040,11,4,1,0.459667,18.4690,179.8966,1.390
20,11,in,0.2040,11,5,1,0.544566,6.7105,0.6244,1.390
20,11,in,0.2040,11,6,1,0.561270,4.8053,0.6244,1.390
20,11,in,0.2040,11,7,1,0.556448,4.2475,179.8966,1.390
20,12,in,0.4879,0,0,1,0.512774,0.0627,0.0664,580.104
20,12,in,0.4879,0,1,1,0.434775,6.1016,0.0664,580.104
20,12,in,0.4879,0,2,1,0.411434,19.3140,179.4519,580.104
20,12,in,0.4879,0,3,1,0.410675,16.8941,179.4519,580.104
20,12,in,0.4879,1,0,1,0.544608,0.0600,0.2860,1.037
20,12,in,0.4879,1,1,1,0.449562,6.1045,0.2860,1.037
20,12,in,0.4879,1,2,1,0.407185,19.3100,179.8043,1.037
20,12,in,0.4879,1,3,1,0.401608,16.8906,179.8043,1.037
20,12,in,0.4879,2,0,1,0.430382,0.0521,0.3942,0.898
20,12,in,0.4879,2,1,1,0.338462,6.1193,0.3942,0.898
20,12,in,0.4879,2,2,1,0.312178,19.0158,179.9125,0.898
20,12,in,0.4879,2,3,1,0.317406,16.6762,178.9098,0.898
20,12,in,0.4879,3,0,1,0.520149,0.0868,0.5697,0.774
20,12,in,0.4879,3,1,1,0.408359,6.0275,0.4330,0.774
20,12,in,0.4879,3,2,1,0.408747,18.5593,179.9513,0.774
20,12,in,0.4879,3,3,1,0.404947,16.3714,179.9513,0.774
20,12,in,0.4879,4,0,1,0.500552,0.0538,0.0855,4.838
20,12,in,0.4879,4,1,1,0.414752,6.0166,0.0855,4.838
20,12,in,0.4879,4,2,1,0.386543,18.0145,179.6038,4.838
20,12,in,0.4879,4,3,1,0.381539,16.0602,179.6038,4.838
20,12,in,0.4879,5,0,1,0.465205,0.0474,0.5211,0.877
20,12,in,0.4879,5,1,1,0.358031,6.0222,0.5211,0.877
20,12,in,0.4879,5,2,1,0.360357,17.5529,179.0367,0.877
20,12,in,0.4879,5,3,1,0.358636,15.7541,179.9606,0.877
20,12,in,0.4879,6,0,1,0.595047,0.0447,0.2970,0.762
20,12,in,0.4879,6,1,1,0.482697,5.9135,0.2970,0.762
20,12,in,0.4879,6,2,1,0.478988,17.0709,179.7761,0.762
20,12,in,0.4879,6,3,1,0.465145,15.2834,179.2213,0.762
20,12,in,0.4879,7,0,1,0.587915,0.0481,0.0728,0.818
20,12,in,0.4879,7,1,1,0.495946,6.0159,0.0728,0.818
20,12,in,0.4879,7,2,1,0.427359,16.4452,179.4455,0.818
20,12,in,0.4879,7,3,1,0.454285,14.8833,179.4455,0.818
20,12,in,0.4879,8,0,1,0.459538,0.0575,0.0361,0.829
20,12,in,0.4879,8,1,1,0.354030,6.0186,0.0361,0.829
20,12,in,0.4879,8,2,1,0.321539,15.8930,179.4822,0.829
20,12,in,0.4879,8,3,1,0.348251,14.4490,179.4822,0.829
20,12,in,0.4879,9,0,1,0.541691,0.0493,0.2855,4.551
20,12,in,0.4879,9,1,1,0.418781,5.9937,0.2855,4.551
20,12,in,0.4879,9,2,1,0.387372,15.2825,179.8038,4.551
20,12,in,0.4879,9,3,1,0.419839,13.9813,178.8011,4.551
20,12,in,0.4879,10,0,1,0.474283,0.0351,0.0605,0.815
20,12,in,0.4879,10,1,1,0.389117,6.0974,0.0605,0.815
20,12,in,0.4879,10,2,1,0.362621,14.8088,179.5788,0.815
20,12,in,0.4879,10,3,1,0.370225,13.5604,179.4185,0.815
20,12,in,0.4879,11,0,1,0.534295,0.0394,0.5075,0.931
20,12,in,0.4879,11,1,1,0.351847,5.9813,0.5075,0.931
20,12,in,0.4879,11,2,1,0.349958,14.2808,179.9866,0.931
20,12,in,0.4879,11,3,1,0.354612,13.2821,179.9866,0.931
20,13,in,0.7590,0,-1,0,0,0,0,591.819
20,13,in,0.7590,1,-1,0,0,0,0,0.000
20,13,in,0.7590,2,-1,0,0,0,0,0.000
20,13,in,0.7590,3,-1,0,0,0,0,0.000
20,13,in,0.7590,4,-1,0,0,0,0,0.000
20,13,in,0.7590,5,-1,0,0,0,0,0.000
20,13,in,0.7590,6,-1,0,0,0,0,0.000
20,13,in,0.7590,7,-1,0,0,0,0,0.000
20,13,in,0.7590,8,-1,0,0,0,0,0.000
20,13,in,0.7590,9,-1,0,0,0,0,0.000
20,13,in,0.7590,10,-1,0,0,0,0,0.000
20,13,in,0.7590,11,-1,0,0,0,0,0.000
20,14,in,0.1377,0,0,1,0.845878,0.0127,0.3171,245.307
20,14,in,0.1377,0,1,1,0.741668,14.2025,179.7962,245.307
20,14,in,0.1377,0,2,1,0.680117,6.7114,0.3171,245.307
20,14,in,0.1377,0,3,1,0.673624,1.9114,0.3171,245.307
20,14,in,0.1377,0,4,1,0.665882,8.8114,0.3171,245.307
20,14,in,0.1377,0,5,1,0.661809,3.0114,0.3171,245.307
20,14,in,0.1377,0,6,1,0.660019,14.7234,89.5553,245.307
20,14,in,0.1377,0,7,1,0.639168,11.7114,0.3171,245.307
20,14,in,0.1377,1,0,1,0.818038,0.0212,0.0407,5.582
20,14,in,0.1377,1,1,1,0.654048,14.5611,179.4383,5.582
20,14,in,0.1377,1,2,1,0.662174,6.5211,0.0407,5.582
20,14,in,0.1377,1,3,1,0.659538,2.0211,0.0407,5.582
20,14,in,0.1377,1,4,1,0.634204,8.8211,0.0407,5.582
20,14,in,0.1377,1,5,1,0.653218,2.7211,0.0407,5.582
20,14,in,0.1377,1,6,1,0.621994,15.1375,90.2001,5.582
20,14,in,0.1377,1,7,1,0.623043,11.9211,0.0407,5.582
20,14,in,0.1377,2,0,1,0.787044,0.0144,0.1502,1.706
20,14,in,0.1377,2,1,1,0.650314,14.9144,179.6292,1.706
20,14,in,0.1377,2,2,1,0.597907,6.8136,0.1502,1.706
20,14,in,0.1377,2,3,1,0.587320,2.0136,0.1502,1.706
20,14,in,0.1377,2,4,1,0.588925,8.8136,0.1502,1.706
20,14,in,0.1377,2,5,1,0.593554,2.7136,0.1502,1.706
20,14,in,0.1377,2,6,1,0.606064,15.5587,90.3911,1.706
20,14,in,0.1377,2,7,1,0.563518,12.0136,0.1502,1.706
20,14,in,0.1377,3,0,1,0.814281,0.0132,0.1118,5.677
20,14,in,0.1377,3,1,1,0.647828,15.2485,179.3672,5.677
20,14,in,0.1377,3,2,1,0.598367,6.6130,0.1118,5.677
20,14,in,0.1377,3,3,1,0.585142,2.3130,0.1118,5.677
20,14,in,0.1377,3,4,1,0.596987,8.8130,0.1118,5.677
20,14,in,0.1377,3,5,1,0.584013,2.4130,0.1118,5.677
20,14,in,0.1377,3,6,1,0.667186,15.9875,90.1291,5.677
20,14,in,0.1377,3,7,1,0.574543,11.8130,0.1118,5.677
20,14,in,0.1377,4,0,1,0.821602,0.0309,0.2264,1.639
20,14,in,0.1377,4,1,1,0.622317,15.5491,179.7054,1.639
20,14,in,0.1377,4,2,1,0.601125,6.6305,0.2264,1.639
20,14,in,0.1377,4,3,1,0.584438,2.0305,0.2264,1.639
20,14,in,0.1377,4,4,1,0.593647,8.8305,0.2264,1.639
20,14,in,0.1377,4,5,1,0.580129,2.1305,0.2264,1.639
20,14,in,0.1377,4,6,1,0.668665,16.4087,90.4672,1.639
20,14,in,0.1377,4,7,1,0.561522,11.9305,0.2264,1.639
20,14,in,0.1377,5,0,1,0.835249,0.0479,0.6057,1.638
20,14,in,0.1377,5,1,1,0.608727,15.8433,179.9152,1.638
20,14,in,0.1377,5,2,1,0.597162,6.3333,0.6057,1.638
20,14,in,0.1377,5,3,1,0.593742,2.0335,0.6057,1.638
20,14,in,0.1377,5,4,1,0.594371,8.9332,0.6057,1.638
20,14,in,0.1377,5,5,1,0.593742,2.0335,0.6057,1.638
20,14,in,0.1377,5,6,1,0.681689,16.8438,89.8439,1.638
20,14,in,0.1377,5,7,1,0.563397,12.2332,0.6057,1.638
20,14,in,0.1377,6,0,1,0.829270,0.0490,0.1628,1.722
20,14,in,0.1377,6,1,1,0.568885,16.2177,179.3555,1.722
20,14,in,0.1377,6,2,1,0.610988,6.6567,1.1655,1.722
20,14,in,0.1377,6,3,1,0.590384,1.9568,1.1655,1.722
20,14,in,0.1377,6,4,1,0.616921,8.8567,1.1655,1.722
20,14,in,0.1377,6,5,1,0.590384,1.9568,1.1655,1.722
20,14,in,0.1377,6,6,1,0.662710,17.2541,89.4010,1.722
20,14,in,0.1377,6,7,1,0.580608,11.9567,1.1655,1.722
20,14,in,0.1377,7,0,1,0.849056,0.0521,0.0199,1.696
20,14,in,0.1377,7,1,1,0.569646,16.5982,179.4984,1.696
20,14,in,0.1377,7,2,1,0.583168,6.6723,1.0226,1.696
20,14,in,0.1377,7,3,1,0.591210,1.9727,1.0226,1.696
20,14,in,0.1377,7,4,1,0.602166,8.7723,1.0226,1.696
20,14,in,0.1377,7,5,1,0.591210,1.9727,1.0226,1.696
20,14,in,0.1377,7,6,1,0.704320,17.6918,90.2607,1.696
20,14,in,0.1377,7,7,1,0.563805,11.7723,1.0226,1.696
20,14,in,0.1377,8,0,1,0.864874,0.0458,0.4345,5.701
20,14,in,0.1377,8,1,1,0.477226,16.9890,179.9135,5.701
20,14,in,0.1377,8,2,1,0.635989,6.6798,1.4372,5.701
20,14,in,0.1377,8,3,1,0.648651,2.0801,0.4345,5.701
20,14,in,0.1377,8,4,1,0.665587,8.9797,1.4372,5.701
20,14,in,0.1377,8,5,1,0.648651,2.0801,0.4345,5.701
20,14,in,0.1377,8,6,1,0.746061,18.1081,89.6727,5.701
20,14,in,0.1377,8,7,1,0.628646,11.7797,1.4372,5.701
20,14,in,0.1377,9,0,1,0.847906,0.0378,0.2059,1.569
20,14,in,0.1377,9,1,1,0.483781,16.9799,179.3123,1.569
20,14,in,0.1377,9,2,1,0.610648,6.6884,1.2086,1.569
20,14,in,0.1377,9,3,1,0.608598,2.3886,1.2086,1.569
20,14,in,0.1377,9,4,1,0.636331,8.8884,1.2086,1.569
20,14,in,0.1377,9,5,1,0.608598,2.3886,1.2086,1.569
20,14,in,0.1377,9,6,1,0.702856,18.1052,89.4441,1.569
20,14,in,0.1377,9,7,1,0.596274,11.8883,2.2113,1.569
20,14,in,0.1377,10,0,1,0.825094,0.0356,0.1259,5.742
20,14,in,0.1377,10,1,1,0.440299,17.6005,179.3531,5.742
20,14,in,0.1377,10,2,1,0.585434,6.8757,0.8767,5.742
20,14,in,0.1377,10,3,1,0.603832,2.3759,0.8767,5.742
20,14,in,0.1377,10,4,1,0.610093,8.8757,0.8767,5.742
20,14,in,0.1377,10,5,1,0.603832,2.3759,0.8767,5.742
20,14,in,0.1377,10,6,1,0.698928,18.2173,90.1149,5.742
20,14,in,0.1377,10,7,1,0.584172,11.8735,0.8767,5.742
20,14,in,0.1377,11,0,1,0.784770,0.0612,0.1152,1.720
20,14,in,0.1377,11,1,1,0.470136,18.0259,179.4031,1.720
20,14,in,0.1377,11,2,1,0.500382,7.1474,1.1179,1.720
20,14,in,0.1377,11,3,1,0.512857,2.0477,2.1206,1.720
20,14,in,0.1377,11,4,1,0.526653,8.9474,1.1179,1.720
20,14,in,0.1377,11,5,1,0.512857,2.0477,2.1206,1.720
20,14,in,0.1377,11,6,1,0.652236,18.3397,89.3534,1.720
20,14,in,0.1377,11,7,1,0.498214,12.1451,1.1179,1.720
20,15,in,0.5516,0,0,1,0.452018,0.0492,0.3549,640.773
20,15,in,0.5516,1,0,1,0.534156,0.0692,0.4573,0.177
20,15,in,0.5516,2,0,1,0.430746,0.0504,0.0319,0.196
20,15,in,0.5516,3,0,1,0.472232,0.0504,0.5486,0.186
20,15,in,0.5516,4,0,1,0.496937,0.0541,0.4018,0.176
20,15,in,0.5516,5,0,1,0.503292,0.0481,0.4491,0.172
20,15,in,0.5516,6,0,1,0.525645,0.0403,0.5184,0.187
20,15,in,0.5516,7,0,1,0.448926,0.0535,0.6279,0.194
20,15,in,0.5516,8,0,1,0.439496,0.0662,0.1407,0.177
20,15,in,0.5516,9,0,1,0.473153,0.0408,0.3687,0.198
20,15,in,0.5516,10,0,1,0.439364,0.0057,0.1249,0.191
20,15,in,0.5516,11,0,1,0.483698,0.0242,0.1397,0.161
20,16,in,0.5220,0,0,1,0.472738,0.0921,0.2142,317.376
20,16,in,0.5220,0,1,1,0.462684,14.1073,179.6932,317.376
20,16,in,0.5220,0,2,1,0.450124,16.6496,179.6932,317.376
20,16,in,0.5220,0,3,1,0.428798,5.9161,0.2142,317.376
20,16,in,0.5220,1,0,1,0.511595,0.0870,0.0201,0.881
20,16,in,0.5220,1,1,1,0.455834,13.9231,179.4992,0.881
20,16,in,0.5220,1,2,1,0.462855,16.6188,179.4992,0.881
20,16,in,0.5220,1,3,1,0.458079,5.9152,0.0201,0.881
20,16,in,0.5220,2,0,1,0.532343,0.0279,0.6721,0.892
20,16,in,0.5220,2,1,1,0.478902,13.7444,179.8096,0.892
20,16,in,0.5220,2,2,1,0.480230,16.7408,179.8096,0.892
20,16,in,0.5220,2,3,1,0.473686,5.9082,0.3306,0.892
20,16,in,0.5220,3,0,1,0.555451,0.0211,0.1088,0.845
20,16,in,0.5220,3,1,1,0.496883,13.7375,179.5878,0.845
20,16,in,0.5220,3,2,1,0.501400,16.6723,179.5878,0.845
20,16,in,0.5220,3,3,1,0.495341,5.9083,0.1088,0.845
20,16,in,0.5220,4,0,1,0.478989,0.0222,0.3305,0.812
20,16,in,0.5220,4,1,1,0.445815,14.3286,179.8488,0.812
20,16,in,0.5220,4,2,1,0.417031,17.2652,179.8488,0.812
20,16,in,0.5220,4,3,1,0.423438,5.9087,0.3305,0.812
20,16,in,0.5220,5,0,1,0.543915,0.0243,0.0524,1.193
20,16,in,0.5220,5,1,1,0.498317,14.3331,179.5707,1.193
20,16,in,0.5220,5,2,1,0.514609,17.2703,179.5707,1.193
20,16,in,0.5220,5,3,1,0.488049,6.0047,0.0524,1.193
20,16,in,0.5220,6,0,1,0.553749,0.0314,0.2824,0.799
20,16,in,0.5220,6,1,1,0.496612,14.5033,179.8007,0.799
20,16,in,0.5220,6,2,1,0.483866,17.2660,179.8007,0.799
20,16,in,0.5220,6,3,1,0.505806,6.0152,0.2824,0.799
20,16,in,0.5220,7,0,1,0.520948,0.0925,0.0989,0.923
20,16,in,0.5220,7,1,1,0.461671,14.6386,179.4194,0.923
20,16,in,0.5220,7,2,1,0.459703,17.2098,179.4194,0.923
20,16,in,0.5220,7,3,1,0.453549,5.9244,0.0989,0.923
20,16,in,0.5220,8,0,1,0.447811,0.0448,0.3736,0.775
20,16,in,0.5220,8,1,1,0.411507,14.9105,179.1447,0.775
20,16,in,0.5220,8,2,1,0.405135,17.2315,179.1447,0.775
20,16,in,0.5220,8,3,1,0.384982,5.9181,0.3736,0.775
20,16,in,0.5220,9,0,1,0.572553,0.0377,0.7580,0.739
20,16,in,0.5220,9,1,1,0.492488,15.0635,179.7629,0.739
20,16,in,0.5220,9,2,1,0.501250,17.2045,179.7629,0.739
20,16,in,0.5220,9,3,1,0.466045,6.0037,0.2447,0.739
20,16,in,0.5220,10,0,1,0.481789,0.0496,0.4885,0.854
20,16,in,0.5220,10,1,1,0.426277,15.2628,179.9676,0.854
20,16,in,0.5220,10,2,1,0.429518,17.1955,179.9676,0.854
20,16,in,0.5220,10,3,1,0.398376,5.9164,0.4885,0.854
20,16,in,0.5220,11,0,1,0.478151,0.0385,0.3329,0.827
20,16,in,0.5220,11,1,1,0.398552,15.6201,179.8512,0.827
20,16,in,0.5220,11,2,1,0.410620,17.3492,179.8512,0.827
20,16,in,0.5220,11,3,1,0.399089,5.9966,0.3329,0.827
20,17,in,0.7779,0,-1,0,0,0,0,561.992
20,17,in,0.7779,1,-1,0,0,0,0,0.000
20,17,in,0.7779,2,-1,0,0,0,0,0.000
20,17,in,0.7779,3,-1,0,0,0,0,0.000
20,17,in,0.7779,4,-1,0,0,0,0,0.000
20,17,in,0.7779,5,-1,0,0,0,0,0.000
20,17,in,0.7779,6,-1,0,0,0,0,0.000
20,17,in,0.7779,7,-1,0,0,0,0,0.000
20,17,in,0.7779,8,-1,0,0,0,0,0.000
20,17,in,0.7779,9,-1,0,0,0,0,0.000
20,17,in,0.7779,10,-1,0,0,0,0,0.000
20,17,in,0.7779,11,-1,0,0,0,0,0.000
20,18,in,0.7009,0,-1,0,0,0,0,518.821
20,18,in,0.7009,1,-1,0,0,0,0,0.000
20,18,in,0.7009,2,-1,0,0,0,0,0.000
20,18,in,0.7009,3,-1,0,0,0,0,0.000
20,18,in,0.7009,4,-1,0,0,0,0,0.000
20,18,in,0.7009,5,-1,0,0,0,0,0.000
20,18,in,0.7009,6,-1,0,0,0,0,0.000
20,18,in,0.7009,7,-1,0,0,0,0,0.000
20,18,in,0.7009,8,-1,0,0,0,0,0.000
20,18,in,0.7009,9,-1,0,0,0,0,0.000
20,18,in,0.7009,10,-1,0,0,0,0,0.000
20,18,in,0.7009,11,-1,0,0,0,0,0.000
20,19,in,0.3949,0,0,1,0.613519,0.0483,0.1536,395.049
20,19,in,0.3949,0,1,1,0.519793,13.3502,179.6719,395.049
20,19,in,0.3949,0,2,1,0.470751,15.3057,90.0873,395.049
20,19,in,0.3949,0,3,1,0.462403,21.6134,179.6719,395.049
20,19,in,0.3949,0,4,1,0.461758,15.2603,89.4310,395.049
20,19,in,0.3949,0,5,1,0.455326,4.6441,0.1536,395.049
20,19,in,0.3949,0,6,1,0.452198,6.3441,0.1536,395.049
20,19,in,0.3949,0,7,1,0.447821,15.3098,179.6719,395.049
20,19,in,0.3949,1,0,1,0.503792,0.0467,0.4545,5.642
20,19,in,0.3949,1,1,1,0.411262,13.2941,179.9728,5.642
20,19,in,0.3949,1,2,1,0.364098,14.9261,89.7863,5.642
20,19,in,0.3949,1,3,1,0.366471,21.1546,179.9728,5.642
20,19,in,0.3949,1,4,1,0.365794,14.9816,89.7320,5.642
20,19,in,0.3949,1,5,1,0.391863,4.6410,0.4545,5.642
20,19,in,0.3949,1,6,1,0.401890,6.6410,0.4545,5.642
20,19,in,0.3949,1,7,1,0.357450,15.1716,179.0245,5.642
20,19,in,0.3949,2,0,1,0.511397,0.0537,0.3004,1.608
20,19,in,0.3949,2,1,1,0.419531,13.4293,179.8187,1.608
20,19,in,0.3949,2,2,1,0.339397,14.4346,89.9405,1.608
20,19,in,0.3949,2,3,1,0.412849,20.8131,179.8187,1.608
20,19,in,0.3949,2,4,1,0.402258,14.7032,89.5778,1.608
20,19,in,0.3949,2,5,1,0.375777,4.9401,0.3004,1.608
20,19,in,0.3949,2,6,1,0.399305,6.5401,0.3004,1.608
20,19,in,0.3949,2,7,1,0.371981,14.8739,179.1786,1.608
20,19,in,0.3949,3,0,1,0.529432,0.0637,0.2867,5.671
20,19,in,0.3949,3,1,1,0.432758,13.4676,179.7658,5.671
20,19,in,0.3949,3,2,1,0.323003,14.1364,89.5249,5.671
20,19,in,0.3949,3,3,1,0.412459,20.4010,179.7658,5.671
20,19,in,0.3949,3,4,1,0.405522,14.4192,89.9934,5.671
20,19,in,0.3949,3,5,1,0.388441,5.2387,0.2867,5.671
20,19,in,0.3949,3,6,1,0.399371,6.4387,0.2867,5.671
20,19,in,0.3949,3,7,1,0.375487,14.7549,178.7631,5.671
20,19,in,0.3949,4,0,1,0.625869,0.0528,0.4163,1.731
20,19,in,0.3949,4,1,1,0.468685,13.5224,179.9346,1.731
20,19,in,0.3949,4,2,1,0.330987,13.7994,89.8245,1.731
20,19,in,0.3949,4,3,1,0.421036,19.9867,179.9346,1.731
20,19,in,0.3949,4,4,1,0.430544,14.1667,89.6938,1.731
20,19,in,0.3949,4,5,1,0.453889,5.1298,0.4163,1.731
20,19,in,0.3949,4,6,1,0.459818,6.7297,0.4163,1.731
20,19,in,0.3949,4,7,1,0.362444,14.6103,179.0627,1.731
20,19,in,0.3949,5,0,1,0.605521,0.0609,0.5658,5.777
20,19,in,0.3949,5,1,1,0.483910,13.8153,178.9525,5.777
20,19,in,0.3949,5,2,1,0.310144,13.5372,89.8040,5.777
20,19,in,0.3949,5,3,1,0.414394,19.7642,179.9552,5.777
20,19,in,0.3949,5,4,1,0.404209,14.0172,89.7143,5.777
20,19,in,0.3949,5,5,1,0.458717,5.0340,0.5658,5.777
20,19,in,0.3949,5,6,1,0.461422,6.8340,0.5658,5.777
20,19,in,0.3949,5,7,1,0.394526,14.5852,179.9552,5.777
20,19,in,0.3949,6,0,1,0.549134,0.0599,0.5177,1.855
20,19,in,0.3949,6,1,1,0.481698,14.1694,179.9967,1.855
20,19,in,0.3949,6,2,1,0.255856,13.2599,89.7559,1.855
20,19,in,0.3949,6,3,1,0.252925,19.6662,177.9914,1.855
20,19,in,0.3949,6,4,1,0.403215,13.7607,89.7624,1.855
20,19,in,0.3949,6,5,1,0.371447,4.7446,0.5177,1.855
20,19,in,0.3949,6,6,1,0.399155,6.7445,0.4850,1.855
20,19,in,0.3949,6,7,1,0.408392,14.6462,178.9941,1.855
20,19,in,0.3949,7,0,1,0.634354,0.0584,0.3827,1.715
20,19,in,0.3949,7,1,1,0.503333,14.5626,179.1356,1.715
20,19,in,0.3949,7,2,1,0.258768,12.9747,89.6209,1.715
20,19,in,0.3949,7,3,1,0.275636,19.7602,177.1302,1.715
20,19,in,0.3949,7,4,1,0.392182,13.6877,89.8974,1.715
20,19,in,0.3949,7,5,1,0.446400,4.6493,0.3827,1.715
20,19,in,0.3949,7,6,1,0.480419,6.5450,0.3827,1.715
20,19,in,0.3949,7,7,1,0.369014,14.8106,179.1356,1.715
20,19,in,0.3949,8,0,1,0.586092,0.0673,0.0779,5.879
20,19,in,0.3949,8,1,1,0.509105,14.9023,179.5962,5.879
20,19,in,0.3949,8,2,1,0.294574,12.7566,90.1629,5.879
20,19,in,0.3949,8,3,1,0.318631,19.7505,177.5909,5.879
20,19,in,0.3949,8,4,1,0.390544,13.5515,90.3581,5.879
20,19,in,0.3949,8,5,1,0.454883,4.7440,1.0806,5.879
20,19,in,0.3949,8,6,1,0.475972,6.6397,0.0779,5.879
20,19,in,0.3949,8,7,1,0.376683,14.9126,179.5962,5.879
20,19,in,0.3949,9,0,1,0.567963,0.0480,0.3189,1.591
20,19,in,0.3949,9,1,1,0.488728,15.0639,179.8372,1.591
20,19,in,0.3949,9,2,1,0.284539,12.5093,89.9219,1.591
20,19,in,0.3949,9,3,1,0.384630,19.5784,179.8372,1.591
20,19,in,0.3949,9,4,1,0.335453,13.2933,89.5964,1.591
20,19,in,0.3949,9,5,1,0.439404,4.4311,0.3189,1.591
20,19,in,0.3949,9,6,1,0.440556,6.6320,0.3189,1.591
20,19,in,0.3949,9,7,1,0.331725,14.8273,178.8345,1.591
20,19,in,0.3949,10,0,1,0.590392,0.0503,0.4438,5.776
20,19,in,0.3949,10,1,1,0.502089,14.9684,178.0718,5.776
20,19,in,0.3949,10,2,1,0.305810,12.5106,90.6846,5.776
20,19,in,0.3949,10,3,1,0.390535,19.5762,179.9228,5.776
20,19,in,0.3949,10,4,1,0.352300,13.2992,89.8363,5.776
20,19,in,0.3949,10,5,1,0.438802,4.7303,0.4438,5.776
20,19,in,0.3949,10,6,1,0.481227,6.4311,0.4438,5.776
20,19,in,0.3949,10,7,1,0.346226,14.8649,179.0745,5.776
20,19,in,0.3949,11,0,1,0.604125,0.0530,0.2622,1.691
20,19,in,0.3949,11,1,1,0.519269,14.9657,178.2534,1.691
20,19,in,0.3949,11,2,1,0.322722,12.5077,90.5030,1.691
20,19,in,0.3949,11,3,1,0.404534,19.5734,179.7412,1.691
20,19,in,0.3949,11,4,1,0.327877,13.3875,90.0179,1.691
20,19,in,0.3949,11,5,1,0.456331,4.7333,0.2622,1.691
20,19,in,0.3949,11,6,1,0.474423,6.5341,0.2622,1.691
20,19,in,0.3949,11,7,1,0.331784,14.8427,178.2534,1.691
20,20,in,0.2162,0,0,1,0.794516,0.0648,0.2486,363.554
20,20,in,0.2162,0,1,1,0.646722,5.2456,0.2486,363.554
20,20,in,0.2162,0,2,1,0.630181,1.9457,0.2486,363.554
20,20,in,0.2162,0,3,1,0.623820,3.0456,0.2486,363.554
20,20,in,0.2162,0,4,1,0.598282,7.1455,0.7541,363.554
20,20,in,0.2162,0,5,1,0.596271,2.2548,0.2486,363.554
20,20,in,0.2162,0,6,1,0.596020,8.3455,0.2486,363.554
20,20,in,0.2162,0,7,1,0.587662,4.1456,0.2486,363.554
20,20,in,0.2162,1,0,1,0.750434,0.0504,0.1166,1.452
20,20,in,0.2162,1,1,1,0.643215,5.1305,0.1166,1.452
20,20,in,0.2162,1,2,1,0.629602,1.9308,0.1166,1.452
20,20,in,0.2162,1,3,1,0.599253,2.7307,0.1166,1.452
20,20,in,0.2162,1,4,1,0.581561,7.4283,0.1166,1.452
20,20,in,0.2162,1,5,1,0.585444,2.5699,0.1166,1.452
20,20,in,0.2162,1,6,1,0.580350,8.0305,0.1166,1.452
20,20,in,0.2162,1,7,1,0.588966,4.4306,0.1166,1.452
20,20,in,0.2162,2,0,1,0.718469,0.0508,0.2575,5.604
20,20,in,0.2162,2,1,1,0.602974,5.1394,0.2575,5.604
20,20,in,0.2162,2,2,1,0.599545,2.0396,0.2575,5.604
20,20,in,0.2162,2,3,1,0.581353,2.4395,0.2575,5.604
20,20,in,0.2162,2,4,1,0.576624,7.1372,0.2575,5.604
20,20,in,0.2162,2,5,1,0.564182,2.8609,0.2575,5.604
20,20,in,0.2162,2,6,1,0.578614,8.2394,0.2575,5.604
20,20,in,0.2162,2,7,1,0.579778,4.7394,0.2575,5.604
20,20,in,0.2162,3,0,1,0.771111,0.0626,0.3375,1.392
20,20,in,0.2162,3,1,1,0.643338,5.1440,0.3375,1.392
20,20,in,0.2162,3,2,1,0.598914,1.8443,0.3375,1.392
20,20,in,0.2162,3,3,1,0.592847,2.1442,0.3375,1.392
20,20,in,0.2162,3,4,1,0.583977,7.1417,0.3375,1.392
20,20,in,0.2162,3,5,1,0.592684,2.5566,0.3375,1.392
20,20,in,0.2162,3,6,1,0.608288,8.0439,0.3375,1.392
20,20,in,0.2162,3,7,1,0.629211,5.0440,0.3375,1.392
20,20,in,0.2162,4,0,1,0.760820,0.0460,0.0329,5.415
20,20,in,0.2162,4,1,1,0.620409,5.1311,0.9698,5.415
20,20,in,0.2162,4,2,1,0.620185,2.1313,0.0329,5.415
20,20,in,0.2162,4,3,1,0.630730,2.4313,0.0329,5.415
20,20,in,0.2162,4,4,1,0.603347,7.4288,0.9698,5.415
20,20,in,0.2162,4,5,1,0.602567,2.3692,0.0329,5.415
20,20,in,0.2162,4,6,1,0.610522,7.7311,0.9698,5.415
20,20,in,0.2162,4,7,1,0.620409,5.1311,0.9698,5.415
20,20,in,0.2162,5,0,1,0.758819,0.0619,0.5010,1.386
20,20,in,0.2162,5,1,1,0.601162,5.2406,0.5010,1.386
20,20,in,0.2162,5,2,1,0.605578,2.4376,0.5010,1.386
20,20,in,0.2162,5,3,1,0.606441,2.7375,0.5010,1.386
20,20,in,0.2162,5,4,1,0.583236,7.7382,0.5010,1.386
20,20,in,0.2162,5,5,1,0.600025,2.1635,0.5010,1.386
20,20,in,0.2162,5,6,1,0.592342,8.0405,0.5017,1.386
20,20,in,0.2162,5,7,1,0.601162,5.2406,0.5010,1.386
20,20,in,0.2162,6,0,1,0.759788,0.0571,0.1748,1.820
20,20,in,0.2162,6,1,1,0.634008,5.1645,0.1748,1.820
20,20,in,0.2162,6,2,1,0.636833,2.7614,0.1748,1.820
20,20,in,0.2162,6,3,1,0.640319,3.0614,0.1748,1.820
20,20,in,0.2162,6,4,1,0.600359,8.0622,0.1748,1.820
20,20,in,0.2162,6,5,1,0.613067,2.4392,0.1748,1.820
20,20,in,0.2162,6,6,1,0.600359,8.0615,0.1748,1.820
20,20,in,0.2162,6,7,1,0.634008,5.1645,0.1748,1.820
20,20,in,0.2162,7,0,1,0.768866,0.0735,0.3305,5.355
20,20,in,0.2162,7,1,1,0.658306,5.1646,0.3305,5.355
20,20,in,0.2162,7,2,1,0.647793,3.0615,0.3305,5.355
20,20,in,0.2162,7,3,1,0.660222,3.3615,0.3305,5.355
20,20,in,0.2162,7,4,1,0.612422,8.1624,0.3305,5.355
20,20,in,0.2162,7,5,1,0.616473,2.3391,0.3305,5.355
20,20,in,0.2162,7,6,1,0.613075,8.1616,0.3305,5.355
20,20,in,0.2162,7,7,1,0.658306,5.1646,0.3305,5.355
20,20,in,0.2162,8,0,1,0.757682,0.0566,0.3297,1.571
20,20,in,0.2162,8,1,1,0.638667,5.1653,0.3297,1.571
20,20,in,0.2162,8,2,1,0.656197,3.1622,0.3297,1.571
20,20,in,0.2162,8,3,1,0.656197,3.1622,0.3297,1.571
20,20,in,0.2162,8,4,1,0.601266,7.8631,0.6729,1.571
20,20,in,0.2162,8,5,1,0.621096,2.0385,0.3297,1.571
20,20,in,0.2162,8,6,1,0.600613,7.8624,0.6729,1.571
20,20,in,0.2162,8,7,1,0.638667,5.1653,0.3297,1.571
20,20,in,0.2162,9,0,1,0.718315,0.0577,0.0568,1.547
20,20,in,0.2162,9,1,1,0.613749,5.1392,0.9459,1.547
20,20,in,0.2162,9,2,1,0.621809,3.4360,0.0568,1.547
20,20,in,0.2162,9,3,1,0.621809,3.4360,0.0568,1.547
20,20,in,0.2162,9,4,1,0.572838,8.1356,1.0595,1.547
20,20,in,0.2162,9,5,1,0.577490,1.9648,0.0568,1.547
20,20,in,0.2162,9,6,1,0.572185,8.1348,1.0595,1.547
20,20,in,0.2162,9,7,1,0.613749,5.1392,0.9459,1.547
20,20,in,0.2162,10,0,1,0.747964,0.0439,0.1701,9.862
20,20,in,0.2162,10,1,1,0.637176,5.2765,0.8326,9.862
20,20,in,0.2162,10,2,1,0.626918,3.5722,0.8326,9.862
20,20,in,0.2162,10,3,1,0.626918,3.5722,0.8326,9.862
20,20,in,0.2162,10,4,1,0.604278,8.4707,0.8326,9.862
20,20,in,0.2162,10,5,1,0.602026,2.1283,0.1701,9.862
20,20,in,0.2162,10,6,1,0.604278,8.4700,0.8326,9.862
20,20,in,0.2162,10,7,1,0.637176,5.2765,0.8326,9.862
20,20,in,0.2162,11,0,1,0.785493,0.0483,0.6114,1.785
20,20,in,0.2162,11,1,1,0.661713,5.4793,0.6114,1.785
20,20,in,0.2162,11,2,1,0.659325,3.6751,0.6114,1.785
20,20,in,0.2162,11,3,1,0.659325,3.6751,0.6114,1.785
20,20,in,0.2162,11,4,1,0.634682,8.7735,0.3913,1.785
20,20,in,0.2162,11,5,1,0.627162,1.8237,0.6114,1.785
20,20,in,0.2162,11,6,1,0.635335,8.7728,0.3913,1.785
20,20,in,0.2162,11,7,1,0.661713,5.4793,0.6114,1.785
20,21,in,0.6679,0,-1,0,0,0,0,921.649
20,21,in,0.6679,1,-1,0,0,0,0,0.000
20,21,in,0.6679,2,-1,0,0,0,0,0.000
20,21,in,0.6679,3,-1,0,0,0,0,0.000
20,21,in,0.6679,4,-1,0,0,0,0,0.000
20,21,in,0.6679,5,-1,0,0,0,0,0.000
20,21,in,0.6679,6,-1,0,0,0,0,0.000
20,21,in,0.6679,7,-1,0,0,0,0,0.000
20,21,in,0.6679,8,-1,0,0,0,0,0.000
20,21,in,0.6679,9,-1,0,0,0,0,0.000
20,21,in,0.6679,10,-1,0,0,0,0,0.000
20,21,in,0.6679,11,-1,0,0,0,0,0.000
20,22,in,0.0440,0,0,1,0.875939,0.0654,0.3808,165.307
20,22,in,0.0440,0,1,1,0.779358,11.7001,179.8991,165.307
20,22,in,0.0440,0,2,1,0.753399,5.9215,0.3808,165.307
20,22,in,0.0440,0,3,1,0.753272,1.9222,0.3808,165.307
20,22,in,0.0440,0,4,1,0.732611,7.0215,0.3808,165.307
20,22,in,0.0440,0,5,1,0.730910,11.0214,1.3834,165.307
20,22,in,0.0440,0,6,1,0.714220,1.0806,0.3808,165.307
20,22,in,0.0440,0,7,1,0.695775,2.1307,177.8937,165.307
20,22,in,0.0440,1,0,1,0.900886,0.0655,0.0536,2.554
20,22,in,0.0440,1,1,1,0.794999,11.8641,178.5299,2.554
20,22,in,0.0440,1,2,1,0.768419,6.0250,0.0536,2.554
20,22,in,0.0440,1,3,1,0.764234,1.9252,0.0536,2.554
20,22,in,0.0440,1,4,1,0.763483,6.7251,0.9491,2.554
20,22,in,0.0440,1,5,1,0.739450,11.0203,0.0536,2.554
20,22,in,0.0440,1,6,1,0.720370,0.7775,0.0536,2.554
20,22,in,0.0440,1,7,1,0.716354,1.6712,178.4620,2.554
20,22,in,0.0440,2,0,1,0.917771,0.0371,0.0733,1.784
20,22,in,0.0440,2,1,1,0.801342,12.1539,179.4450,1.784
20,22,in,0.0440,2,2,1,0.755078,6.3199,0.0733,1.784
20,22,in,0.0440,2,3,1,0.759616,2.0201,0.0733,1.784
20,22,in,0.0440,2,4,1,0.752377,6.5157,0.0733,1.784
20,22,in,0.0440,2,5,1,0.715161,11.0151,0.0733,1.784
20,22,in,0.0440,2,6,1,0.730117,0.4812,0.0733,1.784
20,22,in,0.0440,2,7,1,0.709720,1.5490,179.4450,1.784
20,22,in,0.0440,3,0,1,0.880223,0.0451,0.0644,1.671
20,22,in,0.0440,3,1,1,0.761221,12.5909,179.4146,1.671
20,22,in,0.0440,3,2,1,0.702977,6.5161,0.0644,1.671
20,22,in,0.0440,3,3,1,0.707772,1.9164,0.0644,1.671
20,22,in,0.0440,3,4,1,0.705118,6.5119,0.0644,1.671
20,22,in,0.0440,3,5,1,0.676064,11.2113,0.0644,1.671
20,22,in,0.0440,3,6,1,0.704994,0.1888,0.0644,1.671
20,22,in,0.0440,3,7,1,0.674842,1.9801,179.4146,1.671
20,22,in,0.0440,4,0,1,0.905333,0.0274,0.0360,1.660
20,22,in,0.0440,4,1,1,0.767942,13.0253,179.5150,1.660
20,22,in,0.0440,4,2,1,0.711246,6.6198,0.0360,1.660
20,22,in,0.0440,4,3,1,0.712991,2.0199,0.0360,1.660
20,22,in,0.0440,4,4,1,0.707982,6.6156,0.0360,1.660
20,22,in,0.0440,4,5,1,0.669369,11.0150,0.9667,1.660
20,22,in,0.0440,4,6,1,0.905333,0.0274,0.0360,1.660
20,22,in,0.0440,4,7,1,0.680577,2.1161,179.4823,1.660
20,22,in,0.0440,5,0,1,0.877514,0.0390,0.2417,1.801
20,22,in,0.0440,5,1,1,0.733911,13.4884,179.2374,1.801
20,22,in,0.0440,5,2,1,0.669040,6.4103,0.7610,1.801
20,22,in,0.0440,5,3,1,0.670017,2.0106,0.7610,1.801
20,22,in,0.0440,5,4,1,0.667596,6.5061,0.7610,1.801
20,22,in,0.0440,5,5,1,0.640612,11.2025,0.2417,1.801
20,22,in,0.0440,5,6,1,0.877514,0.0390,0.2417,1.801
20,22,in,0.0440,5,7,1,0.657252,2.4709,177.7546,1.801
20,22,in,0.0440,6,0,1,0.928155,0.0586,0.4499,1.586
20,22,in,0.0440,6,1,1,0.765156,13.9114,179.9290,1.586
20,22,in,0.0440,6,2,1,0.686983,6.5200,0.4499,1.586
20,22,in,0.0440,6,3,1,0.680807,1.9203,0.5527,1.586
20,22,in,0.0440,6,4,1,0.695794,6.5160,0.4499,1.586
20,22,in,0.0440,6,5,1,0.666523,11.5085,0.4499,1.586
20,22,in,0.0440,6,6,1,0.928155,0.0586,0.4499,1.586
20,22,in,0.0440,6,7,1,0.674704,3.0318,178.0657,1.586
20,22,in,0.0440,7,0,1,0.915183,0.0529,0.2148,1.618
20,22,in,0.0440,7,1,1,0.756942,14.3690,179.3035,1.618
20,22,in,0.0440,7,2,1,0.676234,6.6263,0.2148,1.618
20,22,in,0.0440,7,3,1,0.680536,2.0233,0.2148,1.618
20,22,in,0.0440,7,4,1,0.677945,6.6221,0.2148,1.618
20,22,in,0.0440,7,5,1,0.640827,11.8146,0.2148,1.618
20,22,in,0.0440,7,6,1,0.915183,0.0529,0.2148,1.618
20,22,in,0.0440,7,7,1,0.648801,3.4550,178.3009,1.618
20,22,in,0.0440,8,0,1,0.920626,0.0484,0.2644,1.591
20,22,in,0.0440,8,1,1,0.745747,14.7844,179.2539,1.591
20,22,in,0.0440,8,2,1,0.674720,6.5289,0.2644,1.591
20,22,in,0.0440,8,3,1,0.670722,1.9258,0.2644,1.591
20,22,in,0.0440,8,4,1,0.676630,6.5247,0.2644,1.591
20,22,in,0.0440,8,5,1,0.644100,11.6173,0.2644,1.591
20,22,in,0.0440,8,6,1,0.920626,0.0484,0.2644,1.591
20,22,in,0.0440,8,7,1,0.644658,4.0576,178.2512,1.591
20,22,in,0.0440,9,0,1,0.912124,0.0557,0.5617,1.619
20,22,in,0.0440,9,1,1,0.738394,15.2768,178.9566,1.619
20,22,in,0.0440,9,2,1,0.658392,6.4218,0.5617,1.619
20,22,in,0.0440,9,3,1,0.644216,1.9189,0.5617,1.619
20,22,in,0.0440,9,4,1,0.664600,6.4176,0.5617,1.619
20,22,in,0.0440,9,5,1,0.629314,11.9101,0.5617,1.619
20,22,in,0.0440,9,6,1,0.912124,0.0557,0.5617,1.619
20,22,in,0.0440,9,7,1,0.649201,4.5426,177.9539,1.619
20,22,in,0.0440,10,0,1,0.903419,0.0261,0.2014,2.031
20,22,in,0.0440,10,1,1,0.718444,15.7774,179.3169,2.031
20,22,in,0.0440,10,2,1,0.662763,6.6186,1.2041,2.031
20,22,in,0.0440,10,3,1,0.644815,2.0153,0.2014,2.031
20,22,in,0.0440,10,4,1,0.657610,6.7144,2.2067,2.031
20,22,in,0.0440,10,5,1,0.616295,12.1070,2.2067,2.031
20,22,in,0.0440,10,6,1,0.903419,0.0261,0.2014,2.031
20,22,in,0.0440,10,7,1,0.645294,5.0863,179.3169,2.031
20,22,in,0.0440,11,0,1,0.919199,0.0278,0.5080,2.091
20,22,in,0.0440,11,1,1,0.742596,15.7738,179.0103,2.091
20,22,in,0.0440,11,2,1,0.666271,6.6224,0.5080,2.091
20,22,in,0.0440,11,3,1,0.660196,2.3190,1.5107,2.091
20,22,in,0.0440,11,4,1,0.664313,6.6182,0.5080,2.091
20,22,in,0.0440,11,5,1,0.625325,11.9108,1.5107,2.091
20,22,in,0.0440,11,6,1,0.919199,0.0278,0.5080,2.091
20,22,in,0.0440,11,7,1,0.677141,5.0833,179.0103,2.091
20,23,in,0.5132,0,0,1,0.475476,0.0441,0.0056,670.995
20,23,in,0.5132,0,1,1,0.415435,9.2559,0.0056,670.995
20,23,in,0.5132,0,2,1,0.412577,8.1559,0.0056,670.995
20,23,in,0.5132,0,3,1,0.409639,4.2559,0.0056,670.995
20,23,in,0.5132,1,0,1,0.560823,0.0505,0.0451,0.820
20,23,in,0.5132,1,1,1,0.454300,9.1495,0.0451,0.820
20,23,in,0.5132,1,2,1,0.464637,8.2495,0.0451,0.820
20,23,in,0.5132,1,3,1,0.475262,4.5495,0.0451,0.820
20,23,in,0.5132,2,0,1,0.441958,0.0262,0.4251,0.797
20,23,in,0.5132,2,1,1,0.309232,9.4254,0.4251,0.797
20,23,in,0.5132,2,2,1,0.308126,8.5254,0.5776,0.797
20,23,in,0.5132,2,3,1,0.321424,4.2254,0.5776,0.797
20,23,in,0.5132,3,0,1,0.454089,0.0365,0.6382,0.832
20,23,in,0.5132,3,1,1,0.362722,9.7324,0.6382,0.832
20,23,in,0.5132,3,2,1,0.358365,8.7343,0.6382,0.832
20,23,in,0.5132,3,3,1,0.346628,4.3344,0.3645,0.832
20,23,in,0.5132,4,0,1,0.511893,0.0478,0.3584,0.852
20,23,in,0.5132,4,1,1,0.377608,9.9342,0.3584,0.852
20,23,in,0.5132,4,2,1,0.360113,9.0362,0.3584,0.852
20,23,in,0.5132,4,3,1,0.377811,4.6374,0.3584,0.852
20,23,in,0.5132,5,0,1,0.426976,0.0768,0.4682,9.108
20,23,in,0.5132,5,1,1,0.305485,10.0426,0.5345,9.108
20,23,in,0.5132,5,2,1,0.299296,9.3446,0.5345,9.108
20,23,in,0.5132,5,3,1,0.298569,4.7458,0.5345,9.108
20,23,in,0.5132,6,0,1,0.473469,0.0506,0.3943,0.920
20,23,in,0.5132,6,1,1,0.339204,9.7456,0.6084,0.920
20,23,in,0.5132,6,2,1,0.342666,9.5476,0.6084,0.920
20,23,in,0.5132,6,3,1,0.343018,4.6488,0.6084,0.920
20,23,in,0.5132,7,0,1,0.507841,0.0453,0.1711,0.967
20,23,in,0.5132,7,1,1,0.310994,9.6345,0.1711,0.967
20,23,in,0.5132,7,2,1,0.314606,9.6365,0.8315,0.967
20,23,in,0.5132,7,3,1,0.318536,4.7377,0.1711,0.967
20,23,in,0.5132,8,0,1,0.512280,0.0669,0.0269,0.948
20,23,in,0.5132,8,1,1,0.333342,9.5490,0.0269,0.948
20,23,in,0.5132,8,2,1,0.333342,9.5520,0.0269,0.948
20,23,in,0.5132,8,3,1,0.333652,4.6523,0.0269,0.948
20,23,in,0.5132,9,0,1,0.430333,0.0731,0.3588,9.068
20,23,in,0.5132,9,1,1,0.280434,9.8488,0.3588,9.068
20,23,in,0.5132,9,2,1,0.280434,9.8518,0.3588,9.068
20,23,in,0.5132,9,3,1,0.287203,4.7522,0.3588,9.068
20,23,in,0.5132,10,0,1,0.526168,0.0682,0.6163,0.883
20,23,in,0.5132,10,1,1,0.297543,9.7496,0.6163,0.883
20,23,in,0.5132,10,2,1,0.297565,9.7526,0.6163,0.883
20,23,in,0.5132,10,3,1,0.303299,4.6528,0.6163,0.883
20,23,in,0.5132,11,0,1,0.555089,0.0679,0.0819,0.858
20,23,in,0.5132,11,1,1,0.315082,9.8509,0.9207,0.858
20,23,in,0.5132,11,2,1,0.315082,9.8539,0.9207,0.858
20,23,in,0.5132,11,3,1,0.314422,4.7541,0.0819,0.858
20,24,in,0.5536,0,0,1,0.493638,0.0446,0.2347,543.179
20,24,in,0.5536,0,1,1,0.425897,9.4201,179.7530,543.179
20,24,in,0.5536,0,2,1,0.412258,12.4848,179.2443,543.179
20,24,in,0.5536,1,0,1,0.456281,0.0294,0.2854,0.744
20,24,in,0.5536,1,1,1,0.380031,8.8808,179.8037,0.744
20,24,in,0.5536,1,2,1,0.355740,11.8720,179.8037,0.744
20,24,in,0.5536,2,0,1,0.477052,0.0141,0.5617,0.631
20,24,in,0.5536,2,1,1,0.420489,8.3843,179.9200,0.631
20,24,in,0.5536,2,2,1,0.390626,11.2663,179.9200,0.631
20,24,in,0.5536,3,0,1,0.424092,0.0050,0.2395,0.767
20,24,in,0.5536,3,1,1,0.332294,8.0549,179.7578,0.767
20,24,in,0.5536,3,2,1,0.326921,10.7141,179.7578,0.767
20,24,in,0.5536,4,0,1,0.527937,0.0093,0.0093,11.617
20,24,in,0.5536,4,1,1,0.377712,7.8272,179.5090,11.617
20,24,in,0.5536,4,2,1,0.407192,10.2004,179.4884,11.617
20,24,in,0.5536,5,0,1,0.476134,0.0184,0.0470,0.818
20,24,in,0.5536,5,1,1,0.375760,7.4984,178.4686,0.818
20,24,in,0.5536,5,2,1,0.381287,9.6365,179.5261,0.818
20,24,in,0.5536,6,0,1,0.409208,0.0149,0.1069,0.683
20,24,in,0.5536,6,1,1,0.308504,7.1289,179.5859,0.683
20,24,in,0.5536,6,2,1,0.300537,9.0471,179.4114,0.683
20,24,in,0.5536,7,0,1,0.460343,0.0270,0.1584,0.906
20,24,in,0.5536,7,1,1,0.367807,6.7244,179.3207,0.906
20,24,in,0.5536,7,2,1,0.347646,8.4377,179.3207,0.906
20,24,in,0.5536,8,0,1,0.474362,0.0318,0.1458,0.718
20,24,in,0.5536,8,1,1,0.335950,6.4289,179.6248,0.718
20,24,in,0.5536,8,2,1,0.316731,7.8529,179.6248,0.718
20,24,in,0.5536,9,0,1,0.434561,0.0312,0.1059,0.848
20,24,in,0.5536,9,1,1,0.315967,6.0371,178.5823,0.848
20,24,in,0.5536,9,2,1,0.299450,7.2549,177.5796,0.848
20,24,in,0.5536,10,0,1,0.394486,0.0388,0.5140,0.756
20,24,in,0.5536,10,1,1,0.285313,5.7391,179.0296,0.756
20,24,in,0.5536,10,2,1,0.323458,6.6482,178.9650,0.756
20,24,in,0.5536,11,0,1,0.494814,0.0290,0.1790,12.952
20,24,in,0.5536,11,1,1,0.372248,5.3956,179.3001,12.952
20,24,in,0.5536,11,2,1,0.318810,6.1217,179.6972,12.952
20,25,in,0.4764,0,0,1,0.560614,0.0777,0.8690,702.715
20,25,in,0.4764,0,1,1,0.440344,8.8783,179.3454,702.715
20,25,in,0.4764,0,2,1,0.439445,7.9962,179.6519,702.715
20,25,in,0.4764,0,3,1,0.411581,5.9304,0.8690,702.715
20,25,in,0.4764,1,0,1,0.554234,0.0426,0.5867,1.101
20,25,in,0.4764,1,1,1,0.420056,8.6376,179.8950,1.101
20,25,in,0.4764,1,2,1,0.438692,7.5506,177.0970,1.101
20,25,in,0.4764,1,3,1,0.384969,6.0366,0.4160,1.101
20,25,in,0.4764,2,0,1,0.531384,0.0455,0.5999,0.905
20,25,in,0.4764,2,1,1,0.424343,8.5497,178.8791,0.905
20,25,in,0.4764,2,2,1,0.442511,7.3860,179.8818,0.905
20,25,in,0.4764,2,3,1,0.384449,5.9367,0.4027,0.905
20,25,in,0.4764,3,0,1,0.504439,0.0485,0.0712,9.055
20,25,in,0.4764,3,1,1,0.412482,8.6357,179.4079,9.055
20,25,in,0.4764,3,2,1,0.389731,7.3856,179.5894,9.055
20,25,in,0.4764,3,3,1,0.352049,5.9406,0.9315,9.055
20,25,in,0.4764,4,0,1,0.552002,0.0440,0.0298,1.030
20,25,in,0.4764,4,1,1,0.403562,9.0587,179.4492,1.030
20,25,in,0.4764,4,2,1,0.457563,8.0549,179.5481,1.030
20,25,in,0.4764,4,3,1,0.405908,6.0362,0.9729,1.030
20,25,in,0.4764,5,0,1,0.575669,0.0503,0.0076,0.933
20,25,in,0.4764,5,1,1,0.398755,9.5213,179.4866,0.933
20,25,in,0.4764,5,2,1,0.466724,8.5602,179.4866,0.933
20,25,in,0.4764,5,3,1,0.468967,6.0404,0.0076,0.933
20,25,in,0.4764,6,0,1,0.524458,0.0333,0.3036,0.828
20,25,in,0.4764,6,1,1,0.362432,9.8474,179.8219,0.828
20,25,in,0.4764,6,2,1,0.449872,9.1560,179.8219,0.828
20,25,in,0.4764,6,3,1,0.461233,6.0227,0.3036,0.828
20,25,in,0.4764,7,0,1,0.507025,0.0458,0.3128,0.918
20,25,in,0.4764,7,1,1,0.348898,10.1969,179.8311,0.918
20,25,in,0.4764,7,2,1,0.388229,9.7463,179.8311,0.918
20,25,in,0.4764,7,3,1,0.394854,6.0338,0.3128,0.918
20,25,in,0.4764,8,0,1,0.502545,0.0460,0.0749,9.018
20,25,in,0.4764,8,1,1,0.381646,10.5835,179.5539,9.018
20,25,in,0.4764,8,2,1,0.416525,10.2759,179.5539,9.018
20,25,in,0.4764,8,3,1,0.423289,6.0353,0.0749,9.018
20,25,in,0.4764,9,0,1,0.544157,0.0620,0.1622,0.865
20,25,in,0.4764,9,1,1,0.446029,10.9952,179.6412,0.865
20,25,in,0.4764,9,2,1,0.461403,10.8602,179.6412,0.865
20,25,in,0.4764,9,3,1,0.444765,6.0512,0.1622,0.865
20,25,in,0.4764,10,0,1,0.470346,0.0481,0.3619,0.872
20,25,in,0.4764,10,1,1,0.410882,11.5384,179.8409,0.872
20,25,in,0.4764,10,2,1,0.418726,11.5318,179.8409,0.872
20,25,in,0.4764,10,3,1,0.391660,5.9809,0.6408,0.872
20,25,in,0.4764,11,0,1,0.550988,0.0918,0.4246,0.823
20,25,in,0.4764,11,1,1,0.470510,12.0760,179.9429,0.823
20,25,in,0.4764,11,2,1,0.468758,12.1424,179.9429,0.823
20,25,in,0.4764,11,3,1,0.458444,5.9785,0.4246,0.823
20,26,in,0.3851,0,0,1,0.608717,0.0756,0.4649,388.838
20,26,in,0.3851,0,1,1,0.544089,17.4245,89.7424,388.838
20,26,in,0.3851,0,2,1,0.539094,17.4266,89.7759,388.838
20,26,in,0.3851,0,3,1,0.525086,24.6434,179.9832,388.838
20,26,in,0.3851,0,4,1,0.488562,10.9635,0.4649,388.838
20,26,in,0.3851,0,5,1,0.485169,5.3635,0.4649,388.838
20,26,in,0.3851,0,6,1,0.474104,21.1304,179.9832,388.838
20,26,in,0.3851,0,7,1,0.472123,7.0413,179.9832,388.838
20,26,in,0.3851,1,0,1,0.654728,0.0558,0.1271,5.885
20,26,in,0.3851,1,1,1,0.541931,17.4246,90.1530,5.885
20,26,in,0.3851,1,2,1,0.542399,17.4274,90.3680,5.885
20,26,in,0.3851,1,3,1,0.490748,24.6440,179.3912,5.885
20,26,in,0.3851,1,4,1,0.501946,10.7627,0.8755,5.885
20,26,in,0.3851,1,5,1,0.488261,5.6627,0.8755,5.885
20,26,in,0.3851,1,6,1,0.474396,21.1310,179.3912,5.885
20,26,in,0.3851,1,7,1,0.502052,6.9749,178.6035,5.885
20,26,in,0.3851,2,0,1,0.630942,0.0595,0.2540,1.462
20,26,in,0.3851,2,1,1,0.527124,17.4261,90.5341,1.462
20,26,in,0.3851,2,2,1,0.529835,17.4310,89.9869,1.462
20,26,in,0.3851,2,3,1,0.501343,24.6476,179.7722,1.462
20,26,in,0.3851,2,4,1,0.471219,10.5592,1.2566,1.462
20,26,in,0.3851,2,5,1,0.485157,5.8593,1.2566,1.462
20,26,in,0.3851,2,6,1,0.455664,21.1349,179.7722,1.462
20,26,in,0.3851,2,7,1,0.497258,6.9499,179.2251,1.462
20,26,in,0.3851,3,0,1,0.639916,0.0590,0.2143,1.547
20,26,in,0.3851,3,1,1,0.545890,17.4266,89.4917,1.547
20,26,in,0.3851,3,2,1,0.548842,17.4299,90.0266,1.547
20,26,in,0.3851,3,3,1,0.511279,24.6472,179.7326,1.547
20,26,in,0.3851,3,4,1,0.464811,10.5603,1.2169,1.547
20,26,in,0.3851,3,5,1,0.475926,5.6604,1.2169,1.547
20,26,in,0.3851,3,6,1,0.473988,21.1342,179.7326,1.547
20,26,in,0.3851,3,7,1,0.439834,7.0449,179.2648,1.547
20,26,in,0.3851,4,0,1,0.596396,0.0753,0.1995,5.760
20,26,in,0.3851,4,1,1,0.510259,17.8107,89.4770,5.760
20,26,in,0.3851,4,2,1,0.526410,17.7997,90.0413,5.760
20,26,in,0.3851,4,3,1,0.479879,25.1814,179.7178,5.760
20,26,in,0.3851,4,4,1,0.454103,10.7616,0.1995,5.760
20,26,in,0.3851,4,5,1,0.452957,5.8616,0.1995,5.760
20,26,in,0.3851,4,6,1,0.443141,21.7055,179.7178,5.760
20,26,in,0.3851,4,7,1,0.500554,7.9380,179.2795,5.760
20,26,in,0.3851,5,0,1,0.537154,0.0613,0.0167,1.884
20,26,in,0.3851,5,1,1,0.477020,18.1298,90.2968,1.884
20,26,in,0.3851,5,2,1,0.439155,18.1139,90.2241,1.884
20,26,in,0.3851,5,3,1,0.445585,25.6301,179.5350,1.884
20,26,in,0.3851,5,4,1,0.386200,10.7756,4.0274,1.884
20,26,in,0.3851,5,5,1,0.369357,5.5759,1.0194,1.884
20,26,in,0.3851,5,6,1,0.372134,22.2045,179.5350,1.884
20,26,in,0.3851,5,7,1,0.432347,8.2307,179.4623,1.884
20,26,in,0.3851,6,0,1,0.624581,0.0584,0.5666,5.812
20,26,in,0.3851,6,1,1,0.548556,18.1244,89.7135,5.812
20,26,in,0.3851,6,2,1,0.525948,18.1170,89.8048,5.812
20,26,in,0.3851,6,3,1,0.515359,25.6285,179.9544,5.812
20,26,in,0.3851,6,4,1,0.456164,10.7719,1.4387,5.812
20,26,in,0.3851,6,5,1,0.454940,5.4723,1.4387,5.812
20,26,in,0.3851,6,6,1,0.427868,22.2037,179.9544,5.812
20,26,in,0.3851,6,7,1,0.466832,8.1366,179.9544,5.812
20,26,in,0.3851,7,0,1,0.652034,0.0579,0.3355,1.573
20,26,in,0.3851,7,1,1,0.544723,18.1230,89.9447,1.573
20,26,in,0.3851,7,2,1,0.532823,18.1183,90.5763,1.573
20,26,in,0.3851,7,3,1,0.514763,25.6284,179.8145,1.573
20,26,in,0.3851,7,4,1,0.472807,11.0705,1.6699,1.573
20,26,in,0.3851,7,5,1,0.483872,5.7709,1.6699,1.573
20,26,in,0.3851,7,6,1,0.421947,22.2039,179.8145,1.573
20,26,in,0.3851,7,7,1,0.485845,8.4259,179.8145,1.573
20,26,in,0.3851,8,0,1,0.639035,0.0673,0.0075,1.506
20,26,in,0.3851,8,1,1,0.552495,17.7150,90.2876,1.506
20,26,in,0.3851,8,2,1,0.534283,17.7108,90.2334,1.506
20,26,in,0.3851,8,3,1,0.498613,25.0524,179.5258,1.506
20,26,in,0.3851,8,4,1,0.482019,10.7586,1.0101,1.506
20,26,in,0.3851,8,5,1,0.472394,5.4590,1.0101,1.506
20,26,in,0.3851,8,6,1,0.458236,21.5383,179.4716,1.506
20,26,in,0.3851,8,7,1,0.443665,7.8731,179.4716,1.506
20,26,in,0.3851,9,0,1,0.646612,0.0587,0.1660,1.779
20,26,in,0.3851,9,1,1,0.545852,17.2809,90.1141,1.779
20,26,in,0.3851,9,2,1,0.514749,17.3064,90.4068,1.779
20,26,in,0.3851,9,3,1,0.495329,24.4614,179.3523,1.779
20,26,in,0.3851,9,4,1,0.466790,10.6458,0.8367,1.779
20,26,in,0.3851,9,5,1,0.467464,5.2461,0.8367,1.779
20,26,in,0.3851,9,6,1,0.446236,20.9349,179.6450,1.779
20,26,in,0.3851,9,7,1,0.468674,7.2455,178.6423,1.779
20,26,in,0.3851,10,0,1,0.595070,0.0706,0.4190,6.247
20,26,in,0.3851,10,1,1,0.522960,16.8828,89.6964,6.247
20,26,in,0.3851,10,2,1,0.490659,16.9001,89.8219,6.247
20,26,in,0.3851,10,3,1,0.487099,23.8945,179.9372,6.247
20,26,in,0.3851,10,4,1,0.472560,10.6400,0.4190,6.247
20,26,in,0.3851,10,5,1,0.457020,5.3404,0.4190,6.247
20,26,in,0.3851,10,6,1,0.459561,20.3492,179.0601,6.247
20,26,in,0.3851,10,7,1,0.425691,6.4821,179.0601,6.247
20,26,in,0.3851,11,0,1,0.612205,0.0765,0.2170,1.581
20,26,in,0.3851,11,1,1,0.477103,16.4761,89.4945,1.581
20,26,in,0.3851,11,2,1,0.453486,16.4742,90.0238,1.581
20,26,in,0.3851,11,3,1,0.439810,23.3046,179.7353,1.581
20,26,in,0.3851,11,4,1,0.438013,10.8444,0.2170,1.581
20,26,in,0.3851,11,5,1,0.443312,5.6448,0.2170,1.581
20,26,in,0.3851,11,6,1,0.398689,19.8308,179.7353,1.581
20,26,in,0.3851,11,7,1,0.426626,6.2809,179.7353,1.581
20,27,in,0.7795,0,-1,0,0,0,0,995.512
20,27,in,0.7795,1,-1,0,0,0,0,0.000
20,27,in,0.7795,2,-1,0,0,0,0,0.000
20,27,in,0.7795,3,-1,0,0,0,0,0.000
20,27,in,0.7795,4,-1,0,0,0,0,0.000
20,27,in,0.7795,5,-1,0,0,0,0,0.000
20,27,in,0.7795,6,-1,0,0,0,0,0.000
20,27,in,0.7795,7,-1,0,0,0,0,0.000
20,27,in,0.7795,8,-1,0,0,0,0,0.000
20,27,in,0.7795,9,-1,0,0,0,0,0.000
20,27,in,0.7795,10,-1,0,0,0,0,0.000
20,27,in,0.7795,11,-1,0,0,0,0,0.000
20,28,in,0.4011,0,0,1,0.606850,0.0711,0.1632,576.223
20,28,in,0.4011,0,1,1,0.539409,14.0104,179.3551,576.223
20,28,in,0.4011,0,2,1,0.520792,13.4275,179.3551,576.223
20,28,in,0.4011,0,3,1,0.513990,6.0671,0.1632,576.223
20,28,in,0.4011,0,4,1,0.426729,5.8240,1.1659,576.223
20,28,in,0.4011,0,5,1,0.420407,9.9238,1.1659,576.223
20,28,in,0.4011,0,6,1,0.416850,13.3237,2.1686,576.223
20,28,in,0.4011,0,7,1,0.410104,1.9247,0.1632,576.223
20,28,in,0.4011,1,0,1,0.590872,0.1019,0.5302,10.561
20,28,in,0.4011,1,1,1,0.507917,13.3931,179.9908,10.561
20,28,in,0.4011,1,2,1,0.498393,12.8649,178.9881,10.561
20,28,in,0.4011,1,3,1,0.506144,5.9996,0.5302,10.561
20,28,in,0.4011,1,4,1,0.411224,5.5209,0.4725,10.561
20,28,in,0.4011,1,5,1,0.375643,10.0213,5.5436,10.561
20,28,in,0.4011,1,6,1,0.361347,13.1204,1.4752,10.561
20,28,in,0.4011,1,7,1,0.433154,2.1239,0.5302,10.561
20,28,in,0.4011,2,0,1,0.598124,0.0125,0.2377,10.182
20,28,in,0.4011,2,1,1,0.556375,12.8149,179.7560,10.182
20,28,in,0.4011,2,2,1,0.543151,12.3150,179.7560,10.182
20,28,in,0.4011,2,3,1,0.555679,6.0914,0.7650,10.182
20,28,in,0.4011,2,4,1,0.421610,5.6091,0.2377,10.182
20,28,in,0.4011,2,5,1,0.403141,9.7049,8.7864,10.182
20,28,in,0.4011,2,6,1,0.361421,13.4147,7.2564,10.182
20,28,in,0.4011,2,7,1,0.407067,1.9091,0.2377,10.182
20,28,in,0.4011,3,0,1,0.554448,0.0871,0.4300,2.971
20,28,in,0.4011,3,1,1,0.475527,12.2364,179.9090,2.971
20,28,in,0.4011,3,2,1,0.477762,11.7588,179.9090,2.971
20,28,in,0.4011,3,3,1,0.487922,6.0817,0.4300,2.971
20,28,in,0.4011,3,4,1,0.353062,5.6895,0.4300,2.971
20,28,in,0.4011,3,5,1,0.339261,9.4729,3.4380,2.971
20,28,in,0.4011,3,6,1,0.323535,13.1018,7.5914,2.971
20,28,in,0.4011,3,7,1,0.326474,1.6150,4.4407,2.971
20,28,in,0.4011,4,0,1,0.587585,0.0085,0.3188,9.927
20,28,in,0.4011,4,1,1,0.489488,11.6408,179.7978,9.927
20,28,in,0.4011,4,2,1,0.470690,11.2928,179.7978,9.927
20,28,in,0.4011,4,3,1,0.502200,5.9899,0.3188,9.927
20,28,in,0.4011,4,4,1,0.378431,5.3933,0.3188,9.927
20,28,in,0.4011,4,5,1,0.379032,9.1674,0.3188,9.927
20,28,in,0.4011,4,6,1,0.288478,12.8149,2.6892,9.927
20,28,in,0.4011,4,7,1,0.371757,1.7855,0.3188,9.927
20,28,in,0.4011,5,0,1,0.567393,0.0823,0.6875,2.204
20,28,in,0.4011,5,1,1,0.464635,11.0608,179.8334,2.204
20,28,in,0.4011,5,2,1,0.463102,10.7850,179.8334,2.204
20,28,in,0.4011,5,3,1,0.457954,6.0774,0.6875,2.204
20,28,in,0.4011,5,4,1,0.327030,5.5056,1.6902,2.204
20,28,in,0.4011,5,5,1,0.355975,9.1796,1.6902,2.204
20,28,in,0.4011,5,6,1,0.326736,12.6378,7.3339,2.204
20,28,in,0.4011,5,7,1,0.335452,1.9138,3.6956,2.204
20,28,in,0.4011,6,0,1,0.584854,0.0805,0.7603,9.932
20,28,in,0.4011,6,1,1,0.479384,10.4316,179.7607,9.932
20,28,in,0.4011,6,2,1,0.476682,10.2624,179.7607,9.932
20,28,in,0.4011,6,3,1,0.479583,6.0753,0.7603,9.932
20,28,in,0.4011,6,4,1,0.334721,5.2071,0.2424,9.932
20,28,in,0.4011,6,5,1,0.334377,8.9811,0.2424,9.932
20,28,in,0.4011,6,6,1,0.330695,12.9470,10.2691,9.932
20,28,in,0.4011,6,7,1,0.358142,1.8957,0.2424,9.932
20,28,in,0.4011,7,0,1,0.640410,0.0718,0.5526,2.001
20,28,in,0.4011,7,1,1,0.488420,10.4300,179.9683,2.001
20,28,in,0.4011,7,2,1,0.489568,10.2399,179.9683,2.001
20,28,in,0.4011,7,3,1,0.491924,6.0667,0.4500,2.001
20,28,in,0.4011,7,4,1,0.345160,5.3059,0.5526,2.001
20,28,in,0.4011,7,5,1,0.374108,8.6799,0.4500,2.001
20,28,in,0.4011,7,6,1,0.335234,12.7472,8.4714,2.001
20,28,in,0.4011,7,7,1,0.374978,1.9943,0.5526,2.001
20,28,in,0.4011,8,0,1,0.578721,0.0680,0.6442,9.977
20,28,in,0.4011,8,1,1,0.481549,10.4635,179.8767,9.977
20,28,in,0.4011,8,2,1,0.488095,10.2435,179.8767,9.977
20,28,in,0.4011,8,3,1,0.467393,6.0631,0.6442,9.977
20,28,in,0.4011,8,4,1,0.340944,5.1031,0.3584,9.977
20,28,in,0.4011,8,5,1,0.402534,8.9774,1.6469,9.977
20,28,in,0.4011,8,6,1,0.325531,12.6389,1.3611,9.977
20,28,in,0.4011,8,7,1,0.361307,1.8914,0.3584,9.977
20,28,in,0.4011,9,0,1,0.600383,0.0718,0.5495,6.435
20,28,in,0.4011,9,1,1,0.455002,10.4611,179.9714,6.435
20,28,in,0.4011,9,2,1,0.455974,10.2390,179.9714,6.435
20,28,in,0.4011,9,3,1,0.460935,6.0666,0.5495,6.435
20,28,in,0.4011,9,4,1,0.319907,5.2068,0.5495,6.435
20,28,in,0.4011,9,5,1,0.381580,8.9812,1.5522,6.435
20,28,in,0.4011,9,6,1,0.329245,12.7426,2.4585,6.435
20,28,in,0.4011,9,7,1,0.359617,1.9952,0.5495,6.435
20,28,in,0.4011,10,0,1,0.554697,0.0366,0.0450,2.040
20,28,in,0.4011,10,1,1,0.445361,10.4554,179.5633,2.040
20,28,in,0.4011,10,2,1,0.449448,10.2369,179.5633,2.040
20,28,in,0.4011,10,3,1,0.428752,6.0603,0.0450,2.040
20,28,in,0.4011,10,4,1,0.344422,5.4108,0.9576,2.040
20,28,in,0.4011,10,5,1,0.358094,8.9849,1.9603,2.040
20,28,in,0.4011,10,6,1,0.310493,12.6467,1.0477,2.040
20,28,in,0.4011,10,7,1,0.361949,2.0029,0.9576,2.040
20,28,in,0.4011,11,0,1,0.600713,0.0650,0.0559,10.181
20,28,in,0.4011,11,1,1,0.470546,10.5383,179.4624,10.181
20,28,in,0.4011,11,2,1,0.476834,10.6332,179.4624,10.181
20,28,in,0.4011,11,3,1,0.470343,6.0590,0.0559,10.181
20,28,in,0.4011,11,4,1,0.328590,5.1071,1.0586,10.181
20,28,in,0.4011,11,5,1,0.331989,8.6765,1.0586,10.181
20,28,in,0.4011,11,6,1,0.312866,12.6537,5.9602,10.181
20,28,in,0.4011,11,7,1,0.355285,2.0991,2.0613,10.181
20,29,in,0.4213,0,0,1,0.585858,0.0637,0.1029,363.968
20,29,in,0.4213,0,1,1,0.426584,1.5179,178.5792,363.968
20,29,in,0.4213,0,2,1,0.406882,3.5982,0.8998,363.968
20,29,in,0.4213,0,3,1,0.406226,5.7981,0.8998,363.968
20,29,in,0.4213,0,4,1,0.403450,5.3324,179.4154,363.968
20,29,in,0.4213,1,0,1,0.586408,0.0636,0.4094,3.836
20,29,in,0.4213,1,1,1,0.397967,1.3009,179.0696,3.836
20,29,in,0.4213,1,2,1,0.386589,3.3887,1.5959,3.836
20,29,in,0.4213,1,3,1,0.414566,5.5887,0.4094,3.836
20,29,in,0.4213,1,4,1,0.402133,5.0791,178.9251,3.836
20,29,in,0.4213,2,0,1,0.573560,0.0396,0.0336,1.410
20,29,in,0.4213,2,1,1,0.398679,1.2938,179.4455,1.410
20,29,in,0.4213,2,2,1,0.410823,3.6826,0.0336,1.410
20,29,in,0.4213,2,3,1,0.416939,5.8827,0.0336,1.410
20,29,in,0.4213,2,4,1,0.376805,5.3778,179.4455,1.410
20,29,in,0.4213,3,0,1,0.552541,0.0769,0.4008,3.313
20,29,in,0.4213,3,1,1,0.375442,1.3270,178.9165,3.313
20,29,in,0.4213,3,2,1,0.373643,3.3492,0.4008,3.313
20,29,in,0.4213,3,3,1,0.374424,5.6492,0.4008,3.313
20,29,in,0.4213,3,4,1,0.376081,5.7051,179.9191,3.313
20,29,in,0.4213,4,0,1,0.536719,0.0843,0.4216,2.731
20,29,in,0.4213,4,1,1,0.324127,1.7093,179.9006,2.731
20,29,in,0.4213,4,2,1,0.352835,3.6383,0.4216,2.731
20,29,in,0.4213,4,3,1,0.334510,5.4382,0.4216,2.731
20,29,in,0.4213,4,4,1,0.306845,6.5849,178.8980,2.731
20,29,in,0.4213,5,0,1,0.545145,0.0619,0.6873,1.471
20,29,in,0.4213,5,1,1,0.333166,2.1430,179.2029,1.471
20,29,in,0.4213,5,2,1,0.367914,3.3438,0.6873,1.471
20,29,in,0.4213,5,3,1,0.350019,5.6439,2.6926,1.471
20,29,in,0.4213,5,4,1,0.353319,6.9643,179.2029,1.471
20,29,in,0.4213,6,0,1,0.622436,0.0651,0.6337,1.446
20,29,in,0.4213,6,1,1,0.379159,2.7259,179.8480,1.446
20,29,in,0.4213,6,2,1,0.415744,3.6577,0.3690,1.446
20,29,in,0.4213,6,3,1,0.418838,5.7518,0.6337,1.446
20,29,in,0.4213,6,4,1,0.391495,7.7177,178.8453,1.446
20,29,in,0.4213,7,0,1,0.568321,0.0752,0.4634,5.328
20,29,in,0.4213,7,1,1,0.374340,3.2325,179.9817,5.328
20,29,in,0.4213,7,2,1,0.370087,3.4482,0.5392,5.328
20,29,in,0.4213,7,3,1,0.333206,6.0391,0.4634,5.328
20,29,in,0.4213,7,4,1,0.367310,7.9935,179.9817,5.328
20,29,in,0.4213,8,0,1,0.539072,0.0341,0.3931,1.237
20,29,in,0.4213,8,1,1,0.357391,3.8229,179.0859,1.237
20,29,in,0.4213,8,2,1,0.387607,3.6384,0.3931,1.237
20,29,in,0.4213,8,3,1,0.357094,6.0253,1.3958,1.237
20,29,in,0.4213,8,4,1,0.340330,8.6567,179.9114,1.237
20,29,in,0.4213,9,0,1,0.651535,0.0197,0.0100,1.345
20,29,in,0.4213,9,1,1,0.400562,4.4576,179.4690,1.345
20,29,in,0.4213,9,2,1,0.445820,3.6095,0.0100,1.345
20,29,in,0.4213,9,3,1,0.385888,5.6930,0.0100,1.345
20,29,in,0.4213,9,4,1,0.387015,9.4095,179.4690,1.345
20,29,in,0.4213,10,0,1,0.575239,0.0241,0.0305,3.197
20,29,in,0.4213,10,1,1,0.328637,4.9791,179.4878,3.197
20,29,in,0.4213,10,2,1,0.386224,3.8123,1.0332,3.197
20,29,in,0.4213,10,3,1,0.318836,5.9959,0.0305,3.197
20,29,in,0.4213,10,4,1,0.325473,10.2623,179.5096,3.197
20,29,in,0.4213,11,0,1,0.579099,0.0316,0.3576,1.326
20,29,in,0.4213,11,1,1,0.367556,5.5558,176.8678,1.326
20,29,in,0.4213,11,2,1,0.401942,3.7195,0.6451,1.326
20,29,in,0.4213,11,3,1,0.366658,6.0992,0.6451,1.326
20,29,in,0.4213,11,4,1,0.358220,10.5150,179.8759,1.326
20,30,in,0.5889,0,0,1,0.428508,0.0578,0.4218,701.429
20,30,in,0.5889,1,0,1,0.469402,0.0540,0.1543,0.319
20,30,in,0.5889,2,0,1,0.440784,0.0380,0.1705,0.195
20,30,in,0.5889,3,0,1,0.371203,0.0508,0.2196,0.248
20,30,in,0.5889,4,0,1,0.451417,0.0592,0.3500,0.227
20,30,in,0.5889,5,0,1,0.474085,0.0535,0.3163,0.177
20,30,in,0.5889,6,0,1,0.449528,0.0462,0.5542,0.208
20,30,in,0.5889,7,0,1,0.393885,0.0537,0.1215,0.238
20,30,in,0.5889,8,0,1,0.494958,0.0363,0.2186,0.218
20,30,in,0.5889,9,0,1,0.446221,0.0467,0.2952,0.248
20,30,in,0.5889,10,0,1,0.483838,0.0417,0.4427,0.153
20,30,in,0.5889,11,0,1,0.479005,0.0588,0.5101,0.174
20,31,in,0.7460,0,-1,0,0,0,0,1052.686
20,31,in,0.7460,1,-1,0,0,0,0,0.000
20,31,in,0.7460,2,-1,0,0,0,0,0.000
20,31,in,0.7460,3,-1,0,0,0,0,0.000
20,31,in,0.7460,4,-1,0,0,0,0,0.000
20,31,in,0.7460,5,-1,0,0,0,0,0.000
20,31,in,0.7460,6,-1,0,0,0,0,0.000
20,31,in,0.7460,7,-1,0,0,0,0,0.000
20,31,in,0.7460,8,-1,0,0,0,0,0.000
20,31,in,0.7460,9,-1,0,0,0,0,0.000
20,31,in,0.7460,10,-1,0,0,0,0,0.000
20,31,in,0.7460,11,-1,0,0,0,0,0.000
20,32,in,0.4329,0,0,1,0.590173,0.0212,0.5686,262.955
20,32,in,0.4329,0,1,1,0.535656,5.6989,179.9131,262.955
20,32,in,0.4329,0,2,1,0.530647,4.2933,179.9131,262.955
20,32,in,0.4329,0,3,1,0.499017,4.1669,179.9131,262.955
20,32,in,0.4329,0,4,1,0.491588,3.5315,179.0842,262.955
20,32,in,0.4329,0,5,1,0.489228,2.3114,0.4341,262.955
20,32,in,0.4329,0,6,1,0.487120,3.5354,179.9131,262.955
20,32,in,0.4329,0,7,1,0.468413,1.2115,0.5686,262.955
20,32,in,0.4329,1,0,1,0.617510,0.0272,0.0162,1.557
20,32,in,0.4329,1,1,1,0.553620,5.6986,179.5345,1.557
20,32,in,0.4329,1,2,1,0.514946,4.2371,179.5345,1.557
20,32,in,0.4329,1,3,1,0.498445,4.2288,179.4628,1.557
20,32,in,0.4329,1,4,1,0.491963,3.4991,179.5345,1.557
20,32,in,0.4329,1,5,1,0.501838,2.1154,0.0162,1.557
20,32,in,0.4329,1,6,1,0.499275,3.6029,179.5345,1.557
20,32,in,0.4329,1,7,1,0.498452,1.3156,0.0162,1.557
20,32,in,0.4329,2,0,1,0.635756,0.0237,0.4452,1.458
20,32,in,0.4329,2,1,1,0.534239,5.2931,179.9635,1.458
20,32,in,0.4329,2,2,1,0.526008,3.7162,179.9635,1.458
20,32,in,0.4329,2,3,1,0.502112,3.9996,179.9635,1.458
20,32,in,0.4329,2,4,1,0.517224,2.8939,179.9635,1.458
20,32,in,0.4329,2,5,1,0.503274,2.2062,0.4452,1.458
20,32,in,0.4329,2,6,1,0.509259,2.9416,179.9635,1.458
20,32,in,0.4329,2,7,1,0.500689,1.6063,0.4452,1.458
20,32,in,0.4329,3,0,1,0.541230,0.0154,0.0647,1.452
20,32,in,0.4329,3,1,1,0.477672,4.9091,179.5830,1.452
20,32,in,0.4329,3,2,1,0.466826,3.2762,179.5830,1.452
20,32,in,0.4329,3,3,1,0.448053,3.5817,179.5830,1.452
20,32,in,0.4329,3,4,1,0.433330,2.2918,179.5830,1.452
20,32,in,0.4329,3,5,1,0.430053,1.9058,0.0647,1.452
20,32,in,0.4329,3,6,1,0.453416,2.4084,179.5830,1.452
20,32,in,0.4329,3,7,1,0.430053,1.9059,0.0647,1.452
20,32,in,0.4329,4,0,1,0.527255,0.0275,0.0581,1.555
20,32,in,0.4329,4,1,1,0.457832,4.5919,179.4209,1.555
20,32,in,0.4329,4,2,1,0.446504,2.8310,179.5764,1.555
20,32,in,0.4329,4,3,1,0.438770,3.0424,179.5764,1.555
20,32,in,0.4329,4,4,1,0.442869,1.6999,179.4209,1.555
20,32,in,0.4329,4,5,1,0.435454,2.1231,0.0581,1.555
20,32,in,0.4329,4,6,1,0.436438,1.7341,179.4209,1.555
20,32,in,0.4329,4,7,1,0.435454,2.1232,0.0581,1.555
20,32,in,0.4329,5,0,1,0.575443,0.0230,0.3605,1.710
20,32,in,0.4329,5,1,1,0.492608,4.2401,179.8788,1.710
20,32,in,0.4329,5,2,1,0.476892,2.4600,179.8788,1.710
20,32,in,0.4329,5,3,1,0.463599,3.0380,179.1185,1.710
20,32,in,0.4329,5,4,1,0.419665,1.1460,179.8788,1.710
20,32,in,0.4329,5,5,1,0.458748,2.3999,0.3605,1.710
20,32,in,0.4329,5,6,1,0.433090,1.2385,179.8788,1.710
20,32,in,0.4329,5,7,1,0.458748,2.4000,0.3605,1.710
20,32,in,0.4329,6,0,1,0.559956,0.0348,0.5303,1.505
20,32,in,0.4329,6,1,1,0.477721,3.9062,178.9487,1.505
20,32,in,0.4329,6,2,1,0.436740,1.9482,179.0459,1.505
20,32,in,0.4329,6,3,1,0.463886,3.1876,179.0459,1.505
20,32,in,0.4329,6,4,1,0.428059,0.5892,179.0459,1.505
20,32,in,0.4329,6,5,1,0.446292,2.3119,0.4724,1.505
20,32,in,0.4329,6,6,1,0.433520,0.5912,179.0459,1.505
20,32,in,0.4329,6,7,1,0.446292,2.3120,0.4724,1.505
20,32,in,0.4329,7,0,1,0.559225,0.0237,0.2238,1.558
20,32,in,0.4329,7,1,1,0.477990,3.7691,179.2945,1.558
20,32,in,0.4329,7,2,1,0.449527,1.8535,179.2945,1.558
20,32,in,0.4329,7,3,1,0.454679,3.3366,178.7001,1.558
20,32,in,0.4329,7,4,1,0.434620,0.0600,179.2945,1.558
20,32,in,0.4329,7,5,1,0.479314,2.3155,0.2238,1.558
20,32,in,0.4329,7,6,1,0.434620,0.0600,179.2945,1.558
20,32,in,0.4329,7,7,1,0.479314,2.3156,0.2238,1.558
20,32,in,0.4329,8,0,1,0.545418,0.0621,0.1131,1.515
20,32,in,0.4329,8,1,1,0.431714,3.7072,179.6314,1.515
20,32,in,0.4329,8,2,1,0.392554,1.8744,179.6314,1.515
20,32,in,0.4329,8,3,1,0.411805,3.4859,179.3660,1.515
20,32,in,0.4329,8,4,1,0.371793,0.6375,179.3660,1.515
20,32,in,0.4329,8,5,1,0.381140,2.0128,0.1131,1.515
20,32,in,0.4329,8,6,1,0.371793,0.6376,179.3660,1.515
20,32,in,0.4329,8,7,1,0.381140,2.0129,0.1131,1.515
20,32,in,0.4329,9,0,1,0.585453,0.0656,0.6618,1.485
20,32,in,0.4329,9,1,1,0.479573,3.7399,179.1382,1.485
20,32,in,0.4329,9,2,1,0.409759,2.0954,179.1382,1.485
20,32,in,0.4329,9,3,1,0.443612,3.6400,179.1382,1.485
20,32,in,0.4329,9,4,1,0.416664,1.1909,179.1382,1.485
20,32,in,0.4329,9,5,1,0.422957,2.0232,0.3409,1.485
20,32,in,0.4329,9,6,1,0.416664,1.1910,179.1382,1.485
20,32,in,0.4329,9,7,1,0.422957,2.0232,0.3409,1.485
20,32,in,0.4329,10,0,1,0.564537,0.0595,0.2387,1.500
20,32,in,0.4329,10,1,1,0.399973,3.7381,179.2795,1.500
20,32,in,0.4329,10,2,1,0.380348,1.9297,179.7178,1.500
20,32,in,0.4329,10,3,1,0.413672,3.7325,178.7151,1.500
20,32,in,0.4329,10,4,1,0.339818,1.2600,179.7178,1.500
20,32,in,0.4329,10,5,1,0.356255,2.1230,0.2387,1.500
20,32,in,0.4329,10,6,1,0.339818,1.2601,179.7178,1.500
20,32,in,0.4329,10,7,1,0.356255,2.1231,0.2387,1.500
20,32,in,0.4329,11,0,1,0.579540,0.0558,0.5361,1.747
20,32,in,0.4329,11,1,1,0.465659,3.7417,179.9849,1.747
20,32,in,0.4329,11,2,1,0.436221,1.9317,179.9849,1.747
20,32,in,0.4329,11,3,1,0.468012,3.7274,179.0125,1.747
20,32,in,0.4329,11,4,1,0.402710,1.3924,179.0125,1.747
20,32,in,0.4329,11,5,1,0.417402,1.9187,0.5361,1.747
20,32,in,0.4329,11,6,1,0.402710,1.3925,179.0125,1.747
20,32,in,0.4329,11,7,1,0.417402,1.9188,0.5361,1.747
20,33,in,0.0809,0,0,1,0.865039,0.0409,0.6391,228.075
20,33,in,0.0809,0,1,1,0.720032,17.9570,89.8772,228.075
20,33,in,0.0809,0,2,1,0.703384,17.8992,89.6018,228.075
20,33,in,0.0809,0,3,1,0.693896,25.3542,179.8819,228.075
20,33,in,0.0809,0,4,1,0.632500,8.7197,87.5964,228.075
20,33,in,0.0809,0,5,1,0.626958,18.9432,179.8819,228.075
20,33,in,0.0809,0,6,1,0.623906,4.9307,0.6391,228.075
20,33,in,0.0809,0,7,1,0.595071,20.3572,179.8819,228.075
20,33,in,0.0809,1,0,1,0.861403,0.0408,0.2231,2.078
20,33,in,0.0809,1,1,1,0.719596,17.5375,89.4613,2.078
20,33,in,0.0809,1,2,1,0.701421,17.5825,90.0178,2.078
20,33,in,0.0809,1,3,1,0.693772,24.8322,179.7021,2.078
20,33,in,0.0809,1,4,1,0.597963,8.3127,85.0044,2.078
20,33,in,0.0809,1,5,1,0.647951,18.5638,179.2952,2.078
20,33,in,0.0809,1,6,1,0.609238,4.8356,0.2231,2.078
20,33,in,0.0809,1,7,1,0.581952,19.8577,179.7021,2.078
20,33,in,0.0809,2,0,1,0.907226,0.0379,0.1816,1.508
20,33,in,0.0809,2,1,1,0.732948,17.1620,90.0593,1.508
20,33,in,0.0809,2,2,1,0.718398,17.1008,89.4197,1.508
20,33,in,0.0809,2,3,1,0.704520,24.2250,179.6999,1.508
20,33,in,0.0809,2,4,1,0.619327,8.0024,88.4171,1.508
20,33,in,0.0809,2,5,1,0.683191,18.3005,179.2975,1.508
20,33,in,0.0809,2,6,1,0.643634,4.9324,0.8211,1.508
20,33,in,0.0809,2,7,1,0.618389,19.4426,179.6999,1.508
20,33,in,0.0809,3,0,1,0.867444,0.0406,0.0991,1.572
20,33,in,0.0809,3,1,1,0.713388,16.7201,90.1417,1.572
20,33,in,0.0809,3,2,1,0.698563,16.7736,90.3400,1.572
20,33,in,0.0809,3,3,1,0.681510,23.6796,179.3799,1.572
20,33,in,0.0809,3,4,1,0.548665,7.6173,90.3400,1.572
20,33,in,0.0809,3,5,1,0.656518,17.8795,179.6174,1.572
20,33,in,0.0809,3,6,1,0.613535,4.8363,0.0991,1.572
20,33,in,0.0809,3,7,1,0.609041,18.9325,179.3799,1.572
20,33,in,0.0809,4,0,1,0.871306,0.0393,0.1848,1.587
20,33,in,0.0809,4,1,1,0.701309,16.3297,90.0561,1.587
20,33,in,0.0809,4,2,1,0.685014,16.2709,89.4230,1.587
20,33,in,0.0809,4,3,1,0.677273,23.0501,179.7031,1.587
20,33,in,0.0809,4,4,1,0.556289,7.2067,87.4176,1.587
20,33,in,0.0809,4,5,1,0.646800,17.5575,179.2943,1.587
20,33,in,0.0809,4,6,1,0.639004,4.8304,0.1848,1.587
20,33,in,0.0809,4,7,1,0.599229,18.4710,179.7031,1.587
20,33,in,0.0809,5,0,1,0.899117,0.0351,0.2219,1.509
20,33,in,0.0809,5,1,1,0.704566,15.9135,90.4628,1.509
20,33,in,0.0809,5,2,1,0.691569,15.8674,90.0189,1.509
20,33,in,0.0809,5,3,1,0.683999,22.5336,179.7009,1.509
20,33,in,0.0809,5,4,1,0.525573,6.8142,86.0082,1.509
20,33,in,0.0809,5,5,1,0.650661,17.2460,179.7009,1.509
20,33,in,0.0809,5,6,1,0.629133,4.9301,0.2219,1.509
20,33,in,0.0809,5,7,1,0.592310,17.9717,179.7009,1.509
20,33,in,0.0809,6,0,1,0.884942,0.0203,0.4721,1.548
20,33,in,0.0809,6,1,1,0.727622,15.5159,89.7103,1.548
20,33,in,0.0809,6,2,1,0.711795,15.4933,89.7688,1.548
20,33,in,0.0809,6,3,1,0.693462,21.9258,179.9511,1.548
20,33,in,0.0809,6,4,1,0.526221,6.4758,89.7688,1.548
20,33,in,0.0809,6,5,1,0.647162,17.0132,179.9511,1.548
20,33,in,0.0809,6,6,1,0.636851,4.9165,0.4721,1.548
20,33,in,0.0809,6,7,1,0.610774,17.5691,179.9511,1.548
20,33,in,0.0809,7,0,1,0.915499,0.0171,0.4059,1.627
20,33,in,0.0809,7,1,1,0.726951,15.1359,89.8350,1.627
20,33,in,0.0809,7,2,1,0.700959,15.1116,89.6441,1.627
20,33,in,0.0809,7,3,1,0.684215,21.3860,179.9242,1.627
20,33,in,0.0809,7,4,1,0.531161,5.9235,86.6360,1.627
20,33,in,0.0809,7,5,1,0.656459,16.8200,178.9215,1.627
20,33,in,0.0809,7,6,1,0.649984,4.9133,0.5968,1.627
20,33,in,0.0809,7,7,1,0.615887,17.1840,179.9242,1.627
20,33,in,0.0809,8,0,1,0.929735,0.0108,0.0934,2.135
20,33,in,0.0809,8,1,1,0.712036,14.7557,90.1475,2.135
20,33,in,0.0809,8,2,1,0.677386,14.7507,90.3342,2.135
20,33,in,0.0809,8,3,1,0.662330,20.8609,179.6117,2.135
20,33,in,0.0809,8,4,1,0.546062,5.5305,88.3289,2.135
20,33,in,0.0809,8,5,1,0.643722,16.6536,179.6117,2.135
20,33,in,0.0809,8,6,1,0.626774,4.9021,0.0934,2.135
20,33,in,0.0809,8,7,1,0.603808,16.8296,179.6117,2.135
20,33,in,0.0809,9,0,1,0.885852,0.0111,0.4924,1.654
20,33,in,0.0809,9,1,1,0.664020,14.4099,89.7484,1.654
20,33,in,0.0809,9,2,1,0.639460,14.4180,89.7306,1.654
20,33,in,0.0809,9,3,1,0.644577,20.3809,179.9893,1.654
20,33,in,0.0809,9,4,1,0.537172,5.1247,87.7252,1.654
20,33,in,0.0809,9,5,1,0.611262,16.5668,179.9893,1.654
20,33,in,0.0809,9,6,1,0.606472,4.9834,1.5129,1.654
20,33,in,0.0809,9,7,1,0.569988,16.5248,179.9893,1.654
20,33,in,0.0809,10,0,1,0.895459,0.0289,0.0750,1.717
20,33,in,0.0809,10,1,1,0.623098,14.0657,90.3158,1.717
20,33,in,0.0809,10,2,1,0.638693,14.0891,90.1659,1.717
20,33,in,0.0809,10,3,1,0.603139,19.9040,179.5540,1.717
20,33,in,0.0809,10,4,1,0.530256,4.5859,88.1605,1.717
20,33,in,0.0809,10,5,1,0.611721,16.5001,179.4433,1.717
20,33,in,0.0809,10,6,1,0.590942,4.9635,1.0777,1.717
20,33,in,0.0809,10,7,1,0.544984,16.2699,179.5540,1.717
20,33,in,0.0809,11,0,1,0.915465,0.0261,0.0978,1.531
20,33,in,0.0809,11,1,1,0.636756,14.0649,90.1430,1.531
20,33,in,0.0809,11,2,1,0.627367,14.0863,90.3387,1.531
20,33,in,0.0809,11,3,1,0.592661,19.9015,179.6161,1.531
20,33,in,0.0809,11,4,1,0.568885,4.5844,88.3333,1.531
20,33,in,0.0809,11,5,1,0.627011,16.4995,179.6161,1.531
20,33,in,0.0809,11,6,1,0.583479,4.9661,0.9049,1.531
20,33,in,0.0809,11,7,1,0.546706,16.2538,179.6161,1.531
20,34,in,0.2810,0,0,1,0.726380,0.0560,0.1388,443.315
20,34,in,0.2810,0,1,1,0.454638,3.3536,0.1388,443.315
20,34,in,0.2810,0,2,1,0.429860,6.9535,0.1388,443.315
20,34,in,0.2810,0,3,1,0.426894,10.0535,0.1388,443.315
20,34,in,0.2810,0,4,1,0.417488,7.4128,179.3795,443.315
20,34,in,0.2810,0,5,1,0.413142,1.5538,0.1388,443.315
20,34,in,0.2810,0,6,1,0.412196,5.0536,0.1388,443.315
20,34,in,0.2810,0,7,1,0.407953,8.0535,0.1388,443.315
20,34,in,0.2810,1,0,1,0.690034,0.0629,0.0625,1.867
20,34,in,0.2810,1,1,1,0.452555,3.6418,0.0625,1.867
20,34,in,0.2810,1,2,1,0.427328,6.8418,0.0625,1.867
20,34,in,0.2810,1,3,1,0.443929,10.2418,0.0625,1.867
20,34,in,0.2810,1,4,1,0.407872,7.9290,179.5808,1.867
20,34,in,0.2810,1,5,1,0.393325,1.6419,0.0625,1.867
20,34,in,0.2810,1,6,1,0.423450,5.3418,0.0625,1.867
20,34,in,0.2810,1,7,1,0.402056,7.7418,0.0625,1.867
20,34,in,0.2810,2,0,1,0.690555,0.0447,0.1662,1.709
20,34,in,0.2810,2,1,1,0.433307,3.4585,0.1662,1.709
20,34,in,0.2810,2,2,1,0.404476,6.5585,0.8365,1.709
20,34,in,0.2810,2,3,1,0.433455,10.1585,0.8365,1.709
20,34,in,0.2810,2,4,1,0.410951,8.5390,179.6845,1.709
20,34,in,0.2810,2,5,1,0.396294,1.6585,0.1662,1.709
20,34,in,0.2810,2,6,1,0.407533,5.6585,0.1662,1.709
20,34,in,0.2810,2,7,1,0.375707,7.4585,0.1662,1.709
20,34,in,0.2810,3,0,1,0.742066,0.0339,0.0929,1.815
20,34,in,0.2810,3,1,1,0.482986,3.1673,0.0929,1.815
20,34,in,0.2810,3,2,1,0.449353,6.2712,0.0929,1.815
20,34,in,0.2810,3,3,1,0.479920,10.1712,0.0929,1.815
20,34,in,0.2810,3,4,1,0.434768,9.0710,179.6112,1.815
20,34,in,0.2810,3,5,1,0.449462,1.6673,0.0929,1.815
20,34,in,0.2810,3,6,1,0.456520,5.6673,0.0929,1.815
20,34,in,0.2810,3,7,1,0.417468,7.7673,0.0929,1.815
20,34,in,0.2810,4,0,1,0.710468,0.0433,0.2497,1.695
20,34,in,0.2810,4,1,1,0.422586,3.1736,0.2497,1.695
20,34,in,0.2810,4,2,1,0.419919,5.9774,0.2497,1.695
20,34,in,0.2810,4,3,1,0.447284,10.1774,0.2497,1.695
20,34,in,0.2810,4,4,1,0.420853,9.5859,179.7680,1.695
20,34,in,0.2810,4,5,1,0.423221,1.6737,0.2497,1.695
20,34,in,0.2810,4,6,1,0.442983,5.3735,0.2497,1.695
20,34,in,0.2810,4,7,1,0.389255,8.0735,0.2497,1.695
20,34,in,0.2810,5,0,1,0.682784,0.0506,0.1200,1.682
20,34,in,0.2810,5,1,1,0.409768,3.3750,1.1227,1.682
20,34,in,0.2810,5,2,1,0.430889,5.6787,1.1227,1.682
20,34,in,0.2810,5,3,1,0.426478,10.1787,1.1227,1.682
20,34,in,0.2810,5,4,1,0.408969,9.9981,179.3983,1.682
20,34,in,0.2810,5,5,1,0.384250,1.8752,1.1227,1.682
20,34,in,0.2810,5,6,1,0.442985,5.2749,1.1227,1.682
20,34,in,0.2810,5,7,1,0.389396,7.8748,1.1227,1.682
20,34,in,0.2810,6,0,1,0.693814,0.0646,0.2782,2.488
20,34,in,0.2810,6,1,1,0.372041,3.6731,0.7245,2.488
20,34,in,0.2810,6,2,1,0.399325,5.4759,1.2809,2.488
20,34,in,0.2810,6,3,1,0.373989,10.2749,2.7298,2.488
20,34,in,0.2810,6,4,1,0.374973,10.2635,179.7965,2.488
20,34,in,0.2810,6,5,1,0.364469,1.6769,0.7245,2.488
20,34,in,0.2810,6,6,1,0.403805,5.2721,0.7245,2.488
20,34,in,0.2810,6,7,1,0.359541,7.5715,1.7272,2.488
20,34,in,0.2810,7,0,1,0.675348,0.0471,0.5125,3.214
20,34,in,0.2810,7,1,1,0.265359,3.4072,2.4955,3.214
20,34,in,0.2810,7,2,1,0.284145,5.3945,2.4955,3.214
20,34,in,0.2810,7,3,1,0.241274,10.6081,4.5233,3.214
20,34,in,0.2810,7,4,1,0.292301,10.6201,179.9916,3.214
20,34,in,0.2810,7,5,1,0.275950,1.6280,2.4955,3.214
20,34,in,0.2810,7,6,1,0.284145,5.4003,2.4955,3.214
20,34,in,0.2810,7,7,1,0.200437,7.8015,4.5233,3.214
20,34,in,0.2810,8,0,1,0.728570,0.0598,0.6354,1.719
20,34,in,0.2810,8,1,1,0.468949,3.4692,0.6354,1.719
20,34,in,0.2810,8,2,1,0.474123,5.2633,0.6354,1.719
20,34,in,0.2810,8,3,1,0.445806,10.4176,1.3699,1.719
20,34,in,0.2810,8,4,1,0.368300,11.2927,179.8463,1.719
20,34,in,0.2810,8,5,1,0.468580,1.7697,0.6354,1.719
20,34,in,0.2810,8,6,1,0.474526,5.0691,0.6354,1.719
20,34,in,0.2810,8,7,1,0.428779,8.1089,1.3699,1.719
20,34,in,0.2810,9,0,1,0.641354,0.0564,0.4193,1.660
20,34,in,0.2810,9,1,1,0.463574,3.4852,0.4193,1.660
20,34,in,0.2810,9,2,1,0.471677,5.4791,0.4193,1.660
20,34,in,0.2810,9,3,1,0.443876,10.2434,0.5833,1.660
20,34,in,0.2810,9,4,1,0.367861,11.7911,179.0597,1.660
20,34,in,0.2810,9,5,1,0.437254,2.0856,0.4193,1.660
20,34,in,0.2810,9,6,1,0.472064,5.3849,0.4193,1.660
20,34,in,0.2810,9,7,1,0.441600,8.2346,0.5833,1.660
20,34,in,0.2810,10,0,1,0.724966,0.0261,0.0289,1.760
20,34,in,0.2810,10,1,1,0.529619,3.3767,0.0289,1.760
20,34,in,0.2810,10,2,1,0.533798,5.5709,0.0289,1.760
20,34,in,0.2810,10,3,1,0.501057,10.2398,0.0289,1.760
20,34,in,0.2810,10,4,1,0.405123,12.3018,179.5080,1.760
20,34,in,0.2810,10,5,1,0.509236,2.3768,0.0289,1.760
20,34,in,0.2810,10,6,1,0.534094,5.5767,0.0289,1.760
20,34,in,0.2810,10,7,1,0.508101,8.2310,0.0289,1.760
20,34,in,0.2810,11,0,1,0.700637,0.0234,0.0957,1.653
20,34,in,0.2810,11,1,1,0.521149,3.0778,0.0957,1.653
20,34,in,0.2810,11,2,1,0.532694,5.5720,0.0957,1.653
20,34,in,0.2810,11,3,1,0.485885,9.9408,0.0957,1.653
20,34,in,0.2810,11,4,1,0.368617,12.8540,179.6140,1.653
20,34,in,0.2810,11,5,1,0.523826,2.5778,0.0957,1.653
20,34,in,0.2810,11,6,1,0.533746,5.5778,0.0957,1.653
20,34,in,0.2810,11,7,1,0.490320,8.0320,0.0957,1.653
20,35,in,0.7240,0,-1,0,0,0,0,970.272
20,35,in,0.7240,1,-1,0,0,0,0,0.000
20,35,in,0.7240,2,-1,0,0,0,0,0.000
20,35,in,0.7240,3,-1,0,0,0,0,0.000
20,35,in,0.7240,4,-1,0,0,0,0,0.000
20,35,in,0.7240,5,-1,0,0,0,0,0.000
20,35,in,0.7240,6,-1,0,0,0,0,0.000
20,35,in,0.7240,7,-1,0,0,0,0,0.000
20,35,in,0.7240,8,-1,0,0,0,0,0.000
20,35,in,0.7240,9,-1,0,0,0,0,0.000
20,35,in,0.7240,10,-1,0,0,0,0,0.000
20,35,in,0.7240,11,-1,0,0,0,0,0.000
20,36,in,0.6021,0,0,1,0.477442,0.0620,0.1408,283.972
20,36,in,0.6021,1,0,1,0.365402,0.0518,0.0159,0.298
20,36,in,0.6021,2,0,1,0.414382,0.0532,0.2431,0.297
20,36,in,0.6021,3,0,1,0.412912,0.0565,0.4750,0.266
20,36,in,0.6021,4,0,1,0.390917,0.0495,0.1590,0.233
20,36,in,0.6021,5,0,1,0.334789,0.0416,0.5390,0.170
20,36,in,0.6021,6,0,1,0.407474,0.0638,0.1743,8.858
20,36,in,0.6021,7,0,1,0.461177,0.0491,0.2997,0.398
20,36,in,0.6021,8,0,1,0.499638,0.0336,0.2722,0.263
20,36,in,0.6021,9,0,1,0.485523,0.0307,0.1113,0.213
20,36,in,0.6021,10,0,1,0.375450,0.0274,0.5766,0.242
20,36,in,0.6021,11,0,1,0.376280,0.0261,0.5851,0.203
20,37,in,0.6088,0,0,1,0.404418,0.0778,0.3480,543.896
20,37,in,0.6088,1,0,1,0.383444,0.0710,0.3755,0.232
20,37,in,0.6088,2,0,1,0.466898,0.0248,0.2707,4.288
20,37,in,0.6088,3,0,1,0.441451,0.0693,0.5584,0.348
20,37,in,0.6088,4,0,1,0.348627,0.0324,0.2332,0.241
20,37,in,0.6088,5,0,1,0.432455,0.0228,0.0502,0.212
20,37,in,0.6088,6,0,1,0.335260,0.0325,0.7852,0.260
20,37,in,0.6088,7,0,1,0.385974,0.0097,0.1164,0.284
20,37,in,0.6088,8,0,1,0.442144,0.0078,0.1640,0.260
20,37,in,0.6088,9,0,1,0.465074,0.0204,0.6030,0.263
20,37,in,0.6088,10,0,1,0.393299,0.0340,0.0376,0.299
20,37,in,0.6088,11,0,1,0.497168,0.0717,0.1435,0.243
20,38,in,0.1043,0,0,1,0.853053,0.0443,0.2134,332.719
20,38,in,0.1043,0,1,1,0.676861,11.8298,178.7290,332.719
20,38,in,0.1043,0,2,1,0.654627,6.0793,1.7920,332.719
20,38,in,0.1043,0,3,1,0.628438,11.4514,179.7317,332.719
20,38,in,0.1043,0,4,1,0.563953,2.2455,174.7183,332.719
20,38,in,0.1043,0,5,1,0.560508,8.1643,179.7317,332.719
20,38,in,0.1043,0,6,1,0.557997,1.2635,1.7920,332.719
20,38,in,0.1043,0,7,1,0.556015,9.9614,0.7893,332.719
20,38,in,0.1043,1,0,1,0.855957,0.0377,0.6816,2.136
20,38,in,0.1043,1,1,1,0.705809,11.9870,179.1972,2.136
20,38,in,0.1043,1,2,1,0.660617,6.0806,0.3211,2.136
20,38,in,0.1043,1,3,1,0.637849,11.2048,178.1945,2.136
20,38,in,0.1043,1,4,1,0.578098,1.8342,179.8001,2.136
20,38,in,0.1043,1,5,1,0.586197,8.6781,179.1972,2.136
20,38,in,0.1043,1,6,1,0.579778,0.9809,1.3238,2.136
20,38,in,0.1043,1,7,1,0.572140,10.1727,0.6816,2.136
20,38,in,0.1043,2,0,1,0.881782,0.0340,0.3023,6.802
20,38,in,0.1043,2,1,1,0.732362,11.9826,178.8179,6.802
20,38,in,0.1043,2,2,1,0.703234,6.0802,0.7004,6.802
20,38,in,0.1043,2,3,1,0.688279,11.2996,179.8206,6.802
20,38,in,0.1043,2,4,1,0.587526,1.7749,178.8179,6.802
20,38,in,0.1043,2,5,1,0.600131,8.6740,178.8179,6.802
20,38,in,0.1043,2,6,1,0.624716,0.6868,2.7057,6.802
20,38,in,0.1043,2,7,1,0.591046,10.0772,0.3023,6.802
20,38,in,0.1043,3,0,1,0.886229,0.0333,0.3617,6.100
20,38,in,0.1043,3,1,1,0.703676,12.4748,178.1539,6.100
20,38,in,0.1043,3,2,1,0.691796,6.0876,0.3617,6.100
20,38,in,0.1043,3,3,1,0.662183,11.7969,179.1566,6.100
20,38,in,0.1043,3,4,1,0.577309,2.2506,179.8407,6.100
20,38,in,0.1043,3,5,1,0.558857,8.9337,179.1566,6.100
20,38,in,0.1043,3,6,1,0.728126,0.3905,3.3697,6.100
20,38,in,0.1043,3,7,1,0.575239,9.9765,1.3644,6.100
20,38,in,0.1043,4,0,1,0.881342,0.0209,0.2579,1.947
20,38,in,0.1043,4,1,1,0.684570,13.0569,179.7762,1.947
20,38,in,0.1043,4,2,1,0.669616,6.0935,0.7447,1.947
20,38,in,0.1043,4,3,1,0.652450,12.4842,179.7762,1.947
20,38,in,0.1043,4,4,1,0.575082,2.9008,178.7736,1.947
20,38,in,0.1043,4,5,1,0.542907,9.6343,175.7655,1.947
20,38,in,0.1043,4,6,1,0.868289,0.0892,0.7447,1.947
20,38,in,0.1043,4,7,1,0.542219,10.0864,0.2579,1.947
20,38,in,0.1043,5,0,1,0.900357,0.0335,0.4741,5.938
20,38,in,0.1043,5,1,1,0.691110,13.5961,178.9897,5.938
20,38,in,0.1043,5,2,1,0.689384,6.1053,0.5285,5.938
20,38,in,0.1043,5,3,1,0.685631,13.0943,179.9924,5.938
20,38,in,0.1043,5,4,1,0.552618,3.2886,173.9764,5.938
20,38,in,0.1043,5,5,1,0.544553,9.8114,178.9897,5.938
20,38,in,0.1043,5,6,1,0.890909,0.0409,0.4741,5.938
20,38,in,0.1043,5,7,1,0.514254,10.0713,0.4741,5.938
20,38,in,0.1043,6,0,1,0.850834,0.0435,0.3925,2.278
20,38,in,0.1043,6,1,1,0.664160,14.2586,179.9108,2.278
20,38,in,0.1043,6,2,1,0.660762,5.9969,0.3925,2.278
20,38,in,0.1043,6,3,1,0.639504,13.6577,179.9108,2.278
20,38,in,0.1043,6,4,1,0.504720,3.6747,175.9001,2.278
20,38,in,0.1043,6,5,1,0.518078,10.6238,179.9108,2.278
20,38,in,0.1043,6,6,1,0.854600,0.0376,0.3925,2.278
20,38,in,0.1043,6,7,1,0.444705,10.2649,0.3925,2.278
20,38,in,0.1043,7,0,1,0.858430,0.0420,0.1333,5.587
20,38,in,0.1043,7,1,1,0.667947,14.8651,179.6123,5.587
20,38,in,0.1043,7,2,1,0.673555,6.0122,0.1333,5.587
20,38,in,0.1043,7,3,1,0.671460,14.2115,179.6123,5.587
20,38,in,0.1043,7,4,1,0.547517,4.1647,173.3690,5.587
20,38,in,0.1043,7,5,1,0.545750,11.2660,176.3770,5.587
20,38,in,0.1043,7,6,1,0.855608,0.0481,0.1333,5.587
20,38,in,0.1043,7,7,1,0.459993,10.3627,0.1333,5.587
20,38,in,0.1043,8,0,1,0.855723,0.0443,0.2155,2.007
20,38,in,0.1043,8,1,1,0.718110,15.4123,179.3028,2.007
20,38,in,0.1043,8,2,1,0.718262,6.0075,0.2155,2.007
20,38,in,0.1043,8,3,1,0.714301,14.6518,179.3028,2.007
20,38,in,0.1043,8,4,1,0.564870,4.5661,175.2921,2.007
20,38,in,0.1043,8,5,1,0.548462,11.6589,179.6945,2.007
20,38,in,0.1043,8,6,1,0.870405,0.0572,0.2155,2.007
20,38,in,0.1043,8,7,1,0.472833,10.6483,0.7872,2.007
20,38,in,0.1043,9,0,1,0.859155,0.0944,0.8726,8.329
20,38,in,0.1043,9,1,1,0.718467,15.4213,179.6483,8.329
20,38,in,0.1043,9,2,1,0.714871,6.1032,0.8726,8.329
20,38,in,0.1043,9,3,1,0.701402,14.6630,179.6483,8.329
20,38,in,0.1043,9,4,1,0.586225,4.6754,176.6403,8.329
20,38,in,0.1043,9,5,1,0.569313,11.7579,179.6483,8.329
20,38,in,0.1043,9,6,1,0.868566,0.0452,0.8726,8.329
20,38,in,0.1043,9,7,1,0.510168,10.9379,2.8780,8.329
20,38,in,0.1043,10,0,1,0.830363,0.0422,0.2247,2.605
20,38,in,0.1043,10,1,1,0.686482,15.3825,179.2936,2.605
20,38,in,0.1043,10,2,1,0.681477,6.0047,0.2247,2.605
20,38,in,0.1043,10,3,1,0.665193,14.6548,179.2936,2.605
20,38,in,0.1043,10,4,1,0.556828,4.5696,176.2856,2.605
20,38,in,0.1043,10,5,1,0.524792,11.5693,179.2936,2.605
20,38,in,0.1043,10,6,1,0.844262,0.0583,0.2247,2.605
20,38,in,0.1043,10,7,1,0.485210,11.2461,3.2327,2.605
20,38,in,0.1043,11,0,1,0.821487,0.0888,0.9493,2.157
20,38,in,0.1043,11,1,1,0.669505,14.8231,179.5717,2.157
20,38,in,0.1043,11,2,1,0.675583,6.0948,0.0534,2.157
20,38,in,0.1043,11,3,1,0.665091,14.0736,179.5717,2.157
20,38,in,0.1043,11,4,1,0.521356,4.0020,176.5636,2.157
20,38,in,0.1043,11,5,1,0.528669,10.9928,179.5717,2.157
20,38,in,0.1043,11,6,1,0.845229,0.0573,0.0534,2.157
20,38,in,0.1043,11,7,1,0.485134,11.1403,2.9547,2.157
20,39,in,0.7943,0,-1,0,0,0,0,882.210
20,39,in,0.7943,1,-1,0,0,0,0,0.000
20,39,in,0.7943,2,-1,0,0,0,0,0.000
20,39,in,0.7943,3,-1,0,0,0,0,0.000
20,39,in,0.7943,4,-1,0,0,0,0,0.000
20,39,in,0.7943,5,-1,0,0,0,0,0.000
20,39,in,0.7943,6,-1,0,0,0,0,0.000
20,39,in,0.7943,7,-1,0,0,0,0,0.000
20,39,in,0.7943,8,-1,0,0,0,0,0.000
20,39,in,0.7943,9,-1,0,0,0,0,0.000
20,39,in,0.7943,10,-1,0,0,0,0,0.000
20,39,in,0.7943,11,-1,0,0,0,0,0.000
40,0,out,0.7354,0,-1,0,0,0,0,1648.017
40,0,out,0.7354,1,-1,0,0,0,0,0.000
40,0,out,0.7354,2,-1,0,0,0,0,0.000
40,0,out,0.7354,3,-1,0,0,0,0,0.000
40,0,out,0.7354,4,-1,0,0,0,0,0.000
40,0,out,0.7354,5,-1,0,0,0,0,0.000
40,0,out,0.7354,6,-1,0,0,0,0,0.000
40,0,out,0.7354,7,-1,0,0,0,0,0.000
40,0,out,0.7354,8,-1,0,0,0,0,0.000
40,0,out,0.7354,9,-1,0,0,0,0,0.000
40,0,out,0.7354,10,-1,0,0,0,0,0.000
40,0,out,0.7354,11,-1,0,0,0,0,0.000
40,1,in,0.5174,0,0,1,0.499132,0.0717,0.1408,1297.859
40,1,in,0.5174,0,1,1,0.413529,7.6038,179.3775,1297.859
40,1,in,0.5174,0,2,1,0.409873,6.9430,0.1408,1297.859
40,1,in,0.5174,0,3,1,0.409825,1.4909,179.6198,1297.859
40,1,in,0.5174,0,4,1,0.408960,9.8647,0.8619,1297.859
40,1,in,0.5174,0,5,1,0.406679,11.5048,179.3775,1297.859
40,1,in,0.5174,0,6,1,0.405715,3.1882,179.3775,1297.859
40,1,in,0.5174,0,7,1,0.404706,15.7605,178.3748,1297.859
40,1,in,0.5174,1,0,1,0.520346,0.0572,0.3199,2.993
40,1,in,0.5174,1,1,1,0.445976,7.8841,178.8355,2.993
40,1,in,0.5174,1,2,1,0.411878,6.8475,0.3199,2.993
40,1,in,0.5174,1,3,1,0.420415,2.2098,179.1592,2.993
40,1,in,0.5174,1,4,1,0.390808,9.6215,0.3199,2.993
40,1,in,0.5174,1,5,1,0.401647,11.4595,178.8355,2.993
40,1,in,0.5174,1,6,1,0.395898,3.9513,179.8381,2.993
40,1,in,0.5174,1,7,1,0.392153,16.1033,179.8381,2.993
40,1,in,0.5174,2,0,1,0.533875,0.0466,0.6158,7.034
40,1,in,0.5174,2,1,1,0.443520,8.2853,179.1314,7.034
40,1,in,0.5174,2,2,1,0.439557,7.0109,1.3896,7.034
40,1,in,0.5174,2,3,1,0.427499,2.5879,179.8659,7.034
40,1,in,0.5174,2,4,1,0.413060,9.8699,0.3869,7.034
40,1,in,0.5174,2,5,1,0.436824,11.5461,179.1314,7.034
40,1,in,0.5174,2,6,1,0.396134,4.2149,179.1314,7.034
40,1,in,0.5174,2,7,1,0.437119,16.5691,179.8659,7.034
40,1,in,0.5174,3,0,1,0.570513,0.0518,0.4159,6.962
40,1,in,0.5174,3,1,1,0.474318,8.6207,179.8949,6.962
40,1,in,0.5174,3,2,1,0.469584,6.9755,0.4159,6.962
40,1,in,0.5174,3,3,1,0.444909,3.3069,179.1024,6.962
40,1,in,0.5174,3,4,1,0.443432,10.1174,0.4159,6.962
40,1,in,0.5174,3,5,1,0.443270,11.7735,179.8949,6.962
40,1,in,0.5174,3,6,1,0.425961,4.4865,179.1024,6.962
40,1,in,0.5174,3,7,1,0.443621,16.9242,179.8949,6.962
40,1,in,0.5174,4,0,1,0.558168,0.0478,0.5870,6.832
40,1,in,0.5174,4,1,1,0.461199,9.0919,179.9340,6.832
40,1,in,0.5174,4,2,1,0.472004,6.8340,0.4157,6.832
40,1,in,0.5174,4,3,1,0.462872,4.0261,179.9340,6.832
40,1,in,0.5174,4,4,1,0.447730,9.8823,1.4184,6.832
40,1,in,0.5174,4,5,1,0.457123,11.7352,179.9340,6.832
40,1,in,0.5174,4,6,1,0.452906,4.7819,179.9340,6.832
40,1,in,0.5174,4,7,1,0.461725,17.3587,179.9340,6.832
40,1,in,0.5174,5,0,1,0.591682,0.0442,0.3487,2.594
40,1,in,0.5174,5,1,1,0.485553,9.4934,179.8670,2.594
40,1,in,0.5174,5,2,1,0.458106,6.9680,0.3487,2.594
40,1,in,0.5174,5,3,1,0.486414,4.5650,179.8670,2.594
40,1,in,0.5174,5,4,1,0.451593,9.7881,0.6539,2.594
40,1,in,0.5174,5,5,1,0.477333,11.9730,179.8670,2.594
40,1,in,0.5174,5,6,1,0.438491,5.1375,179.8670,2.594
40,1,in,0.5174,5,7,1,0.454712,17.7466,179.8670,2.594
40,1,in,0.5174,6,0,1,0.499444,0.0442,0.4077,6.449
40,1,in,0.5174,6,1,1,0.421903,9.8960,179.1106,6.449
40,1,in,0.5174,6,2,1,0.425555,7.0524,0.4077,6.449
40,1,in,0.5174,6,3,1,0.418313,5.1584,179.1106,6.449
40,1,in,0.5174,6,4,1,0.418528,9.6128,0.4077,6.449
40,1,in,0.5174,6,5,1,0.413896,12.1333,179.1106,6.449
40,1,in,0.5174,6,6,1,0.407486,5.5041,179.8867,6.449
40,1,in,0.5174,6,7,1,0.410257,18.0524,179.1106,6.449
40,1,in,0.5174,7,0,1,0.461543,0.0346,0.4326,2.347
40,1,in,0.5174,7,1,1,0.405558,10.3988,177.0804,2.347
40,1,in,0.5174,7,2,1,0.392442,6.9349,1.4352,2.347
40,1,in,0.5174,7,3,1,0.415076,5.6089,177.0804,2.347
40,1,in,0.5174,7,4,1,0.395680,9.8321,0.4326,2.347
40,1,in,0.5174,7,5,1,0.397557,12.5960,177.0804,2.347
40,1,in,0.5174,7,6,1,0.399252,6.1365,179.0857,2.347
40,1,in,0.5174,7,7,1,0.398717,18.7317,179.9116,2.347
40,1,in,0.5174,8,0,1,0.497449,0.0256,0.7072,6.907
40,1,in,0.5174,8,1,1,0.427552,10.8957,179.8138,6.907
40,1,in,0.5174,8,2,1,0.435471,6.8882,0.2955,6.907
40,1,in,0.5174,8,3,1,0.443173,6.1360,179.8138,6.907
40,1,in,0.5174,8,4,1,0.413979,10.0667,0.7072,6.907
40,1,in,0.5174,8,5,1,0.420227,12.9456,179.1836,6.907
40,1,in,0.5174,8,6,1,0.419060,6.5124,179.8138,6.907
40,1,in,0.5174,8,7,1,0.392962,19.5156,178.8111,6.907
40,1,in,0.5174,9,0,1,0.523594,0.0316,0.2867,6.894
40,1,in,0.5174,9,1,1,0.452079,10.9018,178.7631,6.894
40,1,in,0.5174,9,2,1,0.418078,6.9331,0.7159,6.894
40,1,in,0.5174,9,3,1,0.424824,6.3260,179.7658,6.894
40,1,in,0.5174,9,4,1,0.425676,10.0633,0.7159,6.894
40,1,in,0.5174,9,5,1,0.431077,12.7911,179.7658,6.894
40,1,in,0.5174,9,6,1,0.425814,6.3874,179.7658,6.894
40,1,in,0.5174,9,7,1,0.399572,19.7689,176.2235,6.894
40,1,in,0.5174,10,0,1,0.543906,0.0177,0.0644,6.750
40,1,in,0.5174,10,1,1,0.495109,10.5191,178.5800,6.750
40,1,in,0.5174,10,2,1,0.465283,6.7985,0.0644,6.750
40,1,in,0.5174,10,3,1,0.473723,5.8458,179.5827,6.750
40,1,in,0.5174,10,4,1,0.442493,9.9095,0.0644,6.750
40,1,in,0.5174,10,5,1,0.472876,12.6970,178.5800,6.750
40,1,in,0.5174,10,6,1,0.473147,5.8436,179.5827,6.750
40,1,in,0.5174,10,7,1,0.470984,18.9914,178.5800,6.750
40,1,in,0.5174,11,0,1,0.554082,0.0342,0.3209,2.806
40,1,in,0.5174,11,1,1,0.436157,10.1785,178.8366,2.806
40,1,in,0.5174,11,2,1,0.428920,6.6502,1.3236,2.806
40,1,in,0.5174,11,3,1,0.448978,5.2699,179.8392,2.806
40,1,in,0.5174,11,4,1,0.417965,10.0648,1.3236,2.806
40,1,in,0.5174,11,5,1,0.423647,12.6511,179.8392,2.806
40,1,in,0.5174,11,6,1,0.449320,5.2678,179.8392,2.806
40,1,in,0.5174,11,7,1,0.419407,18.4938,179.1581,2.806
40,2,out,0.7766,0,-1,0,0,0,0,2441.295
40,2,out,0.7766,1,-1,0,0,0,0,0.000
40,2,out,0.7766,2,-1,0,0,0,0,0.000
40,2,out,0.7766,3,-1,0,0,0,0,0.000
40,2,out,0.7766,4,-1,0,0,0,0,0.000
40,2,out,0.7766,5,-1,0,0,0,0,0.000
40,2,out,0.7766,6,-1,0,0,0,0,0.000
40,2,out,0.7766,7,-1,0,0,0,0,0.000
40,2,out,0.7766,8,-1,0,0,0,0,0.000
40,2,out,0.7766,9,-1,0,0,0,0,0.000
40,2,out,0.7766,10,-1,0,0,0,0,0.000
40,2,out,0.7766,11,-1,0,0,0,0,0.000
40,3,in,0.2832,0,0,1,0.700074,0.0429,0.4739,589.103
40,3,in,0.2832,0,1,1,0.575754,12.0280,0.5288,589.103
40,3,in,0.2832,0,2,1,0.571347,2.1327,0.4739,589.103
40,3,in,0.2832,0,3,1,0.556133,18.0280,0.5288,589.103
40,3,in,0.2832,0,4,1,0.554902,5.7326,0.5288,589.103
40,3,in,0.2832,0,5,1,0.552143,11.5675,0.4739,589.103
40,3,in,0.2832,0,6,1,0.549695,10.9477,178.9895,589.103
40,3,in,0.2832,0,7,1,0.545828,4.5326,0.4739,589.103
40,3,in,0.2832,1,0,1,0.709310,0.0491,0.0353,6.105
40,3,in,0.2832,1,1,1,0.524796,12.0132,0.0353,6.105
40,3,in,0.2832,1,2,1,0.554466,2.4469,0.0353,6.105
40,3,in,0.2832,1,3,1,0.522237,18.0132,0.0353,6.105
40,3,in,0.2832,1,4,1,0.546734,5.8517,0.0353,6.105
40,3,in,0.2832,1,5,1,0.550099,11.7531,0.0353,6.105
40,3,in,0.2832,1,6,1,0.531004,10.8067,179.4830,6.105
40,3,in,0.2832,1,7,1,0.536327,4.2469,0.0353,6.105
40,3,in,0.2832,2,0,1,0.697255,0.0578,0.0879,2.048
40,3,in,0.2832,2,1,1,0.555854,12.1156,0.9147,2.048
40,3,in,0.2832,2,2,1,0.569308,2.1449,0.0879,2.048
40,3,in,0.2832,2,3,1,0.567888,18.0156,0.0879,2.048
40,3,in,0.2832,2,4,1,0.557834,5.5497,0.0879,2.048
40,3,in,0.2832,2,5,1,0.545635,11.5552,0.0879,2.048
40,3,in,0.2832,2,6,1,0.564688,10.5946,179.6062,2.048
40,3,in,0.2832,2,7,1,0.564482,4.2449,0.0879,2.048
40,3,in,0.2832,3,0,1,0.689433,0.0493,0.2916,6.604
40,3,in,0.2832,3,1,1,0.542930,11.9973,0.2916,6.604
40,3,in,0.2832,3,2,1,0.550606,1.8507,0.2916,6.604
40,3,in,0.2832,3,3,1,0.531130,17.9977,0.2916,6.604
40,3,in,0.2832,3,4,1,0.539837,5.7555,0.2916,6.604
40,3,in,0.2832,3,5,1,0.532196,11.7493,0.2916,6.604
40,3,in,0.2832,3,6,1,0.565431,10.3053,179.7706,6.604
40,3,in,0.2832,3,7,1,0.519043,4.2507,0.2916,6.604
40,3,in,0.2832,4,0,1,0.713184,0.0354,0.3744,2.250
40,3,in,0.2832,4,1,1,0.524346,11.9916,0.3744,2.250
40,3,in,0.2832,4,2,1,0.592857,2.0652,0.3744,2.250
40,3,in,0.2832,4,3,1,0.517435,17.9921,0.3744,2.250
40,3,in,0.2832,4,4,1,0.573084,5.5700,0.3744,2.250
40,3,in,0.2832,4,5,1,0.573774,11.6348,0.3744,2.250
40,3,in,0.2832,4,6,1,0.504944,10.0259,179.8534,2.250
40,3,in,0.2832,4,7,1,0.569928,4.5652,0.3744,2.250
40,3,in,0.2832,5,0,1,0.740910,0.0339,0.2473,2.847
40,3,in,0.2832,5,1,1,0.606376,12.0910,0.2473,2.847
40,3,in,0.2832,5,2,1,0.635114,2.0668,0.2473,2.847
40,3,in,0.2832,5,3,1,0.595411,17.9915,0.7554,2.847
40,3,in,0.2832,5,4,1,0.615892,5.8716,0.2473,2.847
40,3,in,0.2832,5,5,1,0.623664,11.7332,0.2473,2.847
40,3,in,0.2832,5,6,1,0.606727,9.7699,179.7263,2.847
40,3,in,0.2832,5,7,1,0.603089,4.2668,0.2473,2.847
40,3,in,0.2832,6,0,1,0.760203,0.0196,0.0575,1.911
40,3,in,0.2832,6,1,1,0.611513,12.0035,0.0575,1.911
40,3,in,0.2832,6,2,1,0.581142,1.9812,0.0575,1.911
40,3,in,0.2832,6,3,1,0.596415,18.0026,0.0575,1.911
40,3,in,0.2832,6,4,1,0.580816,6.1860,0.0575,1.911
40,3,in,0.2832,6,5,1,0.615248,11.6188,0.0575,1.911
40,3,in,0.2832,6,6,1,0.581977,9.4798,179.4608,1.911
40,3,in,0.2832,6,7,1,0.557314,4.2812,0.0575,1.911
40,3,in,0.2832,7,0,1,0.708136,0.0204,0.0780,2.356
40,3,in,0.2832,7,1,1,0.562627,12.0038,0.0780,2.356
40,3,in,0.2832,7,2,1,0.585858,1.6804,0.0780,2.356
40,3,in,0.2832,7,3,1,0.569224,18.0029,0.0780,2.356
40,3,in,0.2832,7,4,1,0.573153,6.1853,0.0780,2.356
40,3,in,0.2832,7,5,1,0.592157,11.7196,0.0780,2.356
40,3,in,0.2832,7,6,1,0.549399,9.2205,179.5570,2.356
40,3,in,0.2832,7,7,1,0.561038,3.9804,0.0780,2.356
40,3,in,0.2832,8,0,1,0.783758,0.0365,0.2222,2.050
40,3,in,0.2832,8,1,1,0.664333,12.0831,0.2222,2.050
40,3,in,0.2832,8,2,1,0.629272,1.8686,0.2222,2.050
40,3,in,0.2832,8,3,1,0.632058,18.0823,0.2222,2.050
40,3,in,0.2832,8,4,1,0.640268,6.3720,0.2222,2.050
40,3,in,0.2832,8,5,1,0.634689,11.9336,0.2222,2.050
40,3,in,0.2832,8,6,1,0.632830,8.9975,179.2569,2.050
40,3,in,0.2832,8,7,1,0.617413,3.6676,0.2222,2.050
40,3,in,0.2832,9,0,1,0.773942,0.0680,0.1417,3.031
40,3,in,0.2832,9,1,1,0.657531,12.0805,0.1417,3.031
40,3,in,0.2832,9,2,1,0.611457,1.6678,0.1417,3.031
40,3,in,0.2832,9,3,1,0.644617,18.0797,0.1417,3.031
40,3,in,0.2832,9,4,1,0.611594,6.0711,0.1417,3.031
40,3,in,0.2832,9,5,1,0.614481,12.1346,0.1417,3.031
40,3,in,0.2832,9,6,1,0.667203,8.9969,179.6207,3.031
40,3,in,0.2832,9,7,1,0.602123,3.6666,0.1417,3.031
40,3,in,0.2832,10,0,1,0.739625,0.0308,0.1119,4.080
40,3,in,0.2832,10,1,1,0.609039,11.9971,0.1119,4.080
40,3,in,0.2832,10,2,1,0.574757,1.8693,0.1119,4.080
40,3,in,0.2832,10,3,1,0.584021,17.9963,0.1119,4.080
40,3,in,0.2832,10,4,1,0.574961,5.8741,0.1119,4.080
40,3,in,0.2832,10,5,1,0.596507,11.8307,0.1119,4.080
40,3,in,0.2832,10,6,1,0.593247,8.4362,179.5909,4.080
40,3,in,0.2832,10,7,1,0.550612,3.3693,0.1119,4.080
40,3,in,0.2832,11,0,1,0.735671,0.0312,0.2230,2.074
40,3,in,0.2832,11,1,1,0.593607,12.0029,0.2230,2.074
40,3,in,0.2832,11,2,1,0.613979,2.1692,0.2230,2.074
40,3,in,0.2832,11,3,1,0.601894,18.0021,0.2230,2.074
40,3,in,0.2832,11,4,1,0.608872,5.5741,0.2230,2.074
40,3,in,0.2832,11,5,1,0.607083,12.1308,0.2230,2.074
40,3,in,0.2832,11,6,1,0.592011,7.8354,179.7020,2.074
40,3,in,0.2832,11,7,1,0.611820,3.3692,0.2230,2.074
40,4,out,0.5215,0,0,1,0.520957,0.0612,0.0802,2090.212
40,4,out,0.5215,0,1,1,0.434644,6.0614,0.0802,2090.212
40,4,out,0.5215,0,2,1,0.423752,40.2478,179.4381,2090.212
40,4,out,0.5215,0,3,1,0.423530,36.8024,179.4381,2090.212
40,4,out,0.5215,0,4,1,0.419506,18.0612,0.0802,2090.212
40,4,out,0.5215,0,5,1,0.418597,43.1349,179.4381,2090.212
40,4,out,0.5215,0,6,1,0.417259,12.0613,0.0802,2090.212
40,4,out,0.5215,0,7,1,0.416476,38.0939,179.4381,2090.212
40,4,out,0.5215,1,0,1,0.446664,0.0524,0.2025,1.995
40,4,out,0.5215,1,1,1,0.357400,6.0428,0.2025,1.995
40,4,out,0.5215,1,2,1,0.364791,39.9519,179.7208,1.995
40,4,out,0.5215,1,3,1,0.348202,36.6689,179.7208,1.995
40,4,out,0.5215,1,4,1,0.357451,18.0428,0.2025,1.995
40,4,out,0.5215,1,5,1,0.363246,42.7777,179.7208,1.995
40,4,out,0.5215,1,6,1,0.365603,12.0428,0.2025,1.995
40,4,out,0.5215,1,7,1,0.360665,37.8732,179.7208,1.995
40,4,out,0.5215,2,0,1,0.422464,0.0614,0.2711,10.228
40,4,out,0.5215,2,1,1,0.364444,6.0475,0.2711,10.228
40,4,out,0.5215,2,2,1,0.390762,39.9513,179.7894,10.228
40,4,out,0.5215,2,3,1,0.367570,36.6697,179.7894,10.228
40,4,out,0.5215,2,4,1,0.364416,18.0475,0.2711,10.228
40,4,out,0.5215,2,5,1,0.377119,42.7764,179.7894,10.228
40,4,out,0.5215,2,6,1,0.367830,12.0475,0.2711,10.228
40,4,out,0.5215,2,7,1,0.361090,37.8733,179.7894,10.228
40,4,out,0.5215,3,0,1,0.553649,0.0460,0.2216,1.740
40,4,out,0.5215,3,1,1,0.470488,6.0438,0.2216,1.740
40,4,out,0.5215,3,2,1,0.472607,40.5098,179.7399,1.740
40,4,out,0.5215,3,3,1,0.469082,37.2526,179.7399,1.740
40,4,out,0.5215,3,4,1,0.462005,18.0438,0.2216,1.740
40,4,out,0.5215,3,5,1,0.466211,43.3092,179.7399,1.740
40,4,out,0.5215,3,6,1,0.455727,12.0438,0.2216,1.740
40,4,out,0.5215,3,7,1,0.472593,38.4499,179.7399,1.740
40,4,out,0.5215,4,0,1,0.541932,0.0445,0.4207,3.124
40,4,out,0.5215,4,1,1,0.465316,6.0431,0.4207,3.124
40,4,out,0.5215,4,2,1,0.460318,41.0841,179.8997,3.124
40,4,out,0.5215,4,3,1,0.447801,37.8497,179.8997,3.124
40,4,out,0.5215,4,4,1,0.456297,18.0431,0.4207,3.124
40,4,out,0.5215,4,5,1,0.456461,43.9100,179.8997,3.124
40,4,out,0.5215,4,6,1,0.455479,12.0431,0.4207,3.124
40,4,out,0.5215,4,7,1,0.468357,39.0417,179.8997,3.124
40,4,out,0.5215,5,0,1,0.491380,0.0369,0.1695,2.156
40,4,out,0.5215,5,1,1,0.413723,6.0335,0.8332,2.156
40,4,out,0.5215,5,2,1,0.396221,41.6103,178.6851,2.156
40,4,out,0.5215,5,3,1,0.422356,38.4532,179.6878,2.156
40,4,out,0.5215,5,4,1,0.421144,18.0334,0.8332,2.156
40,4,out,0.5215,5,5,1,0.414434,44.3936,179.6878,2.156
40,4,out,0.5215,5,6,1,0.424566,12.0334,0.8332,2.156
40,4,out,0.5215,5,7,1,0.412064,39.6320,178.6851,2.156
40,4,out,0.5215,6,0,1,0.448444,0.0279,0.1048,2.185
40,4,out,0.5215,6,1,1,0.380897,6.0256,1.1075,2.185
40,4,out,0.5215,6,2,1,0.372190,42.1805,178.5811,2.185
40,4,out,0.5215,6,3,1,0.367805,39.0584,179.5838,2.185
40,4,out,0.5215,6,4,1,0.356883,18.0256,0.1048,2.185
40,4,out,0.5215,6,5,1,0.369302,44.9175,178.5811,2.185
40,4,out,0.5215,6,6,1,0.370245,12.0256,1.1075,2.185
40,4,out,0.5215,6,7,1,0.365854,40.2584,179.5838,2.185
40,4,out,0.5215,7,0,1,0.542404,0.0323,0.5769,9.940
40,4,out,0.5215,7,1,1,0.446416,6.0239,0.5769,9.940
40,4,out,0.5215,7,2,1,0.425703,42.2401,178.9414,9.940
40,4,out,0.5215,7,3,1,0.418780,39.0661,179.9441,9.940
40,4,out,0.5215,7,4,1,0.409697,18.0238,0.5769,9.940
40,4,out,0.5215,7,5,1,0.437792,44.9604,179.9441,9.940
40,4,out,0.5215,7,6,1,0.422242,12.0239,0.5769,9.940
40,4,out,0.5215,7,7,1,0.424621,40.2392,179.9441,9.940
40,4,out,0.5215,8,0,1,0.579767,0.0347,0.4768,2.131
40,4,out,0.5215,8,1,1,0.509258,6.0280,0.4768,2.131
40,4,out,0.5215,8,2,1,0.512970,42.2382,179.9558,2.131
40,4,out,0.5215,8,3,1,0.482181,39.0654,179.0415,2.131
40,4,out,0.5215,8,4,1,0.482074,18.0278,0.4768,2.131
40,4,out,0.5215,8,5,1,0.501203,44.9581,179.9558,2.131
40,4,out,0.5215,8,6,1,0.505054,12.0280,0.4768,2.131
40,4,out,0.5215,8,7,1,0.496583,40.2380,179.9558,2.131
40,4,out,0.5215,9,0,1,0.503882,0.0284,0.1756,6.355
40,4,out,0.5215,9,1,1,0.414775,6.0220,0.1756,6.355
40,4,out,0.5215,9,2,1,0.415094,41.6862,179.6939,6.355
40,4,out,0.5215,9,3,1,0.412436,38.4678,179.6939,6.355
40,4,out,0.5215,9,4,1,0.413073,18.0219,0.1756,6.355
40,4,out,0.5215,9,5,1,0.428430,44.4403,179.6939,6.355
40,4,out,0.5215,9,6,1,0.419184,12.0220,0.1756,6.355
40,4,out,0.5215,9,7,1,0.415485,39.6577,179.6939,6.355
40,4,out,0.5215,10,0,1,0.507797,0.0278,0.0197,1.940
40,4,out,0.5215,10,1,1,0.426323,6.0215,0.0197,1.940
40,4,out,0.5215,10,2,1,0.414035,41.1579,179.4986,1.940
40,4,out,0.5215,10,3,1,0.388235,37.8672,179.4986,1.940
40,4,out,0.5215,10,4,1,0.391059,18.0213,0.0197,1.940
40,4,out,0.5215,10,5,1,0.399155,43.9515,179.4988,1.940
40,4,out,0.5215,10,6,1,0.403832,12.0215,0.0197,1.940
40,4,out,0.5215,10,7,1,0.397829,39.0948,179.4988,1.940
40,4,out,0.5215,11,0,1,0.476018,0.0289,0.2840,5.781
40,4,out,0.5215,11,1,1,0.376178,6.0290,0.2840,5.781
40,4,out,0.5215,11,2,1,0.358635,40.7079,179.2343,5.781
40,4,out,0.5215,11,3,1,0.358230,37.3324,179.2343,5.781
40,4,out,0.5215,11,4,1,0.369694,18.0289,0.2840,5.781
40,4,out,0.5215,11,5,1,0.358808,43.4987,179.2343,5.781
40,4,out,0.5215,11,6,1,0.372511,12.0290,0.2840,5.781
40,4,out,0.5215,11,7,1,0.370446,38.5898,179.7631,5.781
40,5,out,0.3270,0,0,1,0.691684,0.0383,0.1542,1042.946
40,5,out,0.3270,0,1,1,0.551179,35.4874,90.0867,1042.946
40,5,out,0.3270,0,2,1,0.549387,35.5399,90.4343,1042.946
40,5,out,0.3270,0,3,1,0.527800,17.0607,90.4343,1042.946
40,5,out,0.3270,0,4,1,0.526868,35.5253,90.0867,1042.946
40,5,out,0.3270,0,5,1,0.515051,50.2239,179.6725,1042.946
40,5,out,0.3270,0,6,1,0.511880,3.4209,0.1542,1042.946
40,5,out,0.3270,0,7,1,0.509212,33.2667,91.0894,1042.946
40,5,out,0.3270,1,0,1,0.676683,0.0382,0.2226,1.840
40,5,out,0.3270,1,1,1,0.541058,35.9020,89.4608,1.840
40,5,out,0.3270,1,2,1,0.528516,35.9563,90.0575,1.840
40,5,out,0.3270,1,3,1,0.523566,17.4750,90.0575,1.840
40,5,out,0.3270,1,4,1,0.489701,35.9387,89.4608,1.840
40,5,out,0.3270,1,5,1,0.539470,50.8099,179.7016,1.840
40,5,out,0.3270,1,6,1,0.495214,3.3265,0.2226,1.840
40,5,out,0.3270,1,7,1,0.480970,33.5573,90.4635,1.840
40,5,out,0.3270,2,0,1,0.676841,0.0277,0.3261,1.832
40,5,out,0.3270,2,1,1,0.540466,36.3089,89.9147,1.832
40,5,out,0.3270,2,2,1,0.514547,36.3358,89.6036,1.832
40,5,out,0.3270,2,3,1,0.467726,17.8533,90.6063,1.832
40,5,out,0.3270,2,4,1,0.487396,36.3602,89.9147,1.832
40,5,out,0.3270,2,5,1,0.505021,51.3671,179.8444,1.832
40,5,out,0.3270,2,6,1,0.472881,3.3971,0.3261,1.832
40,5,out,0.3270,2,7,1,0.462736,34.1377,91.9201,1.832
40,5,out,0.3270,3,0,1,0.675103,0.0230,0.4616,1.777
40,5,out,0.3270,3,1,1,0.560394,36.6641,89.6998,1.777
40,5,out,0.3270,3,2,1,0.533001,36.6647,89.8185,1.777
40,5,out,0.3270,3,3,1,0.458710,18.1762,89.8185,1.777
40,5,out,0.3270,3,4,1,0.466727,36.7298,89.6998,1.777
40,5,out,0.3270,3,5,1,0.529871,51.8518,179.9406,1.777
40,5,out,0.3270,3,6,1,0.447499,3.3848,0.4616,1.777
40,5,out,0.3270,3,7,1,0.487007,34.4080,87.6944,1.777
40,5,out,0.3270,4,0,1,0.624929,0.0294,0.4781,1.797
40,5,out,0.3270,4,1,1,0.530862,37.0050,89.7163,1.797
40,5,out,0.3270,4,2,1,0.511821,37.0072,90.8047,1.797
40,5,out,0.3270,4,3,1,0.404858,18.5148,89.8020,1.797
40,5,out,0.3270,4,4,1,0.443865,37.0900,89.7163,1.797
40,5,out,0.3270,4,5,1,0.502465,52.3361,179.9571,1.797
40,5,out,0.3270,4,6,1,0.434059,3.3800,0.5246,1.797
40,5,out,0.3270,4,7,1,0.459769,34.8229,88.7136,1.797
40,5,out,0.3270,5,0,1,0.708277,0.0334,0.2425,2.001
40,5,out,0.3270,5,1,1,0.585733,37.3144,89.4807,2.001
40,5,out,0.3270,5,2,1,0.537840,37.3382,90.0376,2.001
40,5,out,0.3270,5,3,1,0.440620,18.8386,90.0376,2.001
40,5,out,0.3270,5,4,1,0.445477,37.4202,89.4807,2.001
40,5,out,0.3270,5,5,1,0.526763,52.7863,179.7215,2.001
40,5,out,0.3270,5,6,1,0.409698,3.3863,0.2425,2.001
40,5,out,0.3270,5,7,1,0.452208,35.2888,90.4833,2.001
40,5,out,0.3270,6,0,1,0.650195,0.0336,0.3387,1.765
40,5,out,0.3270,6,1,1,0.570124,37.6381,89.9022,1.765
40,5,out,0.3270,6,2,1,0.517526,37.6687,90.6188,1.765
40,5,out,0.3270,6,3,1,0.411811,18.8692,89.6161,1.765
40,5,out,0.3270,6,4,1,0.440494,37.7809,89.9022,1.765
40,5,out,0.3270,6,5,1,0.508164,53.2500,179.8570,1.765
40,5,out,0.3270,6,6,1,0.420160,3.3893,0.3387,1.765
40,5,out,0.3270,6,7,1,0.453022,35.6507,86.8941,1.765
40,5,out,0.3270,7,0,1,0.678250,0.0370,0.4365,1.961
40,5,out,0.3270,7,1,1,0.565797,38.0157,89.6746,1.961
40,5,out,0.3270,7,2,1,0.549518,38.0461,89.8437,1.961
40,5,out,0.3270,7,3,1,0.423935,19.4428,89.8437,1.961
40,5,out,0.3270,7,4,1,0.434841,38.1649,89.6746,1.961
40,5,out,0.3270,7,5,1,0.520924,53.7814,179.9155,1.961
40,5,out,0.3270,7,6,1,0.372438,3.4856,0.5662,1.961
40,5,out,0.3270,7,7,1,0.462784,36.0610,88.6720,1.961
40,5,out,0.3270,8,0,1,0.650646,0.0393,0.1682,2.161
40,5,out,0.3270,8,1,1,0.548442,38.3811,90.0726,2.161
40,5,out,0.3270,8,2,1,0.514468,38.4285,90.4483,2.161
40,5,out,0.3270,8,3,1,0.403960,19.9271,90.4483,2.161
40,5,out,0.3270,8,4,1,0.410094,38.5353,90.0726,2.161
40,5,out,0.3270,8,5,1,0.494889,54.3113,179.6865,2.161
40,5,out,0.3270,8,6,1,0.303081,3.5965,0.1682,2.161
40,5,out,0.3270,8,7,1,0.466682,36.4635,86.0619,2.161
40,5,out,0.3270,9,0,1,0.680455,0.0433,0.1702,1.915
40,5,out,0.3270,9,1,1,0.570849,38.3881,89.4084,1.915
40,5,out,0.3270,9,2,1,0.543055,38.4311,90.1099,1.915
40,5,out,0.3270,9,3,1,0.445531,19.8298,90.1099,1.915
40,5,out,0.3270,9,4,1,0.453544,38.5420,89.4084,1.915
40,5,out,0.3270,9,5,1,0.527602,54.3181,179.6492,1.915
40,5,out,0.3270,9,6,1,0.310895,3.4895,0.1702,1.915
40,5,out,0.3270,9,7,1,0.482165,36.4086,83.3923,1.915
40,5,out,0.3270,10,0,1,0.753568,0.0419,0.2472,1.847
40,5,out,0.3270,10,1,1,0.629295,38.1866,89.4854,1.847
40,5,out,0.3270,10,2,1,0.594989,38.2408,90.0329,1.847
40,5,out,0.3270,10,3,1,0.468701,19.7363,90.0329,1.847
40,5,out,0.3270,10,4,1,0.456888,38.3117,90.4881,1.847
40,5,out,0.3270,10,5,1,0.596835,54.0404,179.7262,1.847
40,5,out,0.3270,10,6,1,0.374932,3.3010,0.2472,1.847
40,5,out,0.3270,10,7,1,0.500432,36.0964,78.4559,1.847
40,5,out,0.3270,11,0,1,0.703639,0.0397,0.1247,2.122
40,5,out,0.3270,11,1,1,0.594191,37.9893,89.3629,2.122
40,5,out,0.3270,11,2,1,0.574374,38.0534,90.1554,2.122
40,5,out,0.3270,11,3,1,0.438267,19.5493,90.1554,2.122
40,5,out,0.3270,11,4,1,0.425945,38.0868,89.3629,2.122
40,5,out,0.3270,11,5,1,0.559202,53.7676,179.6038,2.122
40,5,out,0.3270,11,6,1,0.410592,3.0161,0.1247,2.122
40,5,out,0.3270,11,7,1,0.471108,35.8227,83.3469,2.122
40,6,out,0.5348,0,0,1,0.440989,0.0614,0.1533,3715.379
40,6,out,0.5348,1,0,1,0.489089,0.0429,0.5857,0.360
40,6,out,0.5348,2,0,1,0.414751,0.0682,0.4406,0.233
40,6,out,0.5348,3,0,1,0.491371,0.0331,0.1397,0.226
40,6,out,0.5348,4,0,1,0.448884,0.0416,0.4758,0.219
40,6,out,0.5348,5,0,1,0.482786,0.0669,0.3484,0.199
40,6,out,0.5348,6,0,1,0.470935,0.0782,0.3075,0.180
40,6,out,0.5348,7,0,1,0.533148,0.0818,0.4313,0.175
40,6,out,0.5348,8,0,1,0.506960,0.0760,0.7895,0.157
40,6,out,0.5348,9,0,1,0.509116,0.0467,0.3972,0.183
40,6,out,0.5348,10,0,1,0.490166,0.0328,0.0618,0.211
40,6,out,0.5348,11,0,1,0.451818,0.0409,0.2842,0.192
40,7,out,0.2826,0,0,1,0.727793,0.0520,0.4767,882.305
40,7,out,0.2826,0,1,1,0.612147,26.0014,179.9950,882.305
40,7,out,0.2826,0,2,1,0.610075,17.9910,0.4767,882.305
40,7,out,0.2826,0,3,1,0.605643,23.2752,179.9950,882.305
40,7,out,0.2826,0,4,1,0.599502,29.7835,179.9950,882.305
40,7,out,0.2826,0,5,1,0.599132,27.3050,179.9950,882.305
40,7,out,0.2826,0,6,1,0.598325,26.0496,179.9950,882.305
40,7,out,0.2826,0,7,1,0.597199,5.9911,0.4767,882.305
40,7,out,0.2826,1,0,1,0.734049,0.0382,0.3760,1.991
40,7,out,0.2826,1,1,1,0.602469,25.3211,179.8943,1.991
40,7,out,0.2826,1,2,1,0.596635,17.9855,0.3760,1.991
40,7,out,0.2826,1,3,1,0.565129,22.8272,179.8943,1.991
40,7,out,0.2826,1,4,1,0.595274,29.1911,179.8943,1.991
40,7,out,0.2826,1,5,1,0.597279,26.6578,179.8943,1.991
40,7,out,0.2826,1,6,1,0.583897,25.3709,179.8943,1.991
40,7,out,0.2826,1,7,1,0.590653,5.9856,0.3760,1.991
40,7,out,0.2826,2,0,1,0.731920,0.0470,0.0480,6.414
40,7,out,0.2826,2,1,1,0.570543,24.7033,179.4703,6.414
40,7,out,0.2826,2,2,1,0.592128,17.9942,0.0480,6.414
40,7,out,0.2826,2,3,1,0.586367,22.2427,179.5270,6.414
40,7,out,0.2826,2,4,1,0.564517,28.7253,179.5270,6.414
40,7,out,0.2826,2,5,1,0.570344,26.0622,179.4703,6.414
40,7,out,0.2826,2,6,1,0.565530,24.8634,179.5270,6.414
40,7,out,0.2826,2,7,1,0.568706,5.9943,0.0480,6.414
40,7,out,0.2826,3,0,1,0.729901,0.0246,0.0007,2.051
40,7,out,0.2826,3,1,1,0.576318,24.1818,179.5190,2.051
40,7,out,0.2826,3,2,1,0.596371,17.9950,0.0007,2.051
40,7,out,0.2826,3,3,1,0.591777,21.6644,179.5190,2.051
40,7,out,0.2826,3,4,1,0.567449,28.1832,179.5190,2.051
40,7,out,0.2826,3,5,1,0.580805,25.5626,179.5190,2.051
40,7,out,0.2826,3,6,1,0.569525,24.2492,179.4784,2.051
40,7,out,0.2826,3,7,1,0.565578,5.9950,0.0007,2.051
40,7,out,0.2826,4,0,1,0.732762,0.0212,0.2701,3.590
40,7,out,0.2826,4,1,1,0.583387,23.5717,179.7492,3.590
40,7,out,0.2826,4,2,1,0.567434,17.9818,0.2701,3.590
40,7,out,0.2826,4,3,1,0.596877,21.0739,179.7492,3.590
40,7,out,0.2826,4,4,1,0.562041,27.6193,179.2482,3.590
40,7,out,0.2826,4,5,1,0.571231,24.9629,179.2482,3.590
40,7,out,0.2826,4,6,1,0.570286,23.6641,179.7492,3.590
40,7,out,0.2826,4,7,1,0.542083,5.9818,0.2701,3.590
40,7,out,0.2826,5,0,1,0.702333,0.0295,0.3018,1.822
40,7,out,0.2826,5,1,1,0.537158,22.9976,179.8201,1.822
40,7,out,0.2826,5,2,1,0.509242,17.9853,0.3018,1.822
40,7,out,0.2826,5,3,1,0.567677,20.4898,179.8201,1.822
40,7,out,0.2826,5,4,1,0.536133,27.0479,179.8201,1.822
40,7,out,0.2826,5,5,1,0.541995,24.3760,179.8201,1.822
40,7,out,0.2826,5,6,1,0.523452,23.1401,179.8201,1.822
40,7,out,0.2826,5,7,1,0.523079,5.9854,0.3018,1.822
40,7,out,0.2826,6,0,1,0.740890,0.0293,0.2908,9.352
40,7,out,0.2826,6,1,1,0.567412,22.3991,179.7699,9.352
40,7,out,0.2826,6,2,1,0.546759,17.9902,0.2908,9.352
40,7,out,0.2826,6,3,1,0.589050,19.9231,179.7699,9.352
40,7,out,0.2826,6,4,1,0.558107,26.5133,179.7699,9.352
40,7,out,0.2826,6,5,1,0.556657,23.7968,179.7699,9.352
40,7,out,0.2826,6,6,1,0.563373,22.5616,179.7699,9.352
40,7,out,0.2826,6,7,1,0.543543,5.9903,0.2908,9.352
40,7,out,0.2826,7,0,1,0.718490,0.0285,0.0384,6.215
40,7,out,0.2826,7,1,1,0.550351,21.8209,179.4799,6.215
40,7,out,0.2826,7,2,1,0.556431,18.0131,0.0384,6.215
40,7,out,0.2826,7,3,1,0.576121,19.4028,178.4772,6.215
40,7,out,0.2826,7,4,1,0.549564,26.0946,179.4799,6.215
40,7,out,0.2826,7,5,1,0.544193,23.2913,179.4799,6.215
40,7,out,0.2826,7,6,1,0.546259,21.9634,179.4799,6.215
40,7,out,0.2826,7,7,1,0.521237,6.0132,0.0384,6.215
40,7,out,0.2826,8,0,1,0.721050,0.0367,0.0135,3.619
40,7,out,0.2826,8,1,1,0.563957,21.1274,178.5021,3.619
40,7,out,0.2826,8,2,1,0.559014,17.9192,0.0135,3.619
40,7,out,0.2826,8,3,1,0.593652,18.8893,178.5021,3.619
40,7,out,0.2826,8,4,1,0.560671,25.5487,178.5021,3.619
40,7,out,0.2826,8,5,1,0.553471,22.6661,178.5021,3.619
40,7,out,0.2826,8,6,1,0.560268,21.2735,178.5021,3.619
40,7,out,0.2826,8,7,1,0.547795,5.9193,0.0135,3.619
40,7,out,0.2826,9,0,1,0.767498,0.0369,0.1987,2.186
40,7,out,0.2826,9,1,1,0.606186,20.6793,179.6777,2.186
40,7,out,0.2826,9,2,1,0.596829,18.0105,0.1987,2.186
40,7,out,0.2826,9,3,1,0.610665,18.4362,178.3169,2.186
40,7,out,0.2826,9,4,1,0.597461,25.2358,179.6777,2.186
40,7,out,0.2826,9,5,1,0.599093,22.1831,178.3169,2.186
40,7,out,0.2826,9,6,1,0.600617,20.7596,179.6777,2.186
40,7,out,0.2826,9,7,1,0.600305,6.0105,0.1987,2.186
40,7,out,0.2826,10,0,1,0.740682,0.0462,0.4639,6.409
40,7,out,0.2826,10,1,1,0.580011,20.0450,179.0544,6.409
40,7,out,0.2826,10,2,1,0.556074,18.0242,1.4666,6.409
40,7,out,0.2826,10,3,1,0.572110,18.0495,179.9430,6.409
40,7,out,0.2826,10,4,1,0.572237,24.7812,179.9430,6.409
40,7,out,0.2826,10,5,1,0.562354,21.7176,179.0544,6.409
40,7,out,0.2826,10,6,1,0.567319,20.1053,179.0544,6.409
40,7,out,0.2826,10,7,1,0.563641,6.0238,0.4639,6.409
40,7,out,0.2826,11,0,1,0.705995,0.0454,0.2388,2.056
40,7,out,0.2826,11,1,1,0.479842,19.4504,179.7178,2.056
40,7,out,0.2826,11,2,1,0.471383,18.0109,0.2388,2.056
40,7,out,0.2826,11,3,1,0.453997,17.5102,179.7178,2.056
40,7,out,0.2826,11,4,1,0.473405,24.2839,179.2795,2.056
40,7,out,0.2826,11,5,1,0.468547,21.1920,179.2795,2.056
40,7,out,0.2826,11,6,1,0.476336,19.5712,179.7178,2.056
40,7,out,0.2826,11,7,1,0.489621,6.0055,0.2388,2.056
40,8,in,0.1342,0,0,1,0.860856,0.0301,0.1550,773.858
40,8,in,0.1342,0,1,1,0.717192,12.4079,179.6340,773.858
40,8,in,0.1342,0,2,1,0.711187,15.9640,179.6340,773.858
40,8,in,0.1342,0,3,1,0.707102,5.9896,0.1550,773.858
40,8,in,0.1342,0,4,1,0.687535,7.6010,179.6340,773.858
40,8,in,0.1342,0,5,1,0.674536,6.8656,179.6340,773.858
40,8,in,0.1342,0,6,1,0.668500,8.9336,0.1550,773.858
40,8,in,0.1342,0,7,1,0.665699,9.8913,0.1550,773.858
40,8,in,0.1342,1,0,1,0.882508,0.0271,0.1076,18.231
40,8,in,0.1342,1,1,1,0.725183,12.5723,179.3714,18.231
40,8,in,0.1342,1,2,1,0.741125,15.9069,179.3714,18.231
40,8,in,0.1342,1,3,1,0.681307,6.0059,0.1076,18.231
40,8,in,0.1342,1,4,1,0.728382,7.1070,179.6259,18.231
40,8,in,0.1342,1,5,1,0.729264,6.7871,179.6259,18.231
40,8,in,0.1342,1,6,1,0.660730,9.1676,0.1076,18.231
40,8,in,0.1342,1,7,1,0.699574,9.9027,0.1076,18.231
40,8,in,0.1342,2,0,1,0.819562,0.0300,0.2728,2.220
40,8,in,0.1342,2,1,1,0.657265,12.4783,179.7519,2.220
40,8,in,0.1342,2,2,1,0.679749,15.8332,179.7519,2.220
40,8,in,0.1342,2,3,1,0.605860,6.0174,0.2728,2.220
40,8,in,0.1342,2,4,1,0.638226,7.0295,179.7519,2.220
40,8,in,0.1342,2,5,1,0.635947,6.7852,179.7519,2.220
40,8,in,0.1342,2,6,1,0.593608,9.4022,0.2728,2.220
40,8,in,0.1342,2,7,1,0.624072,9.9113,0.2728,2.220
40,8,in,0.1342,3,0,1,0.868243,0.0364,0.2261,8.522
40,8,in,0.1342,3,1,1,0.725103,11.8872,179.7052,8.522
40,8,in,0.1342,3,2,1,0.696238,15.2904,179.7052,8.522
40,8,in,0.1342,3,3,1,0.698785,6.0100,0.2261,8.522
40,8,in,0.1342,3,4,1,0.685096,7.4497,179.2922,8.522
40,8,in,0.1342,3,5,1,0.693268,7.0925,179.7052,8.522
40,8,in,0.1342,3,6,1,0.657403,9.2526,0.2261,8.522
40,8,in,0.1342,3,7,1,0.664967,9.8984,0.2261,8.522
40,8,in,0.1342,4,0,1,0.835292,0.0300,0.4755,3.553
40,8,in,0.1342,4,1,1,0.713810,11.1924,179.9546,3.553
40,8,in,0.1342,4,2,1,0.707148,14.7670,179.9546,3.553
40,8,in,0.1342,4,3,1,0.654556,5.9991,0.4755,3.553
40,8,in,0.1342,4,4,1,0.652858,7.6689,179.9546,3.553
40,8,in,0.1342,4,5,1,0.660205,7.8770,179.9546,3.553
40,8,in,0.1342,4,6,1,0.637791,9.4719,0.5272,3.553
40,8,in,0.1342,4,7,1,0.602921,10.0555,0.4755,3.553
40,8,in,0.1342,5,0,1,0.878728,0.0215,0.3318,14.602
40,8,in,0.1342,5,1,1,0.722539,10.8910,179.8501,14.602
40,8,in,0.1342,5,2,1,0.699862,14.2881,179.8501,14.602
40,8,in,0.1342,5,3,1,0.679280,5.9938,0.3318,14.602
40,8,in,0.1342,5,4,1,0.690461,8.4811,179.8501,14.602
40,8,in,0.1342,5,5,1,0.683542,8.1778,179.8501,14.602
40,8,in,0.1342,5,6,1,0.678847,9.3874,0.3318,14.602
40,8,in,0.1342,5,7,1,0.634506,9.8206,0.3318,14.602
40,8,in,0.1342,6,0,1,0.864418,0.0135,0.2430,10.300
40,8,in,0.1342,6,1,1,0.718304,10.3218,179.7220,10.300
40,8,in,0.1342,6,2,1,0.717712,13.9282,179.7220,10.300
40,8,in,0.1342,6,3,1,0.660946,5.9883,0.2430,10.300
40,8,in,0.1342,6,4,1,0.680309,8.9645,179.2753,10.300
40,8,in,0.1342,6,5,1,0.681848,8.5610,179.2753,10.300
40,8,in,0.1342,6,6,1,0.681973,9.2967,0.2430,10.300
40,8,in,0.1342,6,7,1,0.626219,9.7491,0.2430,10.300
40,8,in,0.1342,7,0,1,0.801595,0.0272,0.4923,2.004
40,8,in,0.1342,7,1,1,0.668430,9.7467,179.9714,2.004
40,8,in,0.1342,7,2,1,0.669084,13.4248,179.9714,2.004
40,8,in,0.1342,7,3,1,0.624268,5.9978,0.4923,2.004
40,8,in,0.1342,7,4,1,0.631649,9.7139,179.9714,2.004
40,8,in,0.1342,7,5,1,0.624694,9.0428,179.9714,2.004
40,8,in,0.1342,7,6,1,0.640404,9.4721,0.4923,2.004
40,8,in,0.1342,7,7,1,0.584651,9.7389,0.4923,2.004
40,8,in,0.1342,8,0,1,0.870365,0.0139,0.2979,8.569
40,8,in,0.1342,8,1,1,0.753189,9.2285,179.8162,8.569
40,8,in,0.1342,8,2,1,0.756252,12.8878,179.8162,8.569
40,8,in,0.1342,8,3,1,0.701262,5.9956,0.2979,8.569
40,8,in,0.1342,8,4,1,0.712794,10.1248,179.8162,8.569
40,8,in,0.1342,8,5,1,0.703228,9.9436,179.8162,8.569
40,8,in,0.1342,8,6,1,0.709777,9.6937,0.2979,8.569
40,8,in,0.1342,8,7,1,0.653242,9.5138,0.2979,8.569
40,8,in,0.1342,9,0,1,0.852546,0.0319,0.2112,4.750
40,8,in,0.1342,9,1,1,0.714060,8.6562,179.6902,4.750
40,8,in,0.1342,9,2,1,0.700400,12.3337,179.6902,4.750
40,8,in,0.1342,9,3,1,0.668936,6.0051,0.2112,4.750
40,8,in,0.1342,9,4,1,0.672124,10.3380,179.6902,4.750
40,8,in,0.1342,9,5,1,0.658332,10.4155,179.6902,4.750
40,8,in,0.1342,9,6,1,0.695274,9.4801,0.2112,4.750
40,8,in,0.1342,9,7,1,0.653928,9.5055,0.2112,4.750
40,8,in,0.1342,10,0,1,0.832778,0.0324,0.4873,2.666
40,8,in,0.1342,10,1,1,0.719408,8.0649,179.9663,2.666
40,8,in,0.1342,10,2,1,0.721067,11.7683,179.9663,2.666
40,8,in,0.1342,10,3,1,0.704277,6.0129,0.4873,2.666
40,8,in,0.1342,10,4,1,0.687838,10.6817,179.9663,2.666
40,8,in,0.1342,10,5,1,0.669646,10.7198,179.0310,2.666
40,8,in,0.1342,10,6,1,0.704447,9.2539,0.5154,2.666
40,8,in,0.1342,10,7,1,0.667365,9.3577,0.4873,2.666
40,8,in,0.1342,11,0,1,0.846254,0.0195,0.0483,2.917
40,8,in,0.1342,11,1,1,0.747913,7.3712,179.5273,2.917
40,8,in,0.1342,11,2,1,0.740562,11.1117,179.5273,2.917
40,8,in,0.1342,11,3,1,0.739691,6.0034,0.0483,2.917
40,8,in,0.1342,11,4,1,0.695160,11.0250,179.5273,2.917
40,8,in,0.1342,11,5,1,0.704604,11.3185,179.4700,2.917
40,8,in,0.1342,11,6,1,0.722120,9.0149,0.0483,2.917
40,8,in,0.1342,11,7,1,0.698883,9.3597,0.0483,2.917
40,9,out,0.5441,0,0,1,0.473845,0.0307,0.3676,1693.727
40,9,out,0.5441,0,1,1,0.465222,34.8617,179.8467,1693.727
40,9,out,0.5441,0,2,1,0.459544,35.6729,179.8467,1693.727
40,9,out,0.5441,0,3,1,0.457916,37.5389,179.8467,1693.727
40,9,out,0.5441,0,4,1,0.448270,11.9841,0.3676,1693.727
40,9,out,0.5441,0,5,1,0.446034,6.0160,0.3676,1693.727
40,9,out,0.5441,0,6,1,0.444113,5.9842,0.6350,1693.727
40,9,out,0.5441,0,7,1,0.441173,34.7556,179.8467,1693.727
40,9,out,0.5441,1,0,1,0.445359,0.0454,0.2872,2.128
40,9,out,0.5441,1,1,1,0.446998,35.2578,179.8055,2.128
40,9,out,0.5441,1,2,1,0.427165,36.1726,179.8055,2.128
40,9,out,0.5441,1,3,1,0.413229,38.0675,179.8055,2.128
40,9,out,0.5441,1,4,1,0.437823,12.0720,0.2872,2.128
40,9,out,0.5441,1,5,1,0.412493,6.0281,0.2872,2.128
40,9,out,0.5441,1,6,1,0.436945,5.9760,0.2872,2.128
40,9,out,0.5441,1,7,1,0.436862,35.2106,179.8055,2.128
40,9,out,0.5441,2,0,1,0.514981,0.0227,0.3144,1.685
40,9,out,0.5441,2,1,1,0.480068,35.6218,179.7935,1.685
40,9,out,0.5441,2,2,1,0.489551,36.6936,179.7935,1.685
40,9,out,0.5441,2,3,1,0.465593,38.6416,179.7935,1.685
40,9,out,0.5441,2,4,1,0.485768,11.9898,0.3144,1.685
40,9,out,0.5441,2,5,1,0.483584,6.0103,0.3144,1.685
40,9,out,0.5441,2,6,1,0.493759,5.9937,0.3144,1.685
40,9,out,0.5441,2,7,1,0.486107,35.6604,179.7935,1.685
40,9,out,0.5441,3,0,1,0.462648,0.0230,0.4548,2.089
40,9,out,0.5441,3,1,1,0.429828,35.9307,179.9731,2.089
40,9,out,0.5441,3,2,1,0.454089,37.1523,179.9731,2.089
40,9,out,0.5441,3,3,1,0.422115,39.1528,179.9731,2.089
40,9,out,0.5441,3,4,1,0.443400,11.9908,0.5479,2.089
40,9,out,0.5441,3,5,1,0.427419,6.0092,0.4548,2.089
40,9,out,0.5441,3,6,1,0.437396,5.9947,0.4548,2.089
40,9,out,0.5441,3,7,1,0.435811,36.0507,179.9731,2.089
40,9,out,0.5441,4,0,1,0.497800,0.0399,0.3903,1.983
40,9,out,0.5441,4,1,1,0.454711,36.2616,179.8693,1.983
40,9,out,0.5441,4,2,1,0.448337,37.6276,179.8693,1.983
40,9,out,0.5441,4,3,1,0.453728,39.6774,179.8693,1.983
40,9,out,0.5441,4,4,1,0.445089,11.9969,0.3903,1.983
40,9,out,0.5441,4,5,1,0.442150,6.0000,0.3903,1.983
40,9,out,0.5441,4,6,1,0.440805,6.0042,0.3903,1.983
40,9,out,0.5441,4,7,1,0.460904,36.4605,179.8693,1.983
40,9,out,0.5441,5,0,1,0.486797,0.0311,0.1823,1.859
40,9,out,0.5441,5,1,1,0.446525,36.4607,179.7006,1.859
40,9,out,0.5441,5,2,1,0.454264,37.9965,179.7006,1.859
40,9,out,0.5441,5,3,1,0.444440,40.1113,179.7006,1.859
40,9,out,0.5441,5,4,1,0.443808,11.9910,0.1823,1.859
40,9,out,0.5441,5,5,1,0.406031,6.2058,0.1823,1.859
40,9,out,0.5441,5,6,1,0.440683,5.9983,0.1823,1.859
40,9,out,0.5441,5,7,1,0.438031,36.7500,179.7006,1.859
40,9,out,0.5441,6,0,1,0.436827,0.0510,0.4565,1.585
40,9,out,0.5441,6,1,1,0.424636,36.6805,179.9748,1.585
40,9,out,0.5441,6,2,1,0.411270,38.3778,179.9748,1.585
40,9,out,0.5441,6,3,1,0.402855,40.5530,179.9748,1.585
40,9,out,0.5441,6,4,1,0.410257,12.0082,0.4565,1.585
40,9,out,0.5441,6,5,1,0.389163,6.0888,0.5462,1.585
40,9,out,0.5441,6,6,1,0.396243,6.0155,0.4565,1.585
40,9,out,0.5441,6,7,1,0.434196,37.0561,179.9748,1.585
40,9,out,0.5441,7,0,1,0.532708,0.0248,0.2301,1.864
40,9,out,0.5441,7,1,1,0.462433,36.6050,179.7091,1.864
40,9,out,0.5441,7,2,1,0.462912,38.4956,179.7091,1.864
40,9,out,0.5441,7,3,1,0.460799,40.7542,179.7091,1.864
40,9,out,0.5441,7,4,1,0.465690,12.0004,0.2301,1.864
40,9,out,0.5441,7,5,1,0.462967,5.9969,0.2301,1.864
40,9,out,0.5441,7,6,1,0.467589,6.0076,0.2301,1.864
40,9,out,0.5441,7,7,1,0.467726,37.0799,179.7091,1.864
40,9,out,0.5441,8,0,1,0.425697,0.0151,0.1595,1.683
40,9,out,0.5441,8,1,1,0.370719,36.6252,179.6778,1.683
40,9,out,0.5441,8,2,1,0.362880,38.7007,179.6778,1.683
40,9,out,0.5441,8,3,1,0.355140,41.0363,179.6778,1.683
40,9,out,0.5441,8,4,1,0.375940,11.9972,0.1595,1.683
40,9,out,0.5441,8,5,1,0.353440,6.0000,0.1595,1.683
40,9,out,0.5441,8,6,1,0.371854,6.0044,0.1595,1.683
40,9,out,0.5441,8,7,1,0.378399,37.2133,179.6778,1.683
40,9,out,0.5441,9,0,1,0.507377,0.0247,0.3884,1.848
40,9,out,0.5441,9,1,1,0.429207,36.6116,179.9067,1.848
40,9,out,0.5441,9,2,1,0.441047,38.8727,179.9067,1.848
40,9,out,0.5441,9,3,1,0.420738,41.2847,179.9067,1.848
40,9,out,0.5441,9,4,1,0.445345,12.0045,0.3884,1.848
40,9,out,0.5441,9,5,1,0.446423,5.9928,0.3884,1.848
40,9,out,0.5441,9,6,1,0.450625,6.0116,0.3884,1.848
40,9,out,0.5441,9,7,1,0.443868,37.2793,179.9067,1.848
40,9,out,0.5441,10,0,1,0.492409,0.0282,0.1369,1.861
40,9,out,0.5441,10,1,1,0.436033,36.6981,179.6552,1.861
40,9,out,0.5441,10,2,1,0.444340,39.1319,179.6552,1.861
40,9,out,0.5441,10,3,1,0.410794,41.6597,179.6552,1.861
40,9,out,0.5441,10,4,1,0.449660,12.0244,0.1369,1.861
40,9,out,0.5441,10,5,1,0.425318,5.9728,0.1369,1.861
40,9,out,0.5441,10,6,1,0.441333,6.0316,0.1369,1.861
40,9,out,0.5441,10,7,1,0.448354,37.4570,179.6552,1.861
40,9,out,0.5441,11,0,1,0.498163,0.0179,0.5551,2.106
40,9,out,0.5441,11,1,1,0.444909,36.8014,179.9266,2.106
40,9,out,0.5441,11,2,1,0.430072,39.4139,179.9266,2.106
40,9,out,0.5441,11,3,1,0.423710,41.9644,179.9266,2.106
40,9,out,0.5441,11,4,1,0.440542,12.0140,0.5551,2.106
40,9,out,0.5441,11,5,1,0.424757,5.9832,0.5551,2.106
40,9,out,0.5441,11,6,1,0.443934,6.0212,0.5551,2.106
40,9,out,0.5441,11,7,1,0.440378,37.6771,179.9266,2.106
40,10,out,0.2971,0,0,1,0.637621,0.0719,0.2412,1534.688
40,10,out,0.2971,0,1,1,0.497833,44.6307,179.7595,1534.688
40,10,out,0.2971,0,2,1,0.496465,6.4719,0.2412,1534.688
40,10,out,0.2971,0,3,1,0.492743,39.9008,179.7595,1534.688
40,10,out,0.2971,0,4,1,0.490997,41.9170,179.7595,1534.688
40,10,out,0.2971,0,5,1,0.480172,12.4719,0.2412,1534.688
40,10,out,0.2971,0,6,1,0.479125,18.3719,0.7615,1534.688
40,10,out,0.2971,0,7,1,0.479003,32.6612,89.9996,1534.688
40,10,out,0.2971,1,0,1,0.699031,0.0058,0.3960,2.077
40,10,out,0.2971,1,1,1,0.502578,44.2174,179.8750,2.077
40,10,out,0.2971,1,2,1,0.526288,6.3950,0.3960,2.077
40,10,out,0.2971,1,3,1,0.489258,39.6497,179.1223,2.077
40,10,out,0.2971,1,4,1,0.503040,41.5648,179.8750,2.077
40,10,out,0.2971,1,5,1,0.509727,12.3950,0.3960,2.077
40,10,out,0.2971,1,6,1,0.488028,18.3961,0.3960,2.077
40,10,out,0.2971,1,7,1,0.486440,32.3367,89.6341,2.077
40,10,out,0.2971,2,0,1,0.711758,0.0391,0.0858,5.879
40,10,out,0.2971,2,1,1,0.534197,44.0250,179.5648,5.879
40,10,out,0.2971,2,2,1,0.542763,6.4820,0.0858,5.879
40,10,out,0.2971,2,3,1,0.529751,39.5245,179.5648,5.879
40,10,out,0.2971,2,4,1,0.528161,41.4006,179.5648,5.879
40,10,out,0.2971,2,5,1,0.537279,12.0820,0.0858,5.879
40,10,out,0.2971,2,6,1,0.528873,18.0830,0.0858,5.879
40,10,out,0.2971,2,7,1,0.523212,32.0730,90.3267,5.879
40,10,out,0.2971,3,0,1,0.688067,0.0378,0.4484,2.011
40,10,out,0.2971,3,1,1,0.517161,44.0233,179.9667,2.011
40,10,out,0.2971,3,2,1,0.516206,6.4862,0.4484,2.011
40,10,out,0.2971,3,3,1,0.484033,39.5486,179.9667,2.011
40,10,out,0.2971,3,4,1,0.499129,41.3994,179.9667,2.011
40,10,out,0.2971,3,5,1,0.495440,12.0861,0.4484,2.011
40,10,out,0.2971,3,6,1,0.483810,17.9872,0.4484,2.011
40,10,out,0.2971,3,7,1,0.461913,32.0690,89.7924,2.011
40,10,out,0.2971,4,0,1,0.677733,0.0425,0.2762,5.859
40,10,out,0.2971,4,1,1,0.523942,44.6064,179.7945,5.859
40,10,out,0.2971,4,2,1,0.506396,6.4800,0.2762,5.859
40,10,out,0.2971,4,3,1,0.516267,40.1368,179.7945,5.859
40,10,out,0.2971,4,4,1,0.523416,42.0019,179.7945,5.859
40,10,out,0.2971,4,5,1,0.527390,11.9799,0.2762,5.859
40,10,out,0.2971,4,6,1,0.512685,17.9810,0.2762,5.859
40,10,out,0.2971,4,7,1,0.461944,32.4400,89.9647,5.859
40,10,out,0.2971,5,0,1,0.633226,0.0362,0.1332,1.945
40,10,out,0.2971,5,1,1,0.508149,44.6002,179.6515,1.945
40,10,out,0.2971,5,2,1,0.515399,6.4814,0.1332,1.945
40,10,out,0.2971,5,3,1,0.484488,40.1303,179.6515,1.945
40,10,out,0.2971,5,4,1,0.494129,41.9580,179.3458,1.945
40,10,out,0.2971,5,5,1,0.496475,12.0813,0.1332,1.945
40,10,out,0.2971,5,6,1,0.495364,18.0824,0.1332,1.945
40,10,out,0.2971,5,7,1,0.475251,32.4371,90.1076,1.945
40,10,out,0.2971,6,0,1,0.680599,0.0319,0.1131,5.945
40,10,out,0.2971,6,1,1,0.530596,44.5470,179.3660,5.945
40,10,out,0.2971,6,2,1,0.527461,6.3822,0.1131,5.945
40,10,out,0.2971,6,3,1,0.525822,40.1257,179.6313,5.945
40,10,out,0.2971,6,4,1,0.523344,41.9909,179.6313,5.945
40,10,out,0.2971,6,5,1,0.521157,12.0822,0.1131,5.945
40,10,out,0.2971,6,6,1,0.524975,17.9832,0.1131,5.945
40,10,out,0.2971,6,7,1,0.484638,32.4352,90.1278,5.945
40,10,out,0.2971,7,0,1,0.695612,0.0438,0.2999,1.879
40,10,out,0.2971,7,1,1,0.522981,44.2027,179.7789,1.879
40,10,out,0.2971,7,2,1,0.492869,6.0972,0.2999,1.879
40,10,out,0.2971,7,3,1,0.500101,39.6075,179.7789,1.879
40,10,out,0.2971,7,4,1,0.507060,41.5447,179.7789,1.879
40,10,out,0.2971,7,5,1,0.506114,11.9971,0.2999,1.879
40,10,out,0.2971,7,6,1,0.484393,17.9982,0.2999,1.879
40,10,out,0.2971,7,7,1,0.468398,32.1538,89.5381,1.879
40,10,out,0.2971,8,0,1,0.689305,0.0389,0.0053,6.213
40,10,out,0.2971,8,1,1,0.491108,43.9240,179.4843,6.213
40,10,out,0.2971,8,2,1,0.494861,6.4018,0.0053,6.213
40,10,out,0.2971,8,3,1,0.463973,39.2232,179.4843,6.213
40,10,out,0.2971,8,4,1,0.471982,41.1619,179.4843,6.213
40,10,out,0.2971,8,5,1,0.486126,12.0017,0.0053,6.213
40,10,out,0.2971,8,6,1,0.481633,18.0028,0.0053,6.213
40,10,out,0.2971,8,7,1,0.479102,31.9757,90.2461,6.213
40,10,out,0.2971,9,0,1,0.720877,0.0195,0.0929,2.109
40,10,out,0.2971,9,1,1,0.549902,43.5970,179.6112,2.109
40,10,out,0.2971,9,2,1,0.554587,6.3008,0.9098,2.109
40,10,out,0.2971,9,3,1,0.534441,38.7422,179.6112,2.109
40,10,out,0.2971,9,4,1,0.539672,40.7302,179.6112,2.109
40,10,out,0.2971,9,5,1,0.545687,12.1008,0.0929,2.109
40,10,out,0.2971,9,6,1,0.541059,18.1019,0.0929,2.109
40,10,out,0.2971,9,7,1,0.476226,31.7672,90.1479,2.109
40,10,out,0.2971,10,0,1,0.733858,0.0253,0.5803,6.313
40,10,out,0.2971,10,1,1,0.564424,43.2738,179.9407,6.313
40,10,out,0.2971,10,2,1,0.559147,6.0096,0.4224,6.313
40,10,out,0.2971,10,3,1,0.552151,38.3256,179.9407,6.313
40,10,out,0.2971,10,4,1,0.557735,40.4277,179.9407,6.313
40,10,out,0.2971,10,5,1,0.563090,12.0050,0.5803,6.313
40,10,out,0.2971,10,6,1,0.545359,18.0060,0.5803,6.313
40,10,out,0.2971,10,7,1,0.506406,31.5513,89.8185,6.313
40,10,out,0.2971,11,0,1,0.697371,0.0296,0.1842,7.126
40,10,out,0.2971,11,1,1,0.575877,43.2797,179.7025,7.126
40,10,out,0.2971,11,2,1,0.559439,6.0063,0.1842,7.126
40,10,out,0.2971,11,3,1,0.554369,38.3312,179.7025,7.126
40,10,out,0.2971,11,4,1,0.563797,40.4335,179.7025,7.126
40,10,out,0.2971,11,5,1,0.570897,12.0016,0.1842,7.126
40,10,out,0.2971,11,6,1,0.552272,18.1026,0.1842,7.126
40,10,out,0.2971,11,7,1,0.488259,31.5555,89.0540,7.126
40,11,in,0.6648,0,-1,0,0,0,0,3524.261
40,11,in,0.6648,1,-1,0,0,0,0,0.000
40,11,in,0.6648,2,-1,0,0,0,0,0.000
40,11,in,0.6648,3,-1,0,0,0,0,0.000
40,11,in,0.6648,4,-1,0,0,0,0,0.000
40,11,in,0.6648,5,-1,0,0,0,0,0.000
40,11,in,0.6648,6,-1,0,0,0,0,0.000
40,11,in,0.6648,7,-1,0,0,0,0,0.000
40,11,in,0.6648,8,-1,0,0,0,0,0.000
40,11,in,0.6648,9,-1,0,0,0,0,0.000
40,11,in,0.6648,10,-1,0,0,0,0,0.000
40,11,in,0.6648,11,-1,0,0,0,0,0.000
40,12,out,0.0988,0,0,1,0.858774,0.0348,0.0324,593.428
40,12,out,0.0988,0,1,1,0.762702,18.0348,0.0324,593.428
40,12,out,0.0988,0,2,1,0.750904,6.0348,0.0324,593.428
40,12,out,0.0988,0,3,1,0.748171,12.0348,0.0324,593.428
40,12,out,0.0988,0,4,1,0.743774,30.1935,179.4466,593.428
40,12,out,0.0988,0,5,1,0.743016,30.0202,179.4466,593.428
40,12,out,0.0988,0,6,1,0.741571,29.5030,179.4466,593.428
40,12,out,0.0988,0,7,1,0.735925,32.0135,179.5507,593.428
40,12,out,0.0988,1,0,1,0.891406,0.0242,0.1229,2.088
40,12,out,0.0988,1,1,1,0.784920,18.0242,0.1229,2.088
40,12,out,0.0988,1,2,1,0.770614,6.0242,0.1229,2.088
40,12,out,0.0988,1,3,1,0.774811,12.0242,0.1229,2.088
40,12,out,0.0988,1,4,1,0.767506,30.5846,179.6020,2.088
40,12,out,0.0988,1,5,1,0.766264,30.5537,179.6020,2.088
40,12,out,0.0988,1,6,1,0.774391,29.9745,179.6020,2.088
40,12,out,0.0988,1,7,1,0.762277,32.3122,179.6020,2.088
40,12,out,0.0988,2,0,1,0.867187,0.0277,0.2226,1.761
40,12,out,0.0988,2,1,1,0.786017,18.0154,0.2226,1.761
40,12,out,0.0988,2,2,1,0.767411,6.0154,0.2226,1.761
40,12,out,0.0988,2,3,1,0.771665,12.0154,0.2226,1.761
40,12,out,0.0988,2,4,1,0.775606,30.9900,179.7409,1.761
40,12,out,0.0988,2,5,1,0.775082,31.1036,179.7409,1.761
40,12,out,0.0988,2,6,1,0.774089,30.4616,179.7409,1.761
40,12,out,0.0988,2,7,1,0.773680,32.6277,179.7409,1.761
40,12,out,0.0988,3,0,1,0.931486,0.0191,0.4306,1.719
40,12,out,0.0988,3,1,1,0.840158,18.0103,0.4306,1.719
40,12,out,0.0988,3,2,1,0.831076,6.0104,0.5720,1.719
40,12,out,0.0988,3,3,1,0.831258,12.0103,0.4306,1.719
40,12,out,0.0988,3,4,1,0.840513,31.3628,179.9489,1.719
40,12,out,0.0988,3,5,1,0.840512,31.6219,179.9489,1.719
40,12,out,0.0988,3,6,1,0.843003,30.9157,179.9489,1.719
40,12,out,0.0988,3,7,1,0.835789,32.9117,179.9489,1.719
40,12,out,0.0988,4,0,1,0.886193,0.0178,0.2427,1.666
40,12,out,0.0988,4,1,1,0.795974,18.0071,0.2427,1.666
40,12,out,0.0988,4,2,1,0.785283,6.0109,0.2427,1.666
40,12,out,0.0988,4,3,1,0.788290,12.0071,0.2427,1.666
40,12,out,0.0988,4,4,1,0.787033,31.7270,179.7610,1.666
40,12,out,0.0988,4,5,1,0.790625,32.1362,179.7610,1.666
40,12,out,0.0988,4,6,1,0.788117,31.3635,179.7610,1.666
40,12,out,0.0988,4,7,1,0.782555,33.1851,179.7610,1.666
40,12,out,0.0988,5,0,1,0.873916,0.0252,0.1197,1.635
40,12,out,0.0988,5,1,1,0.794315,17.9944,0.1197,1.635
40,12,out,0.0988,5,2,1,0.793027,5.9983,0.1197,1.635
40,12,out,0.0988,5,3,1,0.789852,11.9944,0.1197,1.635
40,12,out,0.0988,5,4,1,0.787727,32.2141,179.6380,1.635
40,12,out,0.0988,5,5,1,0.786249,32.7186,179.6380,1.635
40,12,out,0.0988,5,6,1,0.789594,31.9081,179.6380,1.635
40,12,out,0.0988,5,7,1,0.790343,33.6019,179.6380,1.635
40,12,out,0.0988,6,0,1,0.876008,0.0778,0.0990,1.780
40,12,out,0.0988,6,1,1,0.788635,18.0732,0.0990,1.780
40,12,out,0.0988,6,2,1,0.782600,5.9770,0.0990,1.780
40,12,out,0.0988,6,3,1,0.787249,12.0732,0.0990,1.780
40,12,out,0.0988,6,4,1,0.782545,32.6996,179.5780,1.780
40,12,out,0.0988,6,5,1,0.780267,33.2934,179.5780,1.780
40,12,out,0.0988,6,6,1,0.787623,32.4478,179.5780,1.780
40,12,out,0.0988,6,7,1,0.782945,34.0204,179.5780,1.780
40,12,out,0.0988,7,0,1,0.899237,0.0418,0.0280,1.630
40,12,out,0.0988,7,1,1,0.803931,17.9806,0.0280,1.630
40,12,out,0.0988,7,2,1,0.805737,5.9844,0.0280,1.630
40,12,out,0.0988,7,3,1,0.799135,11.9806,0.0280,1.630
40,12,out,0.0988,7,4,1,0.801662,33.1062,179.4510,1.630
40,12,out,0.0988,7,5,1,0.792659,33.8362,179.4510,1.630
40,12,out,0.0988,7,6,1,0.800835,32.9310,179.4510,1.630
40,12,out,0.0988,7,7,1,0.798609,34.3410,179.4510,1.630
40,12,out,0.0988,8,0,1,0.885515,0.0349,0.3560,1.652
40,12,out,0.0988,8,1,1,0.810018,17.9972,0.3560,1.652
40,12,out,0.0988,8,2,1,0.818762,6.0011,0.3560,1.652
40,12,out,0.0988,8,3,1,0.807862,11.9972,0.3560,1.652
40,12,out,0.0988,8,4,1,0.814990,33.5722,179.8743,1.652
40,12,out,0.0988,8,5,1,0.814321,34.4089,179.8743,1.652
40,12,out,0.0988,8,6,1,0.815075,33.4594,179.8743,1.652
40,12,out,0.0988,8,7,1,0.821483,34.7328,179.8743,1.652
40,12,out,0.0988,9,0,1,0.872519,0.0418,0.2238,1.692
40,12,out,0.0988,9,1,1,0.802082,17.9991,0.2238,1.692
40,12,out,0.0988,9,2,1,0.795772,6.0030,0.2238,1.692
40,12,out,0.0988,9,3,1,0.791683,11.9991,0.2238,1.692
40,12,out,0.0988,9,4,1,0.781463,34.1239,179.7421,1.692
40,12,out,0.0988,9,5,1,0.782242,35.0142,179.7421,1.692
40,12,out,0.0988,9,6,1,0.783896,34.0473,179.7421,1.692
40,12,out,0.0988,9,7,1,0.791157,35.2332,179.7421,1.692
40,12,out,0.0988,10,0,1,0.899083,0.0487,0.0946,1.632
40,12,out,0.0988,10,1,1,0.827701,17.9845,0.0946,1.632
40,12,out,0.0988,10,2,1,0.837042,5.9884,0.0946,1.632
40,12,out,0.0988,10,3,1,0.826872,11.9846,0.0946,1.632
40,12,out,0.0988,10,4,1,0.784828,34.6110,179.6129,1.632
40,12,out,0.0988,10,5,1,0.795580,35.5155,179.6129,1.632
40,12,out,0.0988,10,6,1,0.789389,34.5490,179.6129,1.632
40,12,out,0.0988,10,7,1,0.790444,35.7885,179.6129,1.632
40,12,out,0.0988,11,0,1,0.871365,0.0359,0.0880,1.795
40,12,out,0.0988,11,1,1,0.805815,17.9869,0.0880,1.795
40,12,out,0.0988,11,2,1,0.811395,5.9908,0.0880,1.795
40,12,out,0.0988,11,3,1,0.794843,11.9869,0.0880,1.795
40,12,out,0.0988,11,4,1,0.791438,35.2404,179.6063,1.795
40,12,out,0.0988,11,5,1,0.801271,36.1976,179.6063,1.795
40,12,out,0.0988,11,6,1,0.792638,35.2147,179.6063,1.795
40,12,out,0.0988,11,7,1,0.785353,36.2685,179.6063,1.795
40,13,in,0.7386,0,-1,0,0,0,0,3030.897
40,13,in,0.7386,1,-1,0,0,0,0,0.000
40,13,in,0.7386,2,-1,0,0,0,0,0.000
40,13,in,0.7386,3,-1,0,0,0,0,0.000
40,13,in,0.7386,4,-1,0,0,0,0,0.000
40,13,in,0.7386,5,-1,0,0,0,0,0.000
40,13,in,0.7386,6,-1,0,0,0,0,0.000
40,13,in,0.7386,7,-1,0,0,0,0,0.000
40,13,in,0.7386,8,-1,0,0,0,0,0.000
40,13,in,0.7386,9,-1,0,0,0,0,0.000
40,13,in,0.7386,10,-1,0,0,0,0,0.000
40,13,in,0.7386,11,-1,0,0,0,0,0.000
40,14,out,0.1697,0,0,1,0.794960,0.0632,0.3696,390.269
40,14,out,0.1697,0,1,1,0.684729,19.3899,179.1487,390.269
40,14,out,0.1697,0,2,1,0.684298,23.9206,179.1487,390.269
40,14,out,0.1697,0,3,1,0.676577,18.0507,0.3696,390.269
40,14,out,0.1697,0,4,1,0.676498,12.0507,0.3696,390.269
40,14,out,0.1697,0,5,1,0.673417,6.0508,0.3696,390.269
40,14,out,0.1697,0,6,1,0.672449,24.0507,0.3696,390.269
40,14,out,0.1697,0,7,1,0.672188,19.2192,179.1487,390.269
40,14,out,0.1697,1,0,1,0.791194,0.0741,0.3552,2.148
40,14,out,0.1697,1,1,1,0.679658,18.9369,179.8735,2.148
40,14,out,0.1697,1,2,1,0.668641,23.3315,179.8735,2.148
40,14,out,0.1697,1,3,1,0.685967,18.0344,0.3552,2.148
40,14,out,0.1697,1,4,1,0.679148,12.0345,0.3552,2.148
40,14,out,0.1697,1,5,1,0.677433,6.0346,0.3552,2.148
40,14,out,0.1697,1,6,1,0.659041,24.0344,0.3552,2.148
40,14,out,0.1697,1,7,1,0.684911,18.6688,179.8735,2.148
40,14,out,0.1697,2,0,1,0.820225,0.0396,0.0945,2.187
40,14,out,0.1697,2,1,1,0.684407,18.3996,179.4238,2.187
40,14,out,0.1697,2,2,1,0.653729,22.7935,179.4238,2.187
40,14,out,0.1697,2,3,1,0.698613,18.0140,0.0945,2.187
40,14,out,0.1697,2,4,1,0.682515,12.0141,0.0945,2.187
40,14,out,0.1697,2,5,1,0.694205,6.0141,0.0945,2.187
40,14,out,0.1697,2,6,1,0.681422,24.0140,0.0945,2.187
40,14,out,0.1697,2,7,1,0.687488,18.0797,179.4238,2.187
40,14,out,0.1697,3,0,1,0.793292,0.0319,0.4573,2.000
40,14,out,0.1697,3,1,1,0.665926,17.8188,179.9756,2.000
40,14,out,0.1697,3,2,1,0.656081,22.2322,179.9756,2.000
40,14,out,0.1697,3,3,1,0.683001,18.0313,0.5453,2.000
40,14,out,0.1697,3,4,1,0.672969,12.0313,0.5453,2.000
40,14,out,0.1697,3,5,1,0.679300,6.0313,0.4573,2.000
40,14,out,0.1697,3,6,1,0.662498,24.0313,0.5453,2.000
40,14,out,0.1697,3,7,1,0.669084,17.4480,179.9756,2.000
40,14,out,0.1697,4,0,1,0.792339,0.0441,0.2212,2.388
40,14,out,0.1697,4,1,1,0.640495,17.2221,179.7003,2.388
40,14,out,0.1697,4,2,1,0.644034,21.8592,179.7003,2.388
40,14,out,0.1697,4,3,1,0.649091,18.0487,0.2212,2.388
40,14,out,0.1697,4,4,1,0.642685,12.0487,0.2212,2.388
40,14,out,0.1697,4,5,1,0.652071,6.0436,0.7814,2.388
40,14,out,0.1697,4,6,1,0.638863,24.0487,0.2212,2.388
40,14,out,0.1697,4,7,1,0.660127,16.8822,179.7003,2.388
40,14,out,0.1697,5,0,1,0.798318,0.0673,0.5848,2.267
40,14,out,0.1697,5,1,1,0.688412,16.7017,178.9335,2.267
40,14,out,0.1697,5,2,1,0.676232,21.3790,179.9362,2.267
40,14,out,0.1697,5,3,1,0.687995,18.0662,0.4179,2.267
40,14,out,0.1697,5,4,1,0.681137,12.0664,0.5848,2.267
40,14,out,0.1697,5,5,1,0.686962,6.0557,0.5848,2.267
40,14,out,0.1697,5,6,1,0.670167,24.0662,0.5848,2.267
40,14,out,0.1697,5,7,1,0.689637,16.2530,179.9362,2.267
40,14,out,0.1697,6,0,1,0.811323,0.0852,0.1676,2.145
40,14,out,0.1697,6,1,1,0.672775,16.0719,179.6859,2.145
40,14,out,0.1697,6,2,1,0.639008,21.0263,179.6859,2.145
40,14,out,0.1697,6,3,1,0.667596,18.0724,0.1676,2.145
40,14,out,0.1697,6,4,1,0.668106,12.0779,0.8351,2.145
40,14,out,0.1697,6,5,1,0.676020,6.0671,0.1676,2.145
40,14,out,0.1697,6,6,1,0.656158,24.0779,0.1676,2.145
40,14,out,0.1697,6,7,1,0.677323,15.7637,179.6859,2.145
40,14,out,0.1697,7,0,1,0.828737,0.0865,0.6788,2.124
40,14,out,0.1697,7,1,1,0.696567,15.4912,179.8029,2.124
40,14,out,0.1697,7,2,1,0.645356,20.6026,179.8029,2.124
40,14,out,0.1697,7,3,1,0.686630,18.0629,0.3239,2.124
40,14,out,0.1697,7,4,1,0.680632,12.0739,0.3239,2.124
40,14,out,0.1697,7,5,1,0.693864,6.0575,0.3239,2.124
40,14,out,0.1697,7,6,1,0.678021,24.0684,0.3239,2.124
40,14,out,0.1697,7,7,1,0.700136,15.1476,179.8029,2.124
40,14,out,0.1697,8,0,1,0.835497,0.0645,0.4182,1.872
40,14,out,0.1697,8,1,1,0.679411,14.9003,179.8972,1.872
40,14,out,0.1697,8,2,1,0.626743,20.1814,179.8972,1.872
40,14,out,0.1697,8,3,1,0.678921,18.0588,0.5845,1.872
40,14,out,0.1697,8,4,1,0.693851,12.0698,0.4182,1.872
40,14,out,0.1697,8,5,1,0.692617,6.0534,0.4182,1.872
40,14,out,0.1697,8,6,1,0.679626,24.0642,0.4182,1.872
40,14,out,0.1697,8,7,1,0.697460,14.5517,179.8972,1.872
40,14,out,0.1697,9,0,1,0.761966,0.0682,0.2275,2.181
40,14,out,0.1697,9,1,1,0.625178,14.3012,179.7066,2.181
40,14,out,0.1697,9,2,1,0.549330,19.7923,179.7066,2.181
40,14,out,0.1697,9,3,1,0.643424,18.0626,0.2275,2.181
40,14,out,0.1697,9,4,1,0.621826,12.0790,0.2275,2.181
40,14,out,0.1697,9,5,1,0.625533,6.0625,0.2275,2.181
40,14,out,0.1697,9,6,1,0.610048,24.0735,0.2275,2.181
40,14,out,0.1697,9,7,1,0.620699,13.9608,179.7066,2.181
40,14,out,0.1697,10,0,1,0.809858,0.0701,0.2881,2.005
40,14,out,0.1697,10,1,1,0.649102,13.7510,179.8064,2.005
40,14,out,0.1697,10,2,1,0.529731,19.3706,179.8064,2.005
40,14,out,0.1697,10,3,1,0.666216,18.0413,0.2881,2.005
40,14,out,0.1697,10,4,1,0.636256,12.0577,0.7146,2.005
40,14,out,0.1697,10,5,1,0.645247,6.0413,0.2881,2.005
40,14,out,0.1697,10,6,1,0.639715,24.0521,0.7146,2.005
40,14,out,0.1697,10,7,1,0.659677,13.3832,179.8064,2.005
40,14,out,0.1697,11,0,1,0.768771,0.0501,0.2155,1.842
40,14,out,0.1697,11,1,1,0.586448,13.1595,179.7338,1.842
40,14,out,0.1697,11,2,1,0.489442,18.9634,179.7338,1.842
40,14,out,0.1697,11,3,1,0.606503,18.0405,0.2155,1.842
40,14,out,0.1697,11,4,1,0.585600,12.0624,0.2155,1.842
40,14,out,0.1697,11,5,1,0.603242,6.0405,0.2155,1.842
40,14,out,0.1697,11,6,1,0.575161,24.0569,0.2155,1.842
40,14,out,0.1697,11,7,1,0.595803,12.7787,179.7338,1.842
40,15,in,0.6095,0,0,1,0.497286,0.0048,0.5575,987.107
40,15,in,0.6095,0,1,1,0.464815,7.3807,0.5575,987.107
40,15,in,0.6095,0,2,1,0.462792,13.0610,0.5575,987.107
40,15,in,0.6095,0,3,1,0.459580,9.8647,179.9242,987.107
40,15,in,0.6095,0,4,1,0.457129,10.4220,179.9242,987.107
40,15,in,0.6095,0,5,1,0.452912,8.8610,179.9242,987.107
40,15,in,0.6095,0,6,1,0.452837,11.9260,179.9242,987.107
40,15,in,0.6095,0,7,1,0.451135,12.2810,179.9242,987.107
40,15,in,0.6095,1,0,1,0.428824,0.0119,0.0884,3.131
40,15,in,0.6095,1,1,1,0.360561,7.2212,0.0884,3.131
40,15,in,0.6095,1,2,1,0.374442,12.8060,0.0884,3.131
40,15,in,0.6095,1,3,1,0.365494,9.4876,178.5648,3.131
40,15,in,0.6095,1,4,1,0.367560,9.6026,179.4299,3.131
40,15,in,0.6095,1,5,1,0.372433,8.5812,178.5648,3.131
40,15,in,0.6095,1,6,1,0.375556,11.6884,179.5675,3.131
40,15,in,0.6095,1,7,1,0.373524,12.1302,179.4299,3.131
40,15,in,0.6095,2,0,1,0.449064,0.0197,0.0813,2.546
40,15,in,0.6095,2,1,1,0.360072,7.2275,0.9214,2.546
40,15,in,0.6095,2,2,1,0.371591,13.0795,0.9214,2.546
40,15,in,0.6095,2,3,1,0.369310,9.0887,179.5996,2.546
40,15,in,0.6095,2,4,1,0.397690,9.1693,179.5996,2.546
40,15,in,0.6095,2,5,1,0.373519,8.3259,179.5996,2.546
40,15,in,0.6095,2,6,1,0.370711,11.3763,179.3977,2.546
40,15,in,0.6095,2,7,1,0.358520,11.9168,179.5996,2.546
40,15,in,0.6095,3,0,1,0.453555,0.0046,0.3677,2.168
40,15,in,0.6095,3,1,1,0.407569,7.3855,0.3677,2.168
40,15,in,0.6095,3,2,1,0.390989,13.2442,0.3677,2.168
40,15,in,0.6095,3,3,1,0.401128,8.7595,179.1506,2.168
40,15,in,0.6095,3,4,1,0.386652,8.6979,179.8468,2.168
40,15,in,0.6095,3,5,1,0.391616,7.5579,179.8468,2.168
40,15,in,0.6095,3,6,1,0.395672,10.9325,178.8441,2.168
40,15,in,0.6095,3,7,1,0.386064,11.5775,179.8468,2.168
40,15,in,0.6095,4,0,1,0.561201,0.0141,0.4200,2.843
40,15,in,0.6095,4,1,1,0.477428,7.3291,0.4200,2.843
40,15,in,0.6095,4,2,1,0.475678,12.9832,0.4200,2.843
40,15,in,0.6095,4,3,1,0.461116,8.4164,179.8991,2.843
40,15,in,0.6095,4,4,1,0.479164,8.1726,179.8991,2.843
40,15,in,0.6095,4,5,1,0.500125,6.7329,179.8991,2.843
40,15,in,0.6095,4,6,1,0.456870,10.6252,179.8991,2.843
40,15,in,0.6095,4,7,1,0.457250,11.7155,179.8991,2.843
40,15,in,0.6095,5,0,1,0.406226,0.0790,0.6595,3.148
40,15,in,0.6095,5,1,1,0.373824,7.5078,0.3432,3.148
40,15,in,0.6095,5,2,1,0.383777,12.8128,0.6595,3.148
40,15,in,0.6095,5,3,1,0.395567,8.2103,179.8615,3.148
40,15,in,0.6095,5,4,1,0.383333,7.3557,179.8615,3.148
40,15,in,0.6095,5,5,1,0.340492,6.1942,179.1358,3.148
40,15,in,0.6095,5,6,1,0.368863,10.4165,179.8615,3.148
40,15,in,0.6095,5,7,1,0.350169,11.9174,178.8588,3.148
40,15,in,0.6095,6,0,1,0.430119,0.0559,0.2517,2.768
40,15,in,0.6095,6,1,1,0.355947,7.3304,0.2517,2.768
40,15,in,0.6095,6,2,1,0.347596,12.5672,0.2517,2.768
40,15,in,0.6095,6,3,1,0.364792,7.8855,179.7700,2.768
40,15,in,0.6095,6,4,1,0.353521,6.8200,179.7700,2.768
40,15,in,0.6095,6,5,1,0.356420,5.9439,179.7700,2.768
40,15,in,0.6095,6,6,1,0.350013,9.7028,179.7700,2.768
40,15,in,0.6095,6,7,1,0.324448,12.0250,179.2273,2.768
40,15,in,0.6095,7,0,1,0.391847,0.0419,0.1652,2.923
40,15,in,0.6095,7,1,1,0.345728,7.2636,0.1652,2.923
40,15,in,0.6095,7,2,1,0.346753,12.2889,0.1652,2.923
40,15,in,0.6095,7,3,1,0.350428,7.6285,179.3531,2.923
40,15,in,0.6095,7,4,1,0.366984,6.6129,179.6443,2.923
40,15,in,0.6095,7,5,1,0.353751,5.1361,179.6443,2.923
40,15,in,0.6095,7,6,1,0.346110,8.9128,179.6443,2.923
40,15,in,0.6095,7,7,1,0.307078,12.2679,179.6443,2.923
40,15,in,0.6095,8,0,1,0.460041,0.0982,0.0975,2.548
40,15,in,0.6095,8,1,1,0.398143,7.1049,0.0975,2.548
40,15,in,0.6095,8,2,1,0.353530,12.0365,0.0975,2.548
40,15,in,0.6095,8,3,1,0.378561,7.7278,179.5766,2.548
40,15,in,0.6095,8,4,1,0.382416,5.8047,179.5766,2.548
40,15,in,0.6095,8,5,1,0.374334,4.8200,179.5766,2.548
40,15,in,0.6095,8,6,1,0.374052,8.5040,179.4208,2.548
40,15,in,0.6095,8,7,1,0.349039,12.5743,179.4208,2.548
40,15,in,0.6095,9,0,1,0.472368,0.0733,0.1546,2.953
40,15,in,0.6095,9,1,1,0.412407,7.0695,0.8481,2.953
40,15,in,0.6095,9,2,1,0.379305,12.3350,0.8481,2.953
40,15,in,0.6095,9,3,1,0.412931,7.9319,179.6336,2.953
40,15,in,0.6095,9,4,1,0.384516,4.9951,179.6336,2.953
40,15,in,0.6095,9,5,1,0.388444,4.4069,179.6336,2.953
40,15,in,0.6095,9,6,1,0.388662,7.9052,178.6310,2.953
40,15,in,0.6095,9,7,1,0.350313,12.8768,179.6336,2.953
40,15,in,0.6095,10,0,1,0.378251,0.0733,0.1403,3.121
40,15,in,0.6095,10,1,1,0.330325,7.1597,0.1403,3.121
40,15,in,0.6095,10,2,1,0.314869,12.0688,1.1430,3.121
40,15,in,0.6095,10,3,1,0.335361,8.1372,179.6586,3.121
40,15,in,0.6095,10,4,1,0.320585,4.2419,179.3387,3.121
40,15,in,0.6095,10,5,1,0.320581,4.2545,179.6586,3.121
40,15,in,0.6095,10,6,1,0.345665,7.3518,179.3387,3.121
40,15,in,0.6095,10,7,1,0.318751,13.0079,178.3360,3.121
40,15,in,0.6095,11,0,1,0.458097,0.0754,0.0791,2.333
40,15,in,0.6095,11,1,1,0.384380,6.9139,0.0791,2.333
40,15,in,0.6095,11,2,1,0.368985,12.2760,0.9236,2.333
40,15,in,0.6095,11,3,1,0.382873,8.0367,179.5974,2.333
40,15,in,0.6095,11,4,1,0.372420,4.1051,178.5947,2.333
40,15,in,0.6095,11,5,1,0.375243,4.0986,179.5974,2.333
40,15,in,0.6095,11,6,1,0.378882,7.0830,179.5974,2.333
40,15,in,0.6095,11,7,1,0.345943,13.3895,179.5974,2.333
40,16,out,0.1144,0,0,1,0.830073,0.0855,0.6228,637.994
40,16,out,0.1144,0,1,1,0.748234,35.6983,179.8589,637.994
40,16,out,0.1144,0,2,1,0.738916,12.0778,0.6228,637.994
40,16,out,0.1144,0,3,1,0.738518,40.4453,178.8562,637.994
40,16,out,0.1144,0,4,1,0.737180,35.4753,179.8589,637.994
40,16,out,0.1144,0,5,1,0.734720,18.0778,0.6228,637.994
40,16,out,0.1144,0,6,1,0.734305,24.0778,0.6228,637.994
40,16,out,0.1144,0,7,1,0.734232,37.8905,178.8562,637.994
40,16,out,0.1144,1,0,1,0.846132,0.0888,0.1217,1.845
40,16,out,0.1144,1,1,1,0.778991,35.3049,179.3573,1.845
40,16,out,0.1144,1,2,1,0.760954,12.0817,0.1217,1.845
40,16,out,0.1144,1,3,1,0.778391,39.8945,179.3573,1.845
40,16,out,0.1144,1,4,1,0.770622,34.9967,179.3573,1.845
40,16,out,0.1144,1,5,1,0.759142,18.0817,1.1244,1.845
40,16,out,0.1144,1,6,1,0.761199,24.0817,1.1244,1.845
40,16,out,0.1144,1,7,1,0.775118,37.3792,179.3573,1.845
40,16,out,0.1144,2,0,1,0.856172,0.0879,0.8345,1.400
40,16,out,0.1144,2,1,1,0.777685,35.3030,179.6472,1.400
40,16,out,0.1144,2,2,1,0.768571,12.0800,0.8345,1.400
40,16,out,0.1144,2,3,1,0.757315,39.8938,178.6445,1.400
40,16,out,0.1144,2,4,1,0.757878,34.9950,179.6472,1.400
40,16,out,0.1144,2,5,1,0.770439,18.0799,0.8345,1.400
40,16,out,0.1144,2,6,1,0.770865,24.0799,0.8345,1.400
40,16,out,0.1144,2,7,1,0.761650,37.3782,179.6472,1.400
40,16,out,0.1144,3,0,1,0.864506,0.0713,0.7338,1.445
40,16,out,0.1144,3,1,1,0.782718,34.9985,179.7479,1.445
40,16,out,0.1144,3,2,1,0.781311,12.0699,0.7338,1.445
40,16,out,0.1144,3,3,1,0.781325,39.9630,179.7479,1.445
40,16,out,0.1144,3,4,1,0.773136,34.7832,179.7479,1.445
40,16,out,0.1144,3,5,1,0.779886,18.0698,0.7338,1.445
40,16,out,0.1144,3,6,1,0.780119,24.0698,0.7338,1.445
40,16,out,0.1144,3,7,1,0.775253,37.3579,179.7479,1.445
40,16,out,0.1144,4,0,1,0.855790,0.0671,0.3120,1.557
40,16,out,0.1144,4,1,1,0.776870,34.6776,179.1671,1.557
40,16,out,0.1144,4,2,1,0.763342,12.0632,0.3120,1.557
40,16,out,0.1144,4,3,1,0.766401,40.0144,179.1671,1.557
40,16,out,0.1144,4,4,1,0.762461,34.5561,179.1671,1.557
40,16,out,0.1144,4,5,1,0.770334,18.0632,0.3120,1.557
40,16,out,0.1144,4,6,1,0.770863,24.0632,0.3120,1.557
40,16,out,0.1144,4,7,1,0.763736,37.3244,179.1671,1.557
40,16,out,0.1144,5,0,1,0.827730,0.0596,0.9614,1.867
40,16,out,0.1144,5,1,1,0.703724,34.3365,179.4770,1.867
40,16,out,0.1144,5,2,1,0.761366,12.0546,0.9614,1.867
40,16,out,0.1144,5,3,1,0.774660,40.0623,179.5203,1.867
40,16,out,0.1144,5,4,1,0.772477,34.3271,179.5203,1.867
40,16,out,0.1144,5,5,1,0.771697,18.0545,0.9614,1.867
40,16,out,0.1144,5,6,1,0.771606,24.0545,0.9614,1.867
40,16,out,0.1144,5,7,1,0.779638,37.2882,179.5203,1.867
40,16,out,0.1144,6,0,1,0.810885,0.0614,0.4033,1.643
40,16,out,0.1144,6,1,1,0.724232,34.1512,179.0758,1.643
40,16,out,0.1144,6,2,1,0.721231,12.0573,0.4033,1.643
40,16,out,0.1144,6,3,1,0.719828,40.2386,179.0758,1.643
40,16,out,0.1144,6,4,1,0.714551,34.2301,179.0758,1.643
40,16,out,0.1144,6,5,1,0.717006,18.0573,0.4033,1.643
40,16,out,0.1144,6,6,1,0.714354,24.0573,0.4033,1.643
40,16,out,0.1144,6,7,1,0.717020,37.3849,179.0758,1.643
40,16,out,0.1144,7,0,1,0.838412,0.0832,0.3794,1.721
40,16,out,0.1144,7,1,1,0.775302,33.9242,179.8977,1.721
40,16,out,0.1144,7,2,1,0.755795,12.0743,0.3794,1.721
40,16,out,0.1144,7,3,1,0.760724,40.2771,179.0996,1.721
40,16,out,0.1144,7,4,1,0.764450,34.0017,179.0996,1.721
40,16,out,0.1144,7,5,1,0.767821,18.0742,0.3794,1.721
40,16,out,0.1144,7,6,1,0.763107,23.9742,0.3794,1.721
40,16,out,0.1144,7,7,1,0.764783,37.3430,179.0996,1.721
40,16,out,0.1144,8,0,1,0.875958,0.0370,0.2592,1.596
40,16,out,0.1144,8,1,1,0.779361,33.4696,179.2591,1.596
40,16,out,0.1144,8,2,1,0.783101,11.9803,0.2592,1.596
40,16,out,0.1144,8,3,1,0.778278,40.3327,179.7383,1.596
40,16,out,0.1144,8,4,1,0.775222,33.7525,179.7383,1.596
40,16,out,0.1144,8,5,1,0.773109,17.9803,0.2592,1.596
40,16,out,0.1144,8,6,1,0.766060,23.9803,0.2592,1.596
40,16,out,0.1144,8,7,1,0.779314,37.2635,179.7383,1.596
40,16,out,0.1144,9,0,1,0.861191,0.0498,0.2631,2.076
40,16,out,0.1144,9,1,1,0.769478,33.1761,179.2159,2.076
40,16,out,0.1144,9,2,1,0.764771,12.0493,0.2631,2.076
40,16,out,0.1144,9,3,1,0.767893,40.3636,179.2159,2.076
40,16,out,0.1144,9,4,1,0.759353,33.5475,179.2159,2.076
40,16,out,0.1144,9,5,1,0.779969,18.0493,0.2631,2.076
40,16,out,0.1144,9,6,1,0.770307,24.0493,0.2631,2.076
40,16,out,0.1144,9,7,1,0.769544,37.2684,179.2159,2.076
40,16,out,0.1144,10,0,1,0.853827,0.0400,0.3166,1.727
40,16,out,0.1144,10,1,1,0.748071,32.8878,179.1625,1.727
40,16,out,0.1144,10,2,1,0.730740,12.0374,0.3166,1.727
40,16,out,0.1144,10,3,1,0.742057,40.4536,179.8349,1.727
40,16,out,0.1144,10,4,1,0.738557,33.3611,179.8349,1.727
40,16,out,0.1144,10,5,1,0.739049,18.0374,0.3166,1.727
40,16,out,0.1144,10,6,1,0.741914,24.0374,0.3166,1.727
40,16,out,0.1144,10,7,1,0.740463,37.2777,179.1625,1.727
40,16,out,0.1144,11,0,1,0.872986,0.0620,0.0028,2.051
40,16,out,0.1144,11,1,1,0.774511,32.6252,179.4762,2.051
40,16,out,0.1144,11,2,1,0.749891,12.0384,0.0028,2.051
40,16,out,0.1144,11,3,1,0.755970,40.6135,179.5211,2.051
40,16,out,0.1144,11,4,1,0.748951,33.2128,179.5211,2.051
40,16,out,0.1144,11,5,1,0.745928,18.0383,0.0028,2.051
40,16,out,0.1144,11,6,1,0.746250,24.0383,0.0028,2.051
40,16,out,0.1144,11,7,1,0.754725,37.3061,179.5211,2.051
40,17,out,0.3100,0,0,1,0.720290,0.0332,0.4969,1788.341
40,17,out,0.3100,0,1,1,0.548323,43.3340,179.9760,1788.341
40,17,out,0.3100,0,2,1,0.544921,46.7149,179.9760,1788.341
40,17,out,0.3100,0,3,1,0.542499,40.5636,179.9760,1788.341
40,17,out,0.3100,0,4,1,0.542454,5.9698,0.4969,1788.341
40,17,out,0.3100,0,5,1,0.540746,11.9698,0.4969,1788.341
40,17,out,0.3100,0,6,1,0.527781,38.5352,179.9760,1788.341
40,17,out,0.3100,0,7,1,0.525024,17.9698,0.4969,1788.341
40,17,out,0.3100,1,0,1,0.618035,0.0461,0.5304,2.345
40,17,out,0.3100,1,1,1,0.461398,42.8665,179.0460,2.345
40,17,out,0.3100,1,2,1,0.451974,46.2092,179.9514,2.345
40,17,out,0.3100,1,3,1,0.465960,40.1470,179.9514,2.345
40,17,out,0.3100,1,4,1,0.465504,5.9614,0.4723,2.345
40,17,out,0.3100,1,5,1,0.468763,11.9614,0.4723,2.345
40,17,out,0.3100,1,6,1,0.463827,38.1842,179.9514,2.345
40,17,out,0.3100,1,7,1,0.454625,17.9614,0.4723,2.345
40,17,out,0.3100,2,0,1,0.666347,0.0741,0.1642,6.109
40,17,out,0.3100,2,1,1,0.526286,42.4937,179.6825,6.109
40,17,out,0.3100,2,2,1,0.510030,45.7571,179.3148,6.109
40,17,out,0.3100,2,3,1,0.518397,39.8005,179.3148,6.109
40,17,out,0.3100,2,4,1,0.529783,5.9491,0.1642,6.109
40,17,out,0.3100,2,5,1,0.526996,11.9489,0.1642,6.109
40,17,out,0.3100,2,6,1,0.506479,38.0082,179.6825,6.109
40,17,out,0.3100,2,7,1,0.532846,17.9489,0.1642,6.109
40,17,out,0.3100,3,0,1,0.692471,0.0592,0.2898,5.067
40,17,out,0.3100,3,1,1,0.537861,42.1665,179.7688,5.067
40,17,out,0.3100,3,2,1,0.504713,45.2979,179.7688,5.067
40,17,out,0.3100,3,3,1,0.528585,39.5823,179.7688,5.067
40,17,out,0.3100,3,4,1,0.551225,6.0340,0.2898,5.067
40,17,out,0.3100,3,5,1,0.526139,12.0339,0.2898,5.067
40,17,out,0.3100,3,6,1,0.528456,37.7694,179.7688,5.067
40,17,out,0.3100,3,7,1,0.532629,18.0339,0.2898,5.067
40,17,out,0.3100,4,0,1,0.644370,0.0582,0.3015,1.604
40,17,out,0.3100,4,1,1,0.483892,41.7401,179.7805,1.604
40,17,out,0.3100,4,2,1,0.474909,44.9258,179.7805,1.604
40,17,out,0.3100,4,3,1,0.471310,39.2709,179.7805,1.604
40,17,out,0.3100,4,4,1,0.468954,6.0425,0.3015,1.604
40,17,out,0.3100,4,5,1,0.472859,12.0424,0.3015,1.604
40,17,out,0.3100,4,6,1,0.466624,37.5179,179.7805,1.604
40,17,out,0.3100,4,7,1,0.464925,18.0424,0.3015,1.604
40,17,out,0.3100,5,0,1,0.704089,0.0669,0.2442,6.170
40,17,out,0.3100,5,1,1,0.508222,41.5268,179.7625,6.170
40,17,out,0.3100,5,2,1,0.511742,44.6032,179.7625,6.170
40,17,out,0.3100,5,3,1,0.518133,39.0513,179.7625,6.170
40,17,out,0.3100,5,4,1,0.502591,5.9465,0.2442,6.170
40,17,out,0.3100,5,5,1,0.509683,11.9464,0.2442,6.170
40,17,out,0.3100,5,6,1,0.499988,37.4225,179.7625,6.170
40,17,out,0.3100,5,7,1,0.515764,17.9464,0.2442,6.170
40,17,out,0.3100,6,0,1,0.670502,0.0644,0.0084,1.957
40,17,out,0.3100,6,1,1,0.484317,41.2280,179.5099,1.957
40,17,out,0.3100,6,2,1,0.454218,44.2899,179.5099,1.957
40,17,out,0.3100,6,3,1,0.463157,38.8125,179.4875,1.957
40,17,out,0.3100,6,4,1,0.511880,5.9311,0.0084,1.957
40,17,out,0.3100,6,5,1,0.500271,11.9310,0.0084,1.957
40,17,out,0.3100,6,6,1,0.468593,37.3314,179.5099,1.957
40,17,out,0.3100,6,7,1,0.474935,17.9310,0.0084,1.957
40,17,out,0.3100,7,0,1,0.622936,0.0607,0.1610,6.002
40,17,out,0.3100,7,1,1,0.445253,40.8984,179.6793,6.002
40,17,out,0.3100,7,2,1,0.432936,43.9026,179.6793,6.002
40,17,out,0.3100,7,3,1,0.428815,38.5576,179.3180,6.002
40,17,out,0.3100,7,4,1,0.441244,5.9258,0.1610,6.002
40,17,out,0.3100,7,5,1,0.446801,11.9257,0.1610,6.002
40,17,out,0.3100,7,6,1,0.439075,37.1582,179.6793,6.002
40,17,out,0.3100,7,7,1,0.433720,17.9257,0.1610,6.002
40,17,out,0.3100,8,0,1,0.683125,0.0567,0.2327,1.629
40,17,out,0.3100,8,1,1,0.474915,40.6458,179.7117,1.629
40,17,out,0.3100,8,2,1,0.463964,43.6009,179.7117,1.629
40,17,out,0.3100,8,3,1,0.475482,38.3076,179.2856,1.629
40,17,out,0.3100,8,4,1,0.502311,6.0105,0.2327,1.629
40,17,out,0.3100,8,5,1,0.501911,12.0104,0.2327,1.629
40,17,out,0.3100,8,6,1,0.483770,37.0368,179.7117,1.629
40,17,out,0.3100,8,7,1,0.497575,18.0104,0.2327,1.629
40,17,out,0.3100,9,0,1,0.726401,0.0262,0.3974,2.445
40,17,out,0.3100,9,1,1,0.580414,40.2791,179.8765,2.445
40,17,out,0.3100,9,2,1,0.577549,43.1652,179.8765,2.445
40,17,out,0.3100,9,3,1,0.576798,38.1476,179.8765,2.445
40,17,out,0.3100,9,4,1,0.567519,5.9903,0.3974,2.445
40,17,out,0.3100,9,5,1,0.574612,11.9903,0.3974,2.445
40,17,out,0.3100,9,6,1,0.566423,36.8554,179.8765,2.445
40,17,out,0.3100,9,7,1,0.562019,17.9903,0.3974,2.445
40,17,out,0.3100,10,0,1,0.671058,0.0152,0.0299,1.725
40,17,out,0.3100,10,1,1,0.510233,40.0719,179.5482,1.725
40,17,out,0.3100,10,2,1,0.520585,42.8891,179.5482,1.725
40,17,out,0.3100,10,3,1,0.519040,37.9950,179.5482,1.725
40,17,out,0.3100,10,4,1,0.519849,5.9854,0.0299,1.725
40,17,out,0.3100,10,5,1,0.525783,11.9854,0.0299,1.725
40,17,out,0.3100,10,6,1,0.507356,36.8223,179.5482,1.725
40,17,out,0.3100,10,7,1,0.516493,17.9854,0.0299,1.725
40,17,out,0.3100,11,0,1,0.658159,0.0349,0.2971,8.322
40,17,out,0.3100,11,1,1,0.521606,39.7776,179.8154,8.322
40,17,out,0.3100,11,2,1,0.503849,42.5165,179.8154,8.322
40,17,out,0.3100,11,3,1,0.514291,37.8225,179.8154,8.322
40,17,out,0.3100,11,4,1,0.512958,5.9813,0.2971,8.322
40,17,out,0.3100,11,5,1,0.516153,12.0812,0.2971,8.322
40,17,out,0.3100,11,6,1,0.506969,36.7296,179.8154,8.322
40,17,out,0.3100,11,7,1,0.502980,17.9812,0.2971,8.322
40,18,out,0.1425,0,0,1,0.818580,0.0414,0.5508,1269.773
40,18,out,0.1425,0,1,1,0.752745,8.8731,0.4519,1269.773
40,18,out,0.1425,0,2,1,0.751344,12.6730,0.4519,1269.773
40,18,out,0.1425,0,3,1,0.747343,11.4731,0.4519,1269.773
40,18,out,0.1425,0,4,1,0.745629,6.1731,0.4519,1269.773
40,18,out,0.1425,0,5,1,0.741384,9.9731,0.4519,1269.773
40,18,out,0.1425,0,6,1,0.739638,3.0272,0.5508,1269.773
40,18,out,0.1425,0,7,1,0.739322,6.5271,0.4519,1269.773
40,18,out,0.1425,1,0,1,0.822598,0.0445,0.4320,2.032
40,18,out,0.1425,1,1,1,0.726420,8.8760,0.5707,2.032
40,18,out,0.1425,1,2,1,0.716334,12.5760,0.5707,2.032
40,18,out,0.1425,1,3,1,0.725205,11.3760,0.5707,2.032
40,18,out,0.1425,1,4,1,0.730911,6.2760,0.4320,2.032
40,18,out,0.1425,1,5,1,0.725965,10.1760,0.5707,2.032
40,18,out,0.1425,1,6,1,0.729581,3.3293,0.4320,2.032
40,18,out,0.1425,1,7,1,0.721504,6.6242,0.4320,2.032
40,18,out,0.1425,2,0,1,0.819555,0.0742,0.4334,1.776
40,18,out,0.1425,2,1,1,0.724443,8.7738,0.4334,1.776
40,18,out,0.1425,2,2,1,0.728255,12.7738,0.4334,1.776
40,18,out,0.1425,2,3,1,0.740782,11.1738,0.4334,1.776
40,18,out,0.1425,2,4,1,0.731917,6.2687,0.4334,1.776
40,18,out,0.1425,2,5,1,0.729291,10.0738,0.4334,1.776
40,18,out,0.1425,2,6,1,0.719308,3.5367,0.4334,1.776
40,18,out,0.1425,2,7,1,0.714373,6.6315,0.4334,1.776
40,18,out,0.1425,3,0,1,0.812982,0.0489,0.5076,1.656
40,18,out,0.1425,3,1,1,0.743277,9.0656,0.4951,1.656
40,18,out,0.1425,3,2,1,0.737792,12.4656,0.4951,1.656
40,18,out,0.1425,3,3,1,0.749458,11.4656,0.4951,1.656
40,18,out,0.1425,3,4,1,0.747802,6.4604,0.5076,1.656
40,18,out,0.1425,3,5,1,0.747040,9.7656,0.4951,1.656
40,18,out,0.1425,3,6,1,0.745191,3.5447,0.5076,1.656
40,18,out,0.1425,3,7,1,0.757492,6.6396,0.5076,1.656
40,18,out,0.1425,4,0,1,0.824736,0.0526,0.6618,2.039
40,18,out,0.1425,4,1,1,0.734661,9.3596,0.6618,2.039
40,18,out,0.1425,4,2,1,0.739369,12.6596,0.3409,2.039
40,18,out,0.1425,4,3,1,0.735864,11.3596,0.3409,2.039
40,18,out,0.1425,4,4,1,0.745199,6.6545,0.6618,2.039
40,18,out,0.1425,4,5,1,0.743725,10.0596,0.6618,2.039
40,18,out,0.1425,4,6,1,0.729061,3.5506,0.6618,2.039
40,18,out,0.1425,4,7,1,0.723082,6.5455,0.6618,2.039
40,18,out,0.1425,5,0,1,0.777007,0.0520,0.0900,1.786
40,18,out,0.1425,5,1,1,0.726830,9.5592,0.0900,1.786
40,18,out,0.1425,5,2,1,0.715928,12.9592,0.0900,1.786
40,18,out,0.1425,5,3,1,0.726757,11.1592,0.0900,1.786
40,18,out,0.1425,5,4,1,0.729599,6.6541,0.0900,1.786
40,18,out,0.1425,5,5,1,0.720135,10.3592,0.0900,1.786
40,18,out,0.1425,5,6,1,0.726268,3.2511,0.0900,1.786
40,18,out,0.1425,5,7,1,0.718217,6.3460,0.0900,1.786
40,18,out,0.1425,6,0,1,0.832763,0.0547,0.3468,1.896
40,18,out,0.1425,6,1,1,0.752268,9.2613,0.3468,1.896
40,18,out,0.1425,6,2,1,0.739771,13.2613,0.3468,1.896
40,18,out,0.1425,6,3,1,0.762761,11.4613,0.3468,1.896
40,18,out,0.1425,6,4,1,0.757115,6.3562,0.3468,1.896
40,18,out,0.1425,6,5,1,0.744597,10.0613,0.3468,1.896
40,18,out,0.1425,6,6,1,0.738475,3.2489,0.3468,1.896
40,18,out,0.1425,6,7,1,0.748407,6.6438,0.3468,1.896
40,18,out,0.1425,7,0,1,0.835641,0.0441,0.7697,1.884
40,18,out,0.1425,7,1,1,0.761567,9.1739,0.7697,1.884
40,18,out,0.1425,7,2,1,0.766657,13.0739,0.2330,1.884
40,18,out,0.1425,7,3,1,0.757165,11.1739,0.2330,1.884
40,18,out,0.1425,7,4,1,0.754785,6.6688,0.7697,1.884
40,18,out,0.1425,7,5,1,0.754449,10.0739,0.2330,1.884
40,18,out,0.1425,7,6,1,0.754369,2.9364,0.2330,1.884
40,18,out,0.1425,7,7,1,0.771940,6.6313,0.7697,1.884
40,18,out,0.1425,8,0,1,0.867135,0.0745,0.3043,2.019
40,18,out,0.1425,8,1,1,0.804866,9.2796,0.3043,2.019
40,18,out,0.1425,8,2,1,0.799250,13.1805,0.3043,2.019
40,18,out,0.1425,8,3,1,0.809321,10.8805,0.3043,2.019
40,18,out,0.1425,8,4,1,0.802897,6.6745,0.3043,2.019
40,18,out,0.1425,8,5,1,0.811802,9.7806,0.3043,2.019
40,18,out,0.1425,8,6,1,0.792758,3.2297,0.3043,2.019
40,18,out,0.1425,8,7,1,0.793929,6.6256,0.3043,2.019
40,18,out,0.1425,9,0,1,0.805436,0.0514,0.3366,1.899
40,18,out,0.1425,9,1,1,0.747545,9.5721,0.3366,1.899
40,18,out,0.1425,9,2,1,0.740021,12.8731,0.3366,1.899
40,18,out,0.1425,9,3,1,0.738996,10.5731,0.3366,1.899
40,18,out,0.1425,9,4,1,0.742104,6.5670,0.3366,1.899
40,18,out,0.1425,9,5,1,0.750809,9.5731,0.3366,1.899
40,18,out,0.1425,9,6,1,0.735971,3.5373,0.3366,1.899
40,18,out,0.1425,9,7,1,0.744533,6.6331,0.3366,1.899
40,18,out,0.1425,10,0,1,0.808898,0.0568,0.4415,2.077
40,18,out,0.1425,10,1,1,0.756786,9.7746,0.4415,2.077
40,18,out,0.1425,10,2,1,0.760965,12.5755,0.4415,2.077
40,18,out,0.1425,10,3,1,0.752309,10.2755,0.4415,2.077
40,18,out,0.1425,10,4,1,0.727794,6.8695,0.4415,2.077
40,18,out,0.1425,10,5,1,0.759398,9.7755,0.4415,2.077
40,18,out,0.1425,10,6,1,0.747382,3.6350,0.4415,2.077
40,18,out,0.1425,10,7,1,0.757668,6.6308,0.4415,2.077
40,18,out,0.1425,11,0,1,0.793033,0.0522,0.1638,1.945
40,18,out,0.1425,11,1,1,0.736172,9.7745,0.1638,1.945
40,18,out,0.1425,11,2,1,0.741164,12.8754,0.8389,1.945
40,18,out,0.1425,11,3,1,0.740082,9.9754,0.1638,1.945
40,18,out,0.1425,11,4,1,0.706809,7.1694,0.1638,1.945
40,18,out,0.1425,11,5,1,0.742047,9.7754,0.1638,1.945
40,18,out,0.1425,11,6,1,0.727963,3.9350,0.1638,1.945
40,18,out,0.1425,11,7,1,0.726588,6.9308,0.1638,1.945
40,19,out,0.2410,0,0,1,0.780893,0.0294,0.1058,844.901
40,19,out,0.2410,0,1,1,0.616740,11.0743,0.1058,844.901
40,19,out,0.2410,0,2,1,0.613197,16.9743,0.1058,844.901
40,19,out,0.2410,0,3,1,0.600798,4.3257,0.1058,844.901
40,19,out,0.2410,0,4,1,0.598102,9.8743,0.1058,844.901
40,19,out,0.2410,0,5,1,0.588643,15.8743,0.1058,844.901
40,19,out,0.2410,0,6,1,0.587483,8.5257,0.1058,844.901
40,19,out,0.2410,0,7,1,0.585399,3.1743,0.1058,844.901
40,19,out,0.2410,1,0,1,0.796424,0.0444,0.4569,6.388
40,19,out,0.2410,1,1,1,0.638617,11.1776,0.4569,6.388
40,19,out,0.2410,1,2,1,0.638129,17.0775,0.5458,6.388
40,19,out,0.2410,1,3,1,0.611316,4.0227,0.4569,6.388
40,19,out,0.2410,1,4,1,0.615589,9.5776,0.4569,6.388
40,19,out,0.2410,1,5,1,0.607239,15.5775,0.5458,6.388
40,19,out,0.2410,1,6,1,0.595043,8.4226,0.4569,6.388
40,19,out,0.2410,1,7,1,0.646066,3.1777,0.4569,6.388
40,19,out,0.2410,2,0,1,0.785998,0.0135,0.4538,3.681
40,19,out,0.2410,2,1,1,0.601375,11.0911,0.5489,3.681
40,19,out,0.2410,2,2,1,0.599487,16.9862,0.5489,3.681
40,19,out,0.2410,2,3,1,0.601340,3.7104,0.5489,3.681
40,19,out,0.2410,2,4,1,0.592079,9.2912,0.5489,3.681
40,19,out,0.2410,2,5,1,0.579102,15.8862,0.5489,3.681
40,19,out,0.2410,2,6,1,0.562161,8.1098,0.5489,3.681
40,19,out,0.2410,2,7,1,0.612326,3.0921,0.5489,3.681
40,19,out,0.2410,3,0,1,0.709015,0.0340,0.0477,8.053
40,19,out,0.2410,3,1,1,0.399573,11.0804,3.0557,8.053
40,19,out,0.2410,3,2,1,0.395069,17.0734,4.0584,8.053
40,19,out,0.2410,3,3,1,0.419305,3.5457,1.0503,8.053
40,19,out,0.2410,3,4,1,0.395208,8.9819,3.0557,8.053
40,19,out,0.2410,3,5,1,0.394976,15.6738,3.0557,8.053
40,19,out,0.2410,3,6,1,0.386345,7.9348,2.0530,8.053
40,19,out,0.2410,3,7,1,0.361845,2.9975,1.0503,8.053
40,19,out,0.2410,4,0,1,0.757853,0.0340,0.4331,4.646
40,19,out,0.2410,4,1,1,0.655468,11.3585,0.4331,4.646
40,19,out,0.2410,4,2,1,0.627047,16.9484,0.4331,4.646
40,19,out,0.2410,4,3,1,0.641957,3.5320,0.4331,4.646
40,19,out,0.2410,4,4,1,0.647261,9.0586,0.4331,4.646
40,19,out,0.2410,4,5,1,0.619945,15.4537,0.4331,4.646
40,19,out,0.2410,4,6,1,0.619669,8.2368,0.4331,4.646
40,19,out,0.2410,4,7,1,0.629468,3.0697,0.4331,4.646
40,19,out,0.2410,5,0,1,0.787211,0.0272,0.0962,1.986
40,19,out,0.2410,5,1,1,0.707646,11.4595,0.0962,1.986
40,19,out,0.2410,5,2,1,0.684671,17.2495,0.0962,1.986
40,19,out,0.2410,5,3,1,0.705352,3.2301,0.0962,1.986
40,19,out,0.2410,5,4,1,0.699479,9.3595,0.0962,1.986
40,19,out,0.2410,5,5,1,0.669929,15.1547,0.0962,1.986
40,19,out,0.2410,5,6,1,0.682582,7.9353,0.0962,1.986
40,19,out,0.2410,5,7,1,0.674475,2.7700,0.0962,1.986
40,19,out,0.2410,6,0,1,0.753124,0.0400,0.3021,10.036
40,19,out,0.2410,6,1,1,0.707259,11.3413,0.3021,10.036
40,19,out,0.2410,6,2,1,0.658116,17.0313,0.3021,10.036
40,19,out,0.2410,6,3,1,0.684850,3.4482,0.3021,10.036
40,19,out,0.2410,6,4,1,0.695687,9.6413,0.3021,10.036
40,19,out,0.2410,6,5,1,0.669378,15.1366,0.3021,10.036
40,19,out,0.2410,6,6,1,0.676648,8.2534,0.3021,10.036
40,19,out,0.2410,6,7,1,0.673448,3.0519,0.3021,10.036
40,19,out,0.2410,7,0,1,0.793222,0.0386,0.3111,1.724
40,19,out,0.2410,7,1,1,0.734885,11.1407,0.3111,1.724
40,19,out,0.2410,7,2,1,0.701576,17.2307,0.3111,1.724
40,19,out,0.2410,7,3,1,0.727702,3.4488,0.3111,1.724
40,19,out,0.2410,7,4,1,0.709896,9.9407,0.3111,1.724
40,19,out,0.2410,7,5,1,0.696694,14.8359,0.3111,1.724
40,19,out,0.2410,7,6,1,0.703611,8.0541,0.3111,1.724
40,19,out,0.2410,7,7,1,0.698872,3.3512,0.3111,1.724
40,19,out,0.2410,8,0,1,0.734141,0.0494,0.1344,6.370
40,19,out,0.2410,8,1,1,0.681156,10.8263,0.1344,6.370
40,19,out,0.2410,8,2,1,0.628588,17.3163,0.1344,6.370
40,19,out,0.2410,8,3,1,0.664084,3.7633,0.1344,6.370
40,19,out,0.2410,8,4,1,0.664027,10.2263,0.1344,6.370
40,19,out,0.2410,8,5,1,0.647440,14.5215,0.1344,6.370
40,19,out,0.2410,8,6,1,0.641150,7.7685,0.1344,6.370
40,19,out,0.2410,8,7,1,0.639772,3.4368,0.1344,6.370
40,19,out,0.2410,9,0,1,0.767376,0.0453,0.3123,1.898
40,19,out,0.2410,9,1,1,0.706793,11.0238,0.3123,1.898
40,19,out,0.2410,9,2,1,0.682098,17.0138,0.3123,1.898
40,19,out,0.2410,9,3,1,0.698862,3.4658,0.3123,1.898
40,19,out,0.2410,9,4,1,0.693782,10.5238,0.3123,1.898
40,19,out,0.2410,9,5,1,0.683419,14.7190,0.3123,1.898
40,19,out,0.2410,9,6,1,0.667748,7.5710,0.3123,1.898
40,19,out,0.2410,9,7,1,0.649229,3.7343,0.3123,1.898
40,19,out,0.2410,10,0,1,0.731907,0.0409,0.4350,3.984
40,19,out,0.2410,10,1,1,0.696098,11.3176,0.5677,3.984
40,19,out,0.2410,10,2,1,0.665665,17.0076,0.4350,3.984
40,19,out,0.2410,10,3,1,0.682015,3.4719,0.5677,3.984
40,19,out,0.2410,10,4,1,0.692375,10.2176,0.4350,3.984
40,19,out,0.2410,10,5,1,0.671584,14.4129,0.4350,3.984
40,19,out,0.2410,10,6,1,0.669623,7.2771,0.5677,3.984
40,19,out,0.2410,10,7,1,0.657707,4.0281,0.5677,3.984
40,19,out,0.2410,11,0,1,0.765136,0.0407,0.2351,1.843
40,19,out,0.2410,11,1,1,0.713694,11.1220,0.2351,1.843
40,19,out,0.2410,11,2,1,0.690756,17.1068,0.2351,1.843
40,19,out,0.2410,11,3,1,0.686860,3.5675,0.2351,1.843
40,19,out,0.2410,11,4,1,0.702225,10.5168,0.2351,1.843
40,19,out,0.2410,11,5,1,0.690328,14.7120,0.2351,1.843
40,19,out,0.2410,11,6,1,0.694925,7.4728,0.2351,1.843
40,19,out,0.2410,11,7,1,0.688001,4.3325,0.2351,1.843
40,20,in,0.6142,0,0,1,0.408797,0.0453,0.1902,950.423
40,20,in,0.6142,0,1,1,0.400149,16.8600,179.2889,950.423
40,20,in,0.6142,1,0,1,0.457289,0.0460,0.2857,0.790
40,20,in,0.6142,1,1,1,0.397960,16.5509,179.2325,0.790
40,20,in,0.6142,2,0,1,0.507232,0.0478,0.2203,0.668
40,20,in,0.6142,2,1,1,0.452239,16.5136,179.6994,0.668
40,20,in,0.6142,3,0,1,0.500531,0.0499,0.2122,0.713
40,20,in,0.6142,3,1,1,0.444926,16.4000,179.7305,0.713
40,20,in,0.6142,4,0,1,0.519808,0.0609,0.0813,0.750
40,20,in,0.6142,4,1,1,0.414001,16.1735,179.5996,0.750
40,20,in,0.6142,5,0,1,0.495707,0.0346,0.4784,0.624
40,20,in,0.6142,5,1,1,0.451329,15.9162,178.0372,0.624
40,20,in,0.6142,6,0,1,0.423399,0.0342,0.3606,0.691
40,20,in,0.6142,6,1,1,0.361206,15.8418,179.8396,0.691
40,20,in,0.6142,7,0,1,0.452036,0.0740,0.5177,0.645
40,20,in,0.6142,7,1,1,0.399121,15.5910,179.0005,0.645
40,20,in,0.6142,8,0,1,0.492348,0.0352,0.0875,0.558
40,20,in,0.6142,8,1,1,0.419727,15.4670,179.6058,0.558
40,20,in,0.6142,9,0,1,0.440478,0.0330,0.1864,0.603
40,20,in,0.6142,9,1,1,0.386273,15.4650,179.6654,0.603
40,20,in,0.6142,10,0,1,0.544419,0.0339,0.3018,0.432
40,20,in,0.6142,10,1,1,0.485965,15.4682,179.8201,0.432
40,20,in,0.6142,11,0,1,0.512588,0.0383,0.0436,0.567
40,20,in,0.6142,11,1,1,0.483053,15.4729,179.4746,0.567
40,21,out,0.0144,0,0,1,0.937782,0.0270,0.4408,819.489
40,21,out,0.0144,0,1,1,0.793719,33.0857,179.9591,819.489
40,21,out,0.0144,0,2,1,0.746365,6.0258,0.4408,819.489
40,21,out,0.0144,0,3,1,0.746110,32.9814,179.9591,819.489
40,21,out,0.0144,0,4,1,0.742144,33.9541,179.9591,819.489
40,21,out,0.0144,0,5,1,0.742130,18.0258,0.4408,819.489
40,21,out,0.0144,0,6,1,0.741199,35.9165,179.9591,819.489
40,21,out,0.0144,0,7,1,0.740951,12.0258,0.4408,819.489
40,21,out,0.0144,1,0,1,0.970368,0.0326,0.2197,4.532
40,21,out,0.0144,1,1,1,0.813810,33.6432,179.7380,4.532
40,21,out,0.0144,1,2,1,0.773329,6.0324,0.2197,4.532
40,21,out,0.0144,1,3,1,0.766688,33.5669,179.2593,4.532
40,21,out,0.0144,1,4,1,0.766238,34.5487,179.2593,4.532
40,21,out,0.0144,1,5,1,0.764662,18.0324,0.2197,4.532
40,21,out,0.0144,1,6,1,0.766785,36.5032,179.2593,4.532
40,21,out,0.0144,1,7,1,0.773503,12.0324,0.2197,4.532
40,21,out,0.0144,2,0,1,0.967833,0.0384,0.2305,1.934
40,21,out,0.0144,2,1,1,0.815867,34.2190,179.7488,1.934
40,21,out,0.0144,2,2,1,0.772523,6.0376,0.2305,1.934
40,21,out,0.0144,2,3,1,0.771185,34.1656,179.2485,1.934
40,21,out,0.0144,2,4,1,0.772335,35.1502,179.2485,1.934
40,21,out,0.0144,2,5,1,0.768787,18.0376,0.2305,1.934
40,21,out,0.0144,2,6,1,0.770939,37.0916,179.2485,1.934
40,21,out,0.0144,2,7,1,0.774484,12.0376,0.2305,1.934
40,21,out,0.0144,3,0,1,0.948727,0.0392,0.5044,1.828
40,21,out,0.0144,3,1,1,0.816085,34.7995,179.9774,1.828
40,21,out,0.0144,3,2,1,0.771671,6.0391,0.5044,1.828
40,21,out,0.0144,3,3,1,0.770195,34.7602,179.9774,1.828
40,21,out,0.0144,3,4,1,0.773116,35.7402,179.9774,1.828
40,21,out,0.0144,3,5,1,0.769547,18.0391,0.5044,1.828
40,21,out,0.0144,3,6,1,0.774113,37.6623,179.9774,1.828
40,21,out,0.0144,3,7,1,0.773749,12.0391,0.5044,1.828
40,21,out,0.0144,4,0,1,0.932132,0.0502,0.3135,10.109
40,21,out,0.0144,4,1,1,0.805765,35.3857,179.7925,10.109
40,21,out,0.0144,4,2,1,0.762973,6.0487,0.3135,10.109
40,21,out,0.0144,4,3,1,0.769230,35.3650,179.7925,10.109
40,21,out,0.0144,4,4,1,0.772368,36.3462,179.7925,10.109
40,21,out,0.0144,4,5,1,0.754079,18.0487,0.6892,10.109
40,21,out,0.0144,4,6,1,0.774674,38.2546,179.7925,10.109
40,21,out,0.0144,4,7,1,0.762099,12.0487,0.6892,10.109
40,21,out,0.0144,5,0,1,0.955024,0.0616,0.0912,1.778
40,21,out,0.0144,5,1,1,0.754568,35.9325,179.3878,1.778
40,21,out,0.0144,5,2,1,0.766261,6.0602,0.0912,1.778
40,21,out,0.0144,5,3,1,0.742890,35.9441,179.3878,1.778
40,21,out,0.0144,5,4,1,0.751382,36.9410,179.3878,1.778
40,21,out,0.0144,5,5,1,0.748280,18.0652,0.0912,1.778
40,21,out,0.0144,5,6,1,0.752896,38.8496,179.3878,1.778
40,21,out,0.0144,5,7,1,0.769804,12.0652,0.0912,1.778
40,21,out,0.0144,6,0,1,0.955751,0.0617,0.0699,5.633
40,21,out,0.0144,6,1,1,0.730372,36.5034,179.5489,5.633
40,21,out,0.0144,6,2,1,0.749505,6.0586,0.0699,5.633
40,21,out,0.0144,6,3,1,0.738813,36.5410,179.5489,5.633
40,21,out,0.0144,6,4,1,0.745155,37.5475,179.5489,5.633
40,21,out,0.0144,6,5,1,0.733416,18.0635,0.0699,5.633
40,21,out,0.0144,6,6,1,0.747029,39.4511,179.5489,5.633
40,21,out,0.0144,6,7,1,0.747751,12.0635,0.0699,5.633
40,21,out,0.0144,7,0,1,0.959776,0.0577,0.1066,2.271
40,21,out,0.0144,7,1,1,0.721048,37.1014,179.5856,2.271
40,21,out,0.0144,7,2,1,0.766447,6.0531,0.1066,2.271
40,21,out,0.0144,7,3,1,0.744210,37.1446,179.5856,2.271
40,21,out,0.0144,7,4,1,0.760932,38.1412,179.5856,2.271
40,21,out,0.0144,7,5,1,0.740838,18.0580,0.1066,2.271
40,21,out,0.0144,7,6,1,0.764276,40.0223,179.5856,2.271
40,21,out,0.0144,7,7,1,0.762006,12.0580,0.1066,2.271
40,21,out,0.0144,8,0,1,0.964296,0.0521,0.0459,5.711
40,21,out,0.0144,8,1,1,0.735316,37.6376,179.5249,5.711
40,21,out,0.0144,8,2,1,0.783292,6.0482,0.0459,5.711
40,21,out,0.0144,8,3,1,0.775566,37.7166,179.5249,5.711
40,21,out,0.0144,8,4,1,0.784238,38.7340,179.5249,5.711
40,21,out,0.0144,8,5,1,0.767928,18.0531,0.0459,5.711
40,21,out,0.0144,8,6,1,0.786330,40.6215,179.5249,5.711
40,21,out,0.0144,8,7,1,0.782748,12.0531,0.0459,5.711
40,21,out,0.0144,9,0,1,0.955434,0.0531,0.2094,1.638
40,21,out,0.0144,9,1,1,0.722935,38.1657,179.6884,1.638
40,21,out,0.0144,9,2,1,0.791988,6.0327,0.2094,1.638
40,21,out,0.0144,9,3,1,0.776703,38.2912,179.6884,1.638
40,21,out,0.0144,9,4,1,0.792964,39.3402,179.6884,1.638
40,21,out,0.0144,9,5,1,0.768262,18.0376,0.2094,1.638
40,21,out,0.0144,9,6,1,0.798789,41.2442,179.6884,1.638
40,21,out,0.0144,9,7,1,0.784665,12.0376,0.2094,1.638
40,21,out,0.0144,10,0,1,0.953052,0.0426,0.7628,5.991
40,21,out,0.0144,10,1,1,0.728965,38.6921,179.7189,5.991
40,21,out,0.0144,10,2,1,0.801171,6.0252,0.7628,5.991
40,21,out,0.0144,10,3,1,0.787331,38.8548,179.7189,5.991
40,21,out,0.0144,10,4,1,0.803250,39.9267,179.7189,5.991
40,21,out,0.0144,10,5,1,0.778166,18.0301,0.7628,5.991
40,21,out,0.0144,10,6,1,0.808945,41.8401,179.7189,5.991
40,21,out,0.0144,10,7,1,0.796008,12.0301,0.7628,5.991
40,21,out,0.0144,11,0,1,0.968984,0.0425,0.3767,1.543
40,21,out,0.0144,11,1,1,0.706960,39.2449,179.8950,1.543
40,21,out,0.0144,11,2,1,0.803672,6.0200,0.3767,1.543
40,21,out,0.0144,11,3,1,0.777002,39.4386,179.8950,1.543
40,21,out,0.0144,11,4,1,0.793239,40.5275,179.8950,1.543
40,21,out,0.0144,11,5,1,0.775437,18.0249,0.3767,1.543
40,21,out,0.0144,11,6,1,0.797056,42.4447,179.8950,1.543
40,21,out,0.0144,11,7,1,0.795627,12.0249,0.3767,1.543
40,22,out,0.1076,0,0,1,0.871561,0.0190,0.3217,867.752
40,22,out,0.1076,0,1,1,0.695724,11.9173,0.6810,867.752
40,22,out,0.1076,0,2,1,0.693469,24.1959,179.8007,867.752
40,22,out,0.1076,0,3,1,0.692808,24.2696,179.8007,867.752
40,22,out,0.1076,0,4,1,0.690682,27.1002,179.8007,867.752
40,22,out,0.1076,0,5,1,0.683813,5.9173,0.6810,867.752
40,22,out,0.1076,0,6,1,0.674435,21.5046,0.6810,867.752
40,22,out,0.1076,0,7,1,0.674099,27.9810,0.6810,867.752
40,22,out,0.1076,1,0,1,0.837374,0.0314,0.5661,6.498
40,22,out,0.1076,1,1,1,0.645900,11.9240,0.4366,6.498
40,22,out,0.1076,1,2,1,0.637329,23.9197,179.0425,6.498
40,22,out,0.1076,1,3,1,0.631796,24.4077,179.9549,6.498
40,22,out,0.1076,1,4,1,0.638961,27.0282,179.9549,6.498
40,22,out,0.1076,1,5,1,0.623487,5.9240,0.4366,6.498
40,22,out,0.1076,1,6,1,0.623529,21.5033,0.4366,6.498
40,22,out,0.1076,1,7,1,0.627102,27.9757,0.4366,6.498
40,22,out,0.1076,2,0,1,0.833326,0.0578,0.5240,2.115
40,22,out,0.1076,2,1,1,0.629204,11.9378,0.5240,2.115
40,22,out,0.1076,2,2,1,0.644566,23.6876,178.9551,2.115
40,22,out,0.1076,2,3,1,0.647176,24.4306,179.9577,2.115
40,22,out,0.1076,2,4,1,0.636616,27.0073,179.9577,2.115
40,22,out,0.1076,2,5,1,0.632765,5.9378,0.5240,2.115
40,22,out,0.1076,2,6,1,0.609980,21.4611,0.4787,2.115
40,22,out,0.1076,2,7,1,0.652771,27.9864,0.4787,2.115
40,22,out,0.1076,3,0,1,0.922251,0.0193,0.1599,6.019
40,22,out,0.1076,3,1,1,0.686564,12.0129,0.1599,6.019
40,22,out,0.1076,3,2,1,0.697058,23.7564,179.6390,6.019
40,22,out,0.1076,3,3,1,0.734260,24.5262,179.6390,6.019
40,22,out,0.1076,3,4,1,0.719143,26.9634,179.6390,6.019
40,22,out,0.1076,3,5,1,0.708338,6.0129,0.1599,6.019
40,22,out,0.1076,3,6,1,0.649211,21.5366,0.1599,6.019
40,22,out,0.1076,3,7,1,0.686207,27.9745,0.1599,6.019
40,22,out,0.1076,4,0,1,0.866898,0.0133,0.2685,2.089
40,22,out,0.1076,4,1,1,0.656661,11.9982,0.2685,2.089
40,22,out,0.1076,4,2,1,0.672516,23.7672,179.7476,2.089
40,22,out,0.1076,4,3,1,0.691198,24.7050,179.7476,2.089
40,22,out,0.1076,4,4,1,0.693207,27.0199,179.7476,2.089
40,22,out,0.1076,4,5,1,0.668246,5.9982,0.7342,2.089
40,22,out,0.1076,4,6,1,0.620591,21.5276,0.2685,2.089
40,22,out,0.1076,4,7,1,0.616579,27.9696,0.2685,2.089
40,22,out,0.1076,5,0,1,0.827617,0.0226,0.5866,6.024
40,22,out,0.1076,5,1,1,0.638608,12.0047,0.5866,6.024
40,22,out,0.1076,5,2,1,0.660526,23.7035,179.8951,6.024
40,22,out,0.1076,5,3,1,0.682094,24.8975,179.8951,6.024
40,22,out,0.1076,5,4,1,0.663447,27.0864,179.8951,6.024
40,22,out,0.1076,5,5,1,0.646621,6.0018,0.5866,6.024
40,22,out,0.1076,5,6,1,0.586567,21.5372,0.5866,6.024
40,22,out,0.1076,5,7,1,0.619398,27.9796,0.5866,6.024
40,22,out,0.1076,6,0,1,0.894998,0.0118,0.4602,1.876
40,22,out,0.1076,6,1,1,0.660563,12.0025,0.4602,1.876
40,22,out,0.1076,6,2,1,0.659004,23.6869,179.9785,1.876
40,22,out,0.1076,6,3,1,0.692479,24.9690,179.9785,1.876
40,22,out,0.1076,6,4,1,0.675133,27.0278,179.9785,1.876
40,22,out,0.1076,6,5,1,0.667080,5.9996,0.4602,1.876
40,22,out,0.1076,6,6,1,0.595241,21.4744,0.4602,1.876
40,22,out,0.1076,6,7,1,0.612605,28.0460,0.5425,1.876
40,22,out,0.1076,7,0,1,0.906263,0.0263,0.1841,6.201
40,22,out,0.1076,7,1,1,0.653731,12.0037,0.1841,6.201
40,22,out,0.1076,7,2,1,0.635457,23.6532,179.7024,6.201
40,22,out,0.1076,7,3,1,0.677874,25.1108,179.7024,6.201
40,22,out,0.1076,7,4,1,0.653176,27.0367,179.7024,6.201
40,22,out,0.1076,7,5,1,0.658275,6.0009,0.1841,6.201
40,22,out,0.1076,7,6,1,0.596102,21.5664,0.1841,6.201
40,22,out,0.1076,7,7,1,0.611155,28.0262,0.1841,6.201
40,22,out,0.1076,8,0,1,0.908156,0.0328,0.2689,1.959
40,22,out,0.1076,8,1,1,0.654350,11.9911,0.2689,1.959
40,22,out,0.1076,8,2,1,0.649899,23.5060,179.7480,1.959
40,22,out,0.1076,8,3,1,0.689849,25.1305,179.7480,1.959
40,22,out,0.1076,8,4,1,0.662349,26.9276,179.7480,1.959
40,22,out,0.1076,8,5,1,0.637241,5.9883,0.2689,1.959
40,22,out,0.1076,8,6,1,0.604053,21.4967,0.2689,1.959
40,22,out,0.1076,8,7,1,0.609022,27.9356,0.2689,1.959
40,22,out,0.1076,9,0,1,0.895900,0.0392,0.5499,6.490
40,22,out,0.1076,9,1,1,0.641060,11.9811,0.5499,6.490
40,22,out,0.1076,9,2,1,0.665692,23.4426,179.9318,6.490
40,22,out,0.1076,9,3,1,0.675660,25.2348,179.9318,6.490
40,22,out,0.1076,9,4,1,0.651876,26.9015,179.9318,6.490
40,22,out,0.1076,9,5,1,0.639815,5.9783,0.5499,6.490
40,22,out,0.1076,9,6,1,0.592630,21.4861,0.4527,6.490
40,22,out,0.1076,9,7,1,0.621003,28.0027,0.4527,6.490
40,22,out,0.1076,10,0,1,0.898446,0.0212,0.0948,6.082
40,22,out,0.1076,10,1,1,0.659026,11.9821,0.0948,6.082
40,22,out,0.1076,10,2,1,0.672446,23.3919,179.6131,6.082
40,22,out,0.1076,10,3,1,0.689693,25.3509,179.6131,6.082
40,22,out,0.1076,10,4,1,0.657417,26.8866,179.6131,6.082
40,22,out,0.1076,10,5,1,0.643607,5.9795,0.9079,6.082
40,22,out,0.1076,10,6,1,0.616440,21.4472,0.0948,6.082
40,22,out,0.1076,10,7,1,0.642327,28.0233,0.0948,6.082
40,22,out,0.1076,11,0,1,0.899456,0.0608,0.4516,1.998
40,22,out,0.1076,11,1,1,0.645572,11.9916,0.4516,1.998
40,22,out,0.1076,11,2,1,0.648018,23.2801,179.9306,1.998
40,22,out,0.1076,11,3,1,0.681824,25.5022,179.9306,1.998
40,22,out,0.1076,11,4,1,0.651358,26.9019,179.9306,1.998
40,22,out,0.1076,11,5,1,0.639484,5.9910,0.4516,1.998
40,22,out,0.1076,11,6,1,0.582909,21.4974,0.4516,1.998
40,22,out,0.1076,11,7,1,0.612454,28.0121,0.4516,1.998
40,23,out,0.5500,0,0,1,0.446164,0.0371,0.2346,1265.479
40,23,out,0.5500,1,0,1,0.452773,0.0709,0.0902,0.293
40,23,out,0.5500,2,0,1,0.474359,0.0351,0.1762,0.314
40,23,out,0.5500,3,0,1,0.503506,0.0304,0.2154,0.300
40,23,out,0.5500,4,0,1,0.541676,0.0290,0.1469,0.275
40,23,out,0.5500,5,0,1,0.555466,0.0425,0.2101,0.181
40,23,out,0.5500,6,0,1,0.570887,0.0204,0.0717,14.381
40,23,out,0.5500,7,0,1,0.542178,0.0077,0.2857,0.213
40,23,out,0.5500,8,0,1,0.490559,0.0076,0.2097,0.328
40,23,out,0.5500,9,0,1,0.458151,0.0089,0.0663,0.332
40,23,out,0.5500,10,0,1,0.472837,0.0024,0.0069,0.236
40,23,out,0.5500,11,0,1,0.479760,0.0110,0.4494,0.237
40,24,out,0.4282,0,0,1,0.582940,0.0382,0.1998,960.408
40,24,out,0.4282,0,1,1,0.472571,12.2781,179.2792,960.408
40,24,out,0.4282,0,2,1,0.467411,10.7941,179.7181,960.408
40,24,out,0.4282,0,3,1,0.465184,16.7769,179.2792,960.408
40,24,out,0.4282,0,4,1,0.463982,15.1091,179.2792,960.408
40,24,out,0.4282,0,5,1,0.461919,11.7417,179.2792,960.408
40,24,out,0.4282,0,6,1,0.461882,6.0567,179.2792,960.408
40,24,out,0.4282,0,7,1,0.460127,11.5148,179.2792,960.408
40,24,out,0.4282,1,0,1,0.606853,0.0313,0.0639,5.569
40,24,out,0.4282,1,1,1,0.401303,13.1318,179.5430,5.569
40,24,out,0.4282,1,2,1,0.403971,10.5194,178.4517,5.569
40,24,out,0.4282,1,3,1,0.414411,17.2188,178.4517,5.569
40,24,out,0.4282,1,4,1,0.381064,15.6382,178.5403,5.569
40,24,out,0.4282,1,5,1,0.373816,12.6705,178.5403,5.569
40,24,out,0.4282,1,6,1,0.498657,6.6562,179.5430,5.569
40,24,out,0.4282,1,7,1,0.373574,12.3898,179.5430,5.569
40,24,out,0.4282,2,0,1,0.556153,0.0447,0.4657,2.917
40,24,out,0.4282,2,1,1,0.431712,13.4268,179.9840,2.917
40,24,out,0.4282,2,2,1,0.401445,10.9154,179.9840,2.917
40,24,out,0.4282,2,3,1,0.402359,17.6182,179.9840,2.917
40,24,out,0.4282,2,4,1,0.411880,16.0422,179.9840,2.917
40,24,out,0.4282,2,5,1,0.463528,12.9198,179.9840,2.917
40,24,out,0.4282,2,6,1,0.465428,7.2754,179.9840,2.917
40,24,out,0.4282,2,7,1,0.426515,12.6500,179.9840,2.917
40,24,out,0.4282,3,0,1,0.614217,0.0373,0.1239,2.405
40,24,out,0.4282,3,1,1,0.469673,13.9306,179.6422,2.405
40,24,out,0.4282,3,2,1,0.445454,11.2961,179.6422,2.405
40,24,out,0.4282,3,3,1,0.437214,18.0018,179.6422,2.405
40,24,out,0.4282,3,4,1,0.441067,16.7759,179.6422,2.405
40,24,out,0.4282,3,5,1,0.524445,13.5270,179.6422,2.405
40,24,out,0.4282,3,6,1,0.472239,7.7814,179.6422,2.405
40,24,out,0.4282,3,7,1,0.434286,13.2808,179.6422,2.405
40,24,out,0.4282,4,0,1,0.588292,0.0451,0.3385,3.010
40,24,out,0.4282,4,1,1,0.476333,14.6213,179.8568,3.010
40,24,out,0.4282,4,2,1,0.471468,11.5521,178.8541,3.010
40,24,out,0.4282,4,3,1,0.460021,18.6761,179.8568,3.010
40,24,out,0.4282,4,4,1,0.480824,17.2732,179.8568,3.010
40,24,out,0.4282,4,5,1,0.493411,14.1166,179.8568,3.010
40,24,out,0.4282,4,6,1,0.483028,8.3722,178.8541,3.010
40,24,out,0.4282,4,7,1,0.432700,13.8994,178.8541,3.010
40,24,out,0.4282,5,0,1,0.605874,0.0364,0.3849,2.840
40,24,out,0.4282,5,1,1,0.466772,15.1309,179.9032,2.840
40,24,out,0.4282,5,2,1,0.452199,11.8638,179.9032,2.840
40,24,out,0.4282,5,3,1,0.461618,19.1780,179.9032,2.840
40,24,out,0.4282,5,4,1,0.483330,17.8592,179.9032,2.840
40,24,out,0.4282,5,5,1,0.501536,14.7191,179.9032,2.840
40,24,out,0.4282,5,6,1,0.495647,8.9806,179.9032,2.840
40,24,out,0.4282,5,7,1,0.437406,14.4791,179.9032,2.840
40,24,out,0.4282,6,0,1,0.597123,0.0803,0.5695,3.190
40,24,out,0.4282,6,1,1,0.474319,15.7060,179.9515,3.190
40,24,out,0.4282,6,2,1,0.465549,11.8265,179.9515,3.190
40,24,out,0.4282,6,3,1,0.479685,19.5158,179.9515,3.190
40,24,out,0.4282,6,4,1,0.498251,18.5332,179.9515,3.190
40,24,out,0.4282,6,5,1,0.509189,15.3295,179.9515,3.190
40,24,out,0.4282,6,6,1,0.528109,9.6192,179.9515,3.190
40,24,out,0.4282,6,7,1,0.464406,15.1345,179.9515,3.190
40,24,out,0.4282,7,0,1,0.559601,0.0274,0.3089,4.189
40,24,out,0.4282,7,1,1,0.457891,16.2482,179.2094,4.189
40,24,out,0.4282,7,2,1,0.425665,12.1899,179.2094,4.189
40,24,out,0.4282,7,3,1,0.438966,19.8999,179.2094,4.189
40,24,out,0.4282,7,4,1,0.459987,18.9439,179.2094,4.189
40,24,out,0.4282,7,5,1,0.464569,15.9516,179.2094,4.189
40,24,out,0.4282,7,6,1,0.479242,10.2238,179.7880,4.189
40,24,out,0.4282,7,7,1,0.435031,15.7096,179.2094,4.189
40,24,out,0.4282,8,0,1,0.666680,0.0312,0.5802,2.623
40,24,out,0.4282,8,1,1,0.546672,16.9455,179.9408,2.623
40,24,out,0.4282,8,2,1,0.499470,12.2891,179.9408,2.623
40,24,out,0.4282,8,3,1,0.500193,20.2933,179.9408,2.623
40,24,out,0.4282,8,4,1,0.527121,19.3631,179.9408,2.623
40,24,out,0.4282,8,5,1,0.565974,16.5274,179.9408,2.623
40,24,out,0.4282,8,6,1,0.531223,10.7923,179.9408,2.623
40,24,out,0.4282,8,7,1,0.527255,16.3565,179.9408,2.623
40,24,out,0.4282,9,0,1,0.591451,0.0398,0.2443,2.608
40,24,out,0.4282,9,1,1,0.469797,17.4432,179.2740,2.608
40,24,out,0.4282,9,2,1,0.464410,12.8057,179.2740,2.608
40,24,out,0.4282,9,3,1,0.464972,20.9762,179.2740,2.608
40,24,out,0.4282,9,4,1,0.478474,19.8867,179.7233,2.608
40,24,out,0.4282,9,5,1,0.471451,17.1516,179.2740,2.608
40,24,out,0.4282,9,6,1,0.468309,11.3731,179.7233,2.608
40,24,out,0.4282,9,7,1,0.429674,16.8108,178.2714,2.608
40,24,out,0.4282,10,0,1,0.645312,0.0322,0.0644,2.411
40,24,out,0.4282,10,1,1,0.458455,18.1215,179.4539,2.411
40,24,out,0.4282,10,2,1,0.417078,13.2174,179.5434,2.411
40,24,out,0.4282,10,3,1,0.439487,21.6855,179.4539,2.411
40,24,out,0.4282,10,4,1,0.437879,20.2767,179.5434,2.411
40,24,out,0.4282,10,5,1,0.503925,17.7202,179.4539,2.411
40,24,out,0.4282,10,6,1,0.502035,11.9580,179.5434,2.411
40,24,out,0.4282,10,7,1,0.438462,17.5551,179.5434,2.411
40,24,out,0.4282,11,0,1,0.547396,0.1473,0.3022,2.445
40,24,out,0.4282,11,1,1,0.439012,18.6687,179.2161,2.445
40,24,out,0.4282,11,2,1,0.433073,13.2243,179.2161,2.445
40,24,out,0.4282,11,3,1,0.416479,22.0017,179.2161,2.445
40,24,out,0.4282,11,4,1,0.424366,20.6515,179.2161,2.445
40,24,out,0.4282,11,5,1,0.468033,18.2856,179.2161,2.445
40,24,out,0.4282,11,6,1,0.446275,12.4691,179.7812,2.445
40,24,out,0.4282,11,7,1,0.448178,18.0332,179.7812,2.445
40,25,out,0.7996,0,-1,0,0,0,0,2958.030
40,25,out,0.7996,1,-1,0,0,0,0,0.000
40,25,out,0.7996,2,-1,0,0,0,0,0.000
40,25,out,0.7996,3,-1,0,0,0,0,0.000
40,25,out,0.7996,4,-1,0,0,0,0,0.000
40,25,out,0.7996,5,-1,0,0,0,0,0.000
40,25,out,0.7996,6,-1,0,0,0,0,0.000
40,25,out,0.7996,7,-1,0,0,0,0,0.000
40,25,out,0.7996,8,-1,0,0,0,0,0.000
40,25,out,0.7996,9,-1,0,0,0,0,0.000
40,25,out,0.7996,10,-1,0,0,0,0,0.000
40,25,out,0.7996,11,-1,0,0,0,0,0.000
40,26,in,0.3157,0,0,1,0.704127,0.0698,0.1129,355.711
40,26,in,0.3157,0,1,1,0.635050,11.9521,0.1129,355.711
40,26,in,0.3157,0,2,1,0.625443,5.7214,179.6312,355.711
40,26,in,0.3157,0,3,1,0.621075,20.4892,179.6312,355.711
40,26,in,0.3157,0,4,1,0.614677,5.9522,0.1129,355.711
40,26,in,0.3157,0,5,1,0.602484,9.5359,179.6312,355.711
40,26,in,0.3157,0,6,1,0.598671,14.6279,179.6312,355.711
40,26,in,0.3157,0,7,1,0.596878,13.9044,179.6312,355.711
40,26,in,0.3157,1,0,1,0.646775,0.0729,0.6633,2.639
40,26,in,0.3157,1,1,1,0.548932,11.9468,0.3393,2.639
40,26,in,0.3157,1,2,1,0.568472,5.4010,179.8184,2.639
40,26,in,0.3157,1,3,1,0.555169,20.8142,179.8184,2.639
40,26,in,0.3157,1,4,1,0.553811,5.9469,0.6633,2.639
40,26,in,0.3157,1,5,1,0.561008,9.9637,179.8184,2.639
40,26,in,0.3157,1,6,1,0.570330,15.2850,179.8184,2.639
40,26,in,0.3157,1,7,1,0.580821,14.4443,179.8184,2.639
40,26,in,0.3157,2,0,1,0.689699,0.0630,0.5173,2.506
40,26,in,0.3157,2,1,1,0.580272,11.9492,0.5173,2.506
40,26,in,0.3157,2,2,1,0.593605,5.2617,179.0010,2.506
40,26,in,0.3157,2,3,1,0.564024,21.0939,179.9963,2.506
40,26,in,0.3157,2,4,1,0.563083,5.9533,0.5173,2.506
40,26,in,0.3157,2,5,1,0.544853,10.4332,179.9963,2.506
40,26,in,0.3157,2,6,1,0.553777,15.7840,179.9963,2.506
40,26,in,0.3157,2,7,1,0.561447,14.8229,179.9963,2.506
40,26,in,0.3157,3,0,1,0.728609,0.0561,0.2067,2.233
40,26,in,0.3157,3,1,1,0.608214,12.0253,0.2067,2.233
40,26,in,0.3157,3,2,1,0.630433,5.1063,179.6857,2.233
40,26,in,0.3157,3,3,1,0.615886,21.3326,178.6830,2.233
40,26,in,0.3157,3,4,1,0.565372,6.0295,0.7960,2.233
40,26,in,0.3157,3,5,1,0.556681,11.0959,179.3116,2.233
40,26,in,0.3157,3,6,1,0.594021,16.3068,179.6857,2.233
40,26,in,0.3157,3,7,1,0.591710,15.3764,179.6857,2.233
40,26,in,0.3157,4,0,1,0.694660,0.0609,0.0570,2.383
40,26,in,0.3157,4,1,1,0.598410,12.0307,0.0570,2.383
40,26,in,0.3157,4,2,1,0.604746,4.9077,179.4221,2.383
40,26,in,0.3157,4,3,1,0.577362,21.6561,179.4221,2.383
40,26,in,0.3157,4,4,1,0.526016,6.0393,0.0570,2.383
40,26,in,0.3157,4,5,1,0.548172,11.3987,179.5753,2.383
40,26,in,0.3157,4,6,1,0.574390,16.7674,179.5753,2.383
40,26,in,0.3157,4,7,1,0.568090,15.7649,179.5753,2.383
40,26,in,0.3157,5,0,1,0.649920,0.0559,0.1718,2.946
40,26,in,0.3157,5,1,1,0.548156,12.0261,0.1718,2.946
40,26,in,0.3157,5,2,1,0.548325,4.7461,179.3073,2.946
40,26,in,0.3157,5,3,1,0.529973,21.9217,179.3073,2.946
40,26,in,0.3157,5,4,1,0.488242,6.0347,0.1718,2.946
40,26,in,0.3157,5,5,1,0.510752,12.0279,179.3073,2.946
40,26,in,0.3157,5,6,1,0.512101,17.4229,179.6901,2.946
40,26,in,0.3157,5,7,1,0.519213,16.3134,179.6901,2.946
40,26,in,0.3157,6,0,1,0.681594,0.0507,0.1474,2.622
40,26,in,0.3157,6,1,1,0.526548,12.0198,0.1474,2.622
40,26,in,0.3157,6,2,1,0.531414,4.8549,179.3709,2.622
40,26,in,0.3157,6,3,1,0.487644,22.1755,179.3709,2.622
40,26,in,0.3157,6,4,1,0.454394,6.0284,0.1474,2.622
40,26,in,0.3157,6,5,1,0.505202,12.7420,179.6264,2.622
40,26,in,0.3157,6,6,1,0.498954,17.8489,179.3709,2.622
40,26,in,0.3157,6,7,1,0.498134,16.9284,179.6264,2.622
40,26,in,0.3157,7,0,1,0.678963,0.0490,0.0072,3.075
40,26,in,0.3157,7,1,1,0.524110,12.0267,0.0072,3.075
40,26,in,0.3157,7,2,1,0.545244,4.7971,179.4719,3.075
40,26,in,0.3157,7,3,1,0.511063,22.1572,179.4719,3.075
40,26,in,0.3157,7,4,1,0.440534,5.9460,0.9955,3.075
40,26,in,0.3157,7,5,1,0.534975,12.9975,179.5255,3.075
40,26,in,0.3157,7,6,1,0.554672,17.8839,179.5255,3.075
40,26,in,0.3157,7,7,1,0.515903,16.8251,179.4719,3.075
40,26,in,0.3157,8,0,1,0.724522,0.0765,0.1920,2.248
40,26,in,0.3157,8,1,1,0.576170,11.9290,0.1920,2.248
40,26,in,0.3157,8,2,1,0.579691,5.4587,179.6711,2.248
40,26,in,0.3157,8,3,1,0.562503,22.8586,179.3263,2.248
40,26,in,0.3157,8,4,1,0.531005,5.9761,1.1947,2.248
40,26,in,0.3157,8,5,1,0.572119,13.5222,179.3263,2.248
40,26,in,0.3157,8,6,1,0.587791,18.4977,179.3263,2.248
40,26,in,0.3157,8,7,1,0.599822,17.2372,179.6711,2.248
40,26,in,0.3157,9,0,1,0.703908,0.0701,0.3793,4.213
40,26,in,0.3157,9,1,1,0.561652,11.9349,0.3793,4.213
40,26,in,0.3157,9,2,1,0.574792,5.5073,179.1390,4.213
40,26,in,0.3157,9,3,1,0.546121,22.8531,179.1390,4.213
40,26,in,0.3157,9,4,1,0.540773,6.0231,0.3793,4.213
40,26,in,0.3157,9,5,1,0.585589,13.6394,179.1390,4.213
40,26,in,0.3157,9,6,1,0.577295,18.4912,179.1390,4.213
40,26,in,0.3157,9,7,1,0.554426,17.3823,179.8583,4.213
40,26,in,0.3157,10,0,1,0.638721,0.0552,0.6985,2.737
40,26,in,0.3157,10,1,1,0.559518,11.9336,0.6985,2.737
40,26,in,0.3157,10,2,1,0.558616,5.9838,179.8225,2.737
40,26,in,0.3157,10,3,1,0.555448,23.1280,179.8225,2.737
40,26,in,0.3157,10,4,1,0.533546,6.1738,0.3042,2.737
40,26,in,0.3157,10,5,1,0.545641,13.2846,178.8198,2.737
40,26,in,0.3157,10,6,1,0.561016,18.3071,179.8225,2.737
40,26,in,0.3157,10,7,1,0.559100,17.3855,179.8225,2.737
40,26,in,0.3157,11,0,1,0.698347,0.0436,0.5631,2.476
40,26,in,0.3157,11,1,1,0.568346,12.0159,0.5631,2.476
40,26,in,0.3157,11,2,1,0.587799,5.9417,179.9578,2.476
40,26,in,0.3157,11,3,1,0.577719,23.1309,179.9578,2.476
40,26,in,0.3157,11,4,1,0.551425,6.2253,0.4396,2.476
40,26,in,0.3157,11,5,1,0.561634,13.1587,179.9578,2.476
40,26,in,0.3157,11,6,1,0.561033,18.3226,179.9578,2.476
40,26,in,0.3157,11,7,1,0.576526,17.3265,179.9578,2.476
40,27,out,0.1349,0,0,1,0.831435,0.0331,0.0544,610.966
40,27,out,0.1349,0,1,1,0.747848,18.9964,179.4639,610.966
40,27,out,0.1349,0,2,1,0.738167,15.1438,179.4639,610.966
40,27,out,0.1349,0,3,1,0.725714,23.9248,179.4639,610.966
40,27,out,0.1349,0,4,1,0.723817,30.2021,179.5334,610.966
40,27,out,0.1349,0,5,1,0.722004,14.7173,179.4639,610.966
40,27,out,0.1349,0,6,1,0.721358,23.1677,0.0544,610.966
40,27,out,0.1349,0,7,1,0.721183,3.4739,179.4639,610.966
40,27,out,0.1349,1,0,1,0.832267,0.0311,0.4144,2.016
40,27,out,0.1349,1,1,1,0.732964,19.0449,179.8935,2.016
40,27,out,0.1349,1,2,1,0.698874,14.6920,179.1039,2.016
40,27,out,0.1349,1,3,1,0.711858,24.1142,179.8935,2.016
40,27,out,0.1349,1,4,1,0.706155,30.3697,179.8935,2.016
40,27,out,0.1349,1,5,1,0.724495,14.6943,179.8935,2.016
40,27,out,0.1349,1,6,1,0.686902,23.3030,0.5882,2.016
40,27,out,0.1349,1,7,1,0.682051,4.2068,179.8935,2.016
40,27,out,0.1349,2,0,1,0.841899,0.0507,0.3032,6.019
40,27,out,0.1349,2,1,1,0.724412,19.1743,179.8215,6.019
40,27,out,0.1349,2,2,1,0.712353,14.4780,179.8215,6.019
40,27,out,0.1349,2,3,1,0.709295,24.3335,179.8215,6.019
40,27,out,0.1349,2,4,1,0.706259,30.5664,179.8215,6.019
40,27,out,0.1349,2,5,1,0.718683,14.5945,179.8215,6.019
40,27,out,0.1349,2,6,1,0.687078,23.1849,0.3032,6.019
40,27,out,0.1349,2,7,1,0.669149,4.8314,179.8215,6.019
40,27,out,0.1349,3,0,1,0.798452,0.0627,0.2128,2.104
40,27,out,0.1349,3,1,1,0.708403,19.3089,179.7311,2.104
40,27,out,0.1349,3,2,1,0.674383,14.3041,179.7311,2.104
40,27,out,0.1349,3,3,1,0.682229,24.4188,179.7311,2.104
40,27,out,0.1349,3,4,1,0.707519,30.7967,179.7311,2.104
40,27,out,0.1349,3,5,1,0.698438,14.3809,179.7311,2.104
40,27,out,0.1349,3,6,1,0.667165,23.2358,0.2128,2.104
40,27,out,0.1349,3,7,1,0.643117,5.2374,179.2662,2.104
40,27,out,0.1349,4,0,1,0.871493,0.0579,0.2110,7.694
40,27,out,0.1349,4,1,1,0.769030,19.4158,179.7293,7.694
40,27,out,0.1349,4,2,1,0.726248,14.0208,179.7293,7.694
40,27,out,0.1349,4,3,1,0.751329,24.7274,179.7293,7.694
40,27,out,0.1349,4,4,1,0.755245,30.9917,179.7293,7.694
40,27,out,0.1349,4,5,1,0.745903,14.5767,179.7293,7.694
40,27,out,0.1349,4,6,1,0.711356,23.1799,0.2110,7.694
40,27,out,0.1349,4,7,1,0.697180,5.8129,179.7293,7.694
40,27,out,0.1349,5,0,1,0.843946,0.0486,0.3748,2.260
40,27,out,0.1349,5,1,1,0.743066,19.4102,179.8538,2.260
40,27,out,0.1349,5,2,1,0.710467,13.9144,179.1435,2.260
40,27,out,0.1349,5,3,1,0.733609,24.7234,179.1435,2.260
40,27,out,0.1349,5,4,1,0.725861,31.1059,179.8538,2.260
40,27,out,0.1349,5,5,1,0.722297,14.5687,179.8538,2.260
40,27,out,0.1349,5,6,1,0.702684,23.3139,0.3748,2.260
40,27,out,0.1349,5,7,1,0.676888,5.6993,179.1435,2.260
40,27,out,0.1349,6,0,1,0.846214,0.0585,0.0491,2.196
40,27,out,0.1349,6,1,1,0.757864,19.1842,179.5281,2.196
40,27,out,0.1349,6,2,1,0.709017,13.5125,179.5281,2.196
40,27,out,0.1349,6,3,1,0.726295,24.4978,179.5281,2.196
40,27,out,0.1349,6,4,1,0.723968,30.8948,179.5281,2.196
40,27,out,0.1349,6,5,1,0.724548,14.2804,179.4692,2.196
40,27,out,0.1349,6,6,1,0.717542,23.4459,0.0491,2.196
40,27,out,0.1349,6,7,1,0.688680,6.1602,179.5281,2.196
40,27,out,0.1349,7,0,1,0.873456,0.0451,0.0624,10.653
40,27,out,0.1349,7,1,1,0.764626,19.1668,179.5415,10.653
40,27,out,0.1349,7,2,1,0.721042,13.0756,179.5415,10.653
40,27,out,0.1349,7,3,1,0.740487,24.4038,179.5415,10.653
40,27,out,0.1349,7,4,1,0.753493,31.0165,179.5415,10.653
40,27,out,0.1349,7,5,1,0.730706,14.1537,179.4559,10.653
40,27,out,0.1349,7,6,1,0.708199,23.2572,0.0624,10.653
40,27,out,0.1349,7,7,1,0.701669,6.7743,179.5415,10.653
40,27,out,0.1349,8,0,1,0.870771,0.0469,0.2334,6.475
40,27,out,0.1349,8,1,1,0.769408,19.1718,179.7124,6.475
40,27,out,0.1349,8,2,1,0.725295,13.0765,179.7124,6.475
40,27,out,0.1349,8,3,1,0.753444,24.3750,179.7124,6.475
40,27,out,0.1349,8,4,1,0.741979,30.9859,179.7124,6.475
40,27,out,0.1349,8,5,1,0.742848,14.1575,179.7124,6.475
40,27,out,0.1349,8,6,1,0.715085,23.4448,0.7693,6.475
40,27,out,0.1349,8,7,1,0.697643,6.9195,179.7124,6.475
40,27,out,0.1349,9,0,1,0.849084,0.0520,0.0600,2.220
40,27,out,0.1349,9,1,1,0.731391,18.8060,179.4583,2.220
40,27,out,0.1349,9,2,1,0.698106,12.4914,179.4583,2.220
40,27,out,0.1349,9,3,1,0.710711,24.1769,179.4583,2.220
40,27,out,0.1349,9,4,1,0.724924,30.6106,179.4583,2.220
40,27,out,0.1349,9,5,1,0.713532,13.7053,179.4583,2.220
40,27,out,0.1349,9,6,1,0.684487,23.3711,0.9427,2.220
40,27,out,0.1349,9,7,1,0.678845,7.0520,179.5390,2.220
40,27,out,0.1349,10,0,1,0.823042,0.0639,0.4333,9.546
40,27,out,0.1349,10,1,1,0.716302,18.4697,179.9123,9.546
40,27,out,0.1349,10,2,1,0.685766,12.1914,179.9123,9.546
40,27,out,0.1349,10,3,1,0.697909,23.9040,179.9123,9.546
40,27,out,0.1349,10,4,1,0.699026,30.4312,179.9123,9.546
40,27,out,0.1349,10,5,1,0.697504,13.1629,179.9123,9.546
40,27,out,0.1349,10,6,1,0.707279,23.1756,0.4333,9.546
40,27,out,0.1349,10,7,1,0.666478,7.5964,179.9123,9.546
40,27,out,0.1349,11,0,1,0.844117,0.0543,0.0584,2.514
40,27,out,0.1349,11,1,1,0.745295,18.0458,179.5374,2.514
40,27,out,0.1349,11,2,1,0.700845,11.3115,179.4599,2.514
40,27,out,0.1349,11,3,1,0.712771,23.6244,179.5374,2.514
40,27,out,0.1349,11,4,1,0.706909,30.0834,179.4599,2.514
40,27,out,0.1349,11,5,1,0.700892,12.7817,179.5374,2.514
40,27,out,0.1349,11,6,1,0.696962,23.1108,0.0584,2.514
40,27,out,0.1349,11,7,1,0.672881,8.0120,179.5374,2.514
40,28,in,0.4830,0,0,1,0.559532,0.0400,0.8551,1159.797
40,28,in,0.4830,0,1,1,0.522185,33.9550,179.6659,1159.797
40,28,in,0.4830,0,2,1,0.518268,11.9863,0.1476,1159.797
40,28,in,0.4830,0,3,1,0.517030,31.8419,179.6659,1159.797
40,28,in,0.4830,0,4,1,0.514916,5.9864,0.1476,1159.797
40,28,in,0.4830,0,5,1,0.514503,36.9321,179.6659,1159.797
40,28,in,0.4830,0,6,1,0.508631,17.9863,0.1476,1159.797
40,28,in,0.4830,0,7,1,0.506443,6.0139,0.8551,1159.797
40,28,in,0.4830,1,0,1,0.585844,0.0542,0.5001,2.514
40,28,in,0.4830,1,1,1,0.546047,34.1545,179.9791,2.514
40,28,in,0.4830,1,2,1,0.545697,11.9646,0.5001,2.514
40,28,in,0.4830,1,3,1,0.551520,31.9389,179.9791,2.514
40,28,in,0.4830,1,4,1,0.539270,5.9647,0.5001,2.514
40,28,in,0.4830,1,5,1,0.556802,37.2152,179.9791,2.514
40,28,in,0.4830,1,6,1,0.526428,17.9646,0.5001,2.514
40,28,in,0.4830,1,7,1,0.527366,6.0362,0.5001,2.514
40,28,in,0.4830,2,0,1,0.541276,0.0610,1.1580,1.892
40,28,in,0.4830,2,1,1,0.499964,34.0838,179.3237,1.892
40,28,in,0.4830,2,2,1,0.483884,11.9566,1.1580,1.892
40,28,in,0.4830,2,3,1,0.511143,31.7609,179.3237,1.892
40,28,in,0.4830,2,4,1,0.510691,5.9567,1.1580,1.892
40,28,in,0.4830,2,5,1,0.497447,37.2378,179.3237,1.892
40,28,in,0.4830,2,6,1,0.489630,17.9566,1.1580,1.892
40,28,in,0.4830,2,7,1,0.491249,6.0443,0.1554,1.892
40,28,in,0.4830,3,0,1,0.573471,0.0672,0.3288,2.143
40,28,in,0.4830,3,1,1,0.497385,34.1971,179.8471,2.143
40,28,in,0.4830,3,2,1,0.481616,11.9458,0.6739,2.143
40,28,in,0.4830,3,3,1,0.505078,31.6845,179.1503,2.143
40,28,in,0.4830,3,4,1,0.503253,5.9459,0.3288,2.143
40,28,in,0.4830,3,5,1,0.507825,37.3492,179.1503,2.143
40,28,in,0.4830,3,6,1,0.492602,17.9458,0.3288,2.143
40,28,in,0.4830,3,7,1,0.496731,6.0573,0.3288,2.143
40,28,in,0.4830,4,0,1,0.483666,0.0725,0.2593,2.620
40,28,in,0.4830,4,1,1,0.394432,34.1141,179.7383,2.620
40,28,in,0.4830,4,2,1,0.390405,11.9580,0.2593,2.620
40,28,in,0.4830,4,3,1,0.403306,31.6809,179.2590,2.620
40,28,in,0.4830,4,4,1,0.410128,5.9605,0.2593,2.620
40,28,in,0.4830,4,5,1,0.388456,37.4316,179.7383,2.620
40,28,in,0.4830,4,6,1,0.392158,17.9603,0.7434,2.620
40,28,in,0.4830,4,7,1,0.395701,6.0430,0.2593,2.620
40,28,in,0.4830,5,0,1,0.479753,0.0597,0.6477,2.135
40,28,in,0.4830,5,1,1,0.427154,34.2003,179.1633,2.135
40,28,in,0.4830,5,2,1,0.410615,11.9559,0.3550,2.135
40,28,in,0.4830,5,3,1,0.435038,31.6796,179.8340,2.135
40,28,in,0.4830,5,4,1,0.429740,5.9584,0.6477,2.135
40,28,in,0.4830,5,5,1,0.414528,37.4311,179.8340,2.135
40,28,in,0.4830,5,6,1,0.441123,17.9583,0.6477,2.135
40,28,in,0.4830,5,7,1,0.397386,6.0448,0.6477,2.135
40,28,in,0.4830,6,0,1,0.602176,0.0488,0.2710,2.072
40,28,in,0.4830,6,1,1,0.529786,33.5747,179.2080,2.072
40,28,in,0.4830,6,2,1,0.541141,11.9687,1.2737,2.072
40,28,in,0.4830,6,3,1,0.536114,31.0088,179.2080,2.072
40,28,in,0.4830,6,4,1,0.520996,5.9774,1.2737,2.072
40,28,in,0.4830,6,5,1,0.518615,36.9324,179.2080,2.072
40,28,in,0.4830,6,6,1,0.526091,17.9756,0.2710,2.072
40,28,in,0.4830,6,7,1,0.513947,6.0290,1.2737,2.072
40,28,in,0.4830,7,0,1,0.530957,0.0678,0.6298,2.104
40,28,in,0.4830,7,1,1,0.500425,33.6660,178.8885,2.104
40,28,in,0.4830,7,2,1,0.490597,11.9627,0.6298,2.104
40,28,in,0.4830,7,3,1,0.484743,31.1066,179.8912,2.104
40,28,in,0.4830,7,4,1,0.495297,5.9705,0.6298,2.104
40,28,in,0.4830,7,5,1,0.481838,37.0162,179.8912,2.104
40,28,in,0.4830,7,6,1,0.494005,17.9704,0.6298,2.104
40,28,in,0.4830,7,7,1,0.481662,6.0328,0.3729,2.104
40,28,in,0.4830,8,0,1,0.533648,0.0426,0.0838,2.309
40,28,in,0.4830,8,1,1,0.471618,33.2679,179.3952,2.309
40,28,in,0.4830,8,2,1,0.463817,11.9710,0.9189,2.309
40,28,in,0.4830,8,3,1,0.497682,30.8937,179.6021,2.309
40,28,in,0.4830,8,4,1,0.491422,5.9787,0.0838,2.309
40,28,in,0.4830,8,5,1,0.479587,36.5592,179.3952,2.309
40,28,in,0.4830,8,6,1,0.478807,17.9787,0.0838,2.309
40,28,in,0.4830,8,7,1,0.476434,6.0244,0.0838,2.309
40,28,in,0.4830,9,0,1,0.534628,0.0436,0.4708,1.874
40,28,in,0.4830,9,1,1,0.469853,33.0580,179.0082,1.874
40,28,in,0.4830,9,2,1,0.486334,11.9797,0.5318,1.874
40,28,in,0.4830,9,3,1,0.492449,30.7800,179.9891,1.874
40,28,in,0.4830,9,4,1,0.478217,5.9868,0.4708,1.874
40,28,in,0.4830,9,5,1,0.470731,36.2693,179.0082,1.874
40,28,in,0.4830,9,6,1,0.485864,17.9868,0.4708,1.874
40,28,in,0.4830,9,7,1,0.476663,6.0164,0.4708,1.874
40,28,in,0.4830,10,0,1,0.565021,0.0410,0.3058,1.901
40,28,in,0.4830,10,1,1,0.500413,32.9790,179.8240,1.901
40,28,in,0.4830,10,2,1,0.497875,11.9831,0.6969,1.901
40,28,in,0.4830,10,3,1,0.501092,30.7103,179.8240,1.901
40,28,in,0.4830,10,4,1,0.511512,5.9893,0.3058,1.901
40,28,in,0.4830,10,5,1,0.504685,36.0993,179.8240,1.901
40,28,in,0.4830,10,6,1,0.479613,17.9892,0.6969,1.901
40,28,in,0.4830,10,7,1,0.508999,6.0139,0.3058,1.901
40,28,in,0.4830,11,0,1,0.563951,0.0534,0.3427,2.118
40,28,in,0.4830,11,1,1,0.495404,32.8146,179.8218,2.118
40,28,in,0.4830,11,2,1,0.495724,12.0010,0.3427,2.118
40,28,in,0.4830,11,3,1,0.491689,30.6523,179.8218,2.118
40,28,in,0.4830,11,4,1,0.486468,6.0063,0.3427,2.118
40,28,in,0.4830,11,5,1,0.478187,35.8484,179.8218,2.118
40,28,in,0.4830,11,6,1,0.489022,18.0072,0.3427,2.118
40,28,in,0.4830,11,7,1,0.491614,5.9969,0.6599,2.118
40,29,in,0.3886,0,0,1,0.660246,0.0700,0.3093,994.211
40,29,in,0.3886,0,1,1,0.572616,2.4700,0.3093,994.211
40,29,in,0.3886,0,2,1,0.571377,3.5700,0.3093,994.211
40,29,in,0.3886,0,3,1,0.567038,16.9393,179.1697,994.211
40,29,in,0.3886,0,4,1,0.565525,21.2235,179.8276,994.211
40,29,in,0.3886,0,5,1,0.563425,18.0252,0.3093,994.211
40,29,in,0.3886,0,6,1,0.563001,31.4335,179.8276,994.211
40,29,in,0.3886,0,7,1,0.562738,32.6324,179.1697,994.211
40,29,in,0.3886,1,0,1,0.584087,0.0462,0.6152,2.012
40,29,in,0.3886,1,1,1,0.457814,2.1597,0.3875,2.012
40,29,in,0.3886,1,2,1,0.471331,3.4596,0.6152,2.012
40,29,in,0.3886,1,3,1,0.519650,16.8479,179.9058,2.012
40,29,in,0.3886,1,4,1,0.516171,20.9913,179.9058,2.012
40,29,in,0.3886,1,5,1,0.487058,18.0468,0.6152,2.012
40,29,in,0.3886,1,6,1,0.486891,31.0907,179.9058,2.012
40,29,in,0.3886,1,7,1,0.487379,32.2737,179.9058,2.012
40,29,in,0.3886,2,0,1,0.600694,0.0653,0.8947,10.417
40,29,in,0.3886,2,1,1,0.464374,2.2533,0.1080,10.417
40,29,in,0.3886,2,2,1,0.464891,3.4579,0.8947,10.417
40,29,in,0.3886,2,3,1,0.502346,16.7101,179.4103,10.417
40,29,in,0.3886,2,4,1,0.501717,20.6407,179.4103,10.417
40,29,in,0.3886,2,5,1,0.492353,17.9470,0.1080,10.417
40,29,in,0.3886,2,6,1,0.489229,30.5946,179.4103,10.417
40,29,in,0.3886,2,7,1,0.488000,31.7109,179.4103,10.417
40,29,in,0.3886,3,0,1,0.563232,0.0788,0.3276,6.298
40,29,in,0.3886,3,1,1,0.432919,2.2524,2.3329,6.298
40,29,in,0.3886,3,2,1,0.409286,3.7519,0.3276,6.298
40,29,in,0.3886,3,3,1,0.484564,16.6047,179.8458,6.298
40,29,in,0.3886,3,4,1,0.453948,20.4144,179.8458,6.298
40,29,in,0.3886,3,5,1,0.461674,17.9475,0.3276,6.298
40,29,in,0.3886,3,6,1,0.455123,30.2519,179.8458,6.298
40,29,in,0.3886,3,7,1,0.418293,31.3419,179.1515,6.298
40,29,in,0.3886,4,0,1,0.599000,0.0533,0.1406,2.544
40,29,in,0.3886,4,1,1,0.425242,2.5446,0.1406,2.544
40,29,in,0.3886,4,2,1,0.449002,3.6544,0.1406,2.544
40,29,in,0.3886,4,3,1,0.487250,16.3367,179.6589,2.544
40,29,in,0.3886,4,4,1,0.502826,19.9942,179.3384,2.544
40,29,in,0.3886,4,5,1,0.457969,18.0372,0.1406,2.544
40,29,in,0.3886,4,6,1,0.473636,29.6967,179.6589,2.544
40,29,in,0.3886,4,7,1,0.451284,30.7103,179.3384,2.544
40,29,in,0.3886,5,0,1,0.660923,0.0573,0.2144,6.565
40,29,in,0.3886,5,1,1,0.452495,2.8359,0.2144,6.565
40,29,in,0.3886,5,2,1,0.472712,3.3456,0.2144,6.565
40,29,in,0.3886,5,3,1,0.509988,16.3156,179.7327,6.565
40,29,in,0.3886,5,4,1,0.501976,19.7447,179.2647,6.565
40,29,in,0.3886,5,5,1,0.496136,18.0382,0.2144,6.565
40,29,in,0.3886,5,6,1,0.479904,29.3032,179.2647,6.565
40,29,in,0.3886,5,7,1,0.480321,30.4842,179.2647,6.565
40,29,in,0.3886,6,0,1,0.679020,0.0447,0.0903,5.279
40,29,in,0.3886,6,1,1,0.508109,3.1160,0.0903,5.279
40,29,in,0.3886,6,2,1,0.514121,3.6257,0.0903,5.279
40,29,in,0.3886,6,3,1,0.547823,16.3380,179.6086,5.279
40,29,in,0.3886,6,4,1,0.537597,19.7101,179.6086,5.279
40,29,in,0.3886,6,5,1,0.556770,17.9649,0.0903,5.279
40,29,in,0.3886,6,6,1,0.555169,29.1027,179.6086,5.279
40,29,in,0.3886,6,7,1,0.522667,30.1757,179.3887,5.279
40,29,in,0.3886,7,0,1,0.652468,0.0556,0.5171,5.570
40,29,in,0.3886,7,1,1,0.449069,3.4167,0.5171,5.570
40,29,in,0.3886,7,2,1,0.447028,3.9264,0.5171,5.570
40,29,in,0.3886,7,3,1,0.505979,16.5463,179.0012,5.570
40,29,in,0.3886,7,4,1,0.481125,19.5727,178.9934,5.570
40,29,in,0.3886,7,5,1,0.516168,18.0508,0.5171,5.570
40,29,in,0.3886,7,6,1,0.480265,28.9222,179.9961,5.570
40,29,in,0.3886,7,7,1,0.461602,30.1761,178.9934,5.570
40,29,in,0.3886,8,0,1,0.623289,0.0562,0.2486,2.515
40,29,in,0.3886,8,1,1,0.478028,3.4170,0.7540,2.515
40,29,in,0.3886,8,2,1,0.474569,3.6268,0.7540,2.515
40,29,in,0.3886,8,3,1,0.518715,16.8682,179.7277,2.515
40,29,in,0.3886,8,4,1,0.521549,19.9151,179.7277,2.515
40,29,in,0.3886,8,5,1,0.536801,18.0513,0.2486,2.515
40,29,in,0.3886,8,6,1,0.490045,28.9002,179.7277,2.515
40,29,in,0.3886,8,7,1,0.461731,30.1131,179.2697,2.515
40,29,in,0.3886,9,0,1,0.662415,0.0499,0.7506,6.300
40,29,in,0.3886,9,1,1,0.479813,3.4149,0.7506,6.300
40,29,in,0.3886,9,2,1,0.477622,3.3247,0.2521,6.300
40,29,in,0.3886,9,3,1,0.553992,17.2482,179.7312,6.300
40,29,in,0.3886,9,4,1,0.558346,20.1106,179.7312,6.300
40,29,in,0.3886,9,5,1,0.576689,17.9435,0.7506,6.300
40,29,in,0.3886,9,6,1,0.525742,28.8993,179.7312,6.300
40,29,in,0.3886,9,7,1,0.481513,30.0813,179.7312,6.300
40,29,in,0.3886,10,0,1,0.622110,0.0561,0.5288,2.233
40,29,in,0.3886,10,1,1,0.482903,3.1303,0.5288,2.233
40,29,in,0.3886,10,2,1,0.484465,3.0424,0.5288,2.233
40,29,in,0.3886,10,3,1,0.518287,17.7125,179.9529,2.233
40,29,in,0.3886,10,4,1,0.510038,20.3813,179.9529,2.233
40,29,in,0.3886,10,5,1,0.539192,18.0380,0.5288,2.233
40,29,in,0.3886,10,6,1,0.494229,29.0380,179.9529,2.233
40,29,in,0.3886,10,7,1,0.456999,30.1941,179.9529,2.233
40,29,in,0.3886,11,0,1,0.637817,0.0517,0.1311,4.709
40,29,in,0.3886,11,1,1,0.509413,3.4280,0.1311,4.709
40,29,in,0.3886,11,2,1,0.503667,3.3401,0.1311,4.709
40,29,in,0.3886,11,3,1,0.552870,18.0872,179.6102,4.709
40,29,in,0.3886,11,4,1,0.548111,20.7281,179.6102,4.709
40,29,in,0.3886,11,5,1,0.575237,18.0340,0.1311,4.709
40,29,in,0.3886,11,6,1,0.532799,29.1393,179.6102,4.709
40,29,in,0.3886,11,7,1,0.474506,30.3840,179.6102,4.709
40,30,out,0.6264,0,0,1,0.435665,0.0713,0.8890,2200.709
40,30,out,0.6264,1,0,1,0.414796,0.0492,0.9542,0.335
40,30,out,0.6264,2,0,1,0.473335,0.0721,0.3130,0.299
40,30,out,0.6264,3,0,1,0.468871,0.0377,0.3092,0.341
40,30,out,0.6264,4,0,1,0.425203,0.0386,0.9761,0.287
40,30,out,0.6264,5,0,1,0.457986,0.0665,0.2245,0.251
40,30,out,0.6264,6,0,1,0.413374,0.0420,0.3002,0.354
40,30,out,0.6264,7,0,1,0.450862,0.0618,0.4517,0.413
40,30,out,0.6264,8,0,1,0.429469,0.0560,0.1130,0.238
40,30,out,0.6264,9,0,1,0.424243,0.0568,1.0328,0.271
40,30,out,0.6264,10,0,1,0.427933,0.0591,0.6341,0.301
40,30,out,0.6264,11,0,1,0.392701,0.0710,0.2965,0.247
40,31,in,0.1631,0,0,1,0.831222,0.0688,0.3402,464.519
40,31,in,0.1631,0,1,1,0.751581,11.9537,0.3402,464.519
40,31,in,0.1631,0,2,1,0.748768,6.5939,179.8192,464.519
40,31,in,0.1631,0,3,1,0.748727,5.9538,0.3402,464.519
40,31,in,0.1631,0,4,1,0.734606,19.8647,179.8192,464.519
40,31,in,0.1631,0,5,1,0.732061,11.4508,0.3402,464.519
40,31,in,0.1631,0,6,1,0.727601,13.4748,179.8192,464.519
40,31,in,0.1631,0,7,1,0.727508,13.0059,179.8192,464.519
40,31,in,0.1631,1,0,1,0.795010,0.0593,0.4984,2.169
40,31,in,0.1631,1,1,1,0.690816,12.0417,0.4984,2.169
40,31,in,0.1631,1,2,1,0.689057,6.0413,179.9834,2.169
40,31,in,0.1631,1,3,1,0.694775,6.0418,0.4984,2.169
40,31,in,0.1631,1,4,1,0.673124,19.7253,178.9807,2.169
40,31,in,0.1631,1,5,1,0.662475,11.1423,0.4984,2.169
40,31,in,0.1631,1,6,1,0.651512,13.8434,179.9834,2.169
40,31,in,0.1631,1,7,1,0.643279,13.2048,179.9834,2.169
40,31,in,0.1631,2,0,1,0.772836,0.0562,0.3782,10.148
40,31,in,0.1631,2,1,1,0.671437,12.0332,0.3782,10.148
40,31,in,0.1631,2,2,1,0.665863,5.4421,179.8965,10.148
40,31,in,0.1631,2,3,1,0.659636,6.0333,0.3782,10.148
40,31,in,0.1631,2,4,1,0.656676,19.6144,179.8965,10.148
40,31,in,0.1631,2,5,1,0.637008,11.2455,0.3782,10.148
40,31,in,0.1631,2,6,1,0.622599,13.8365,179.8965,10.148
40,31,in,0.1631,2,7,1,0.620902,13.1471,179.8965,10.148
40,31,in,0.1631,3,0,1,0.833399,0.0526,0.0165,2.938
40,31,in,0.1631,3,1,1,0.689754,12.0260,0.0165,2.938
40,31,in,0.1631,3,2,1,0.696325,4.8884,179.5348,2.938
40,31,in,0.1631,3,3,1,0.675771,6.0261,0.0165,2.938
40,31,in,0.1631,3,4,1,0.680343,19.5381,179.4625,2.938
40,31,in,0.1631,3,5,1,0.691436,10.9458,0.0165,2.938
40,31,in,0.1631,3,6,1,0.674645,14.1870,179.5348,2.938
40,31,in,0.1631,3,7,1,0.655152,13.3855,179.5348,2.938
40,31,in,0.1631,4,0,1,0.798253,0.0560,0.4403,6.929
40,31,in,0.1631,4,1,1,0.689614,11.9465,0.5624,6.929
40,31,in,0.1631,4,2,1,0.700142,4.4211,179.9586,6.929
40,31,in,0.1631,4,3,1,0.664856,5.9465,0.5624,6.929
40,31,in,0.1631,4,4,1,0.664022,19.7079,179.0387,6.929
40,31,in,0.1631,4,5,1,0.667724,11.0167,0.5624,6.929
40,31,in,0.1631,4,6,1,0.666428,14.5946,179.9586,6.929
40,31,in,0.1631,4,7,1,0.676394,13.6420,179.9586,6.929
40,31,in,0.1631,5,0,1,0.835213,0.0462,0.1195,9.156
40,31,in,0.1631,5,1,1,0.689892,11.9606,0.1195,9.156
40,31,in,0.1631,5,2,1,0.721701,4.0719,179.3595,9.156
40,31,in,0.1631,5,3,1,0.666627,6.0607,0.1195,9.156
40,31,in,0.1631,5,4,1,0.686741,19.9105,179.6378,9.156
40,31,in,0.1631,5,5,1,0.671665,11.1278,0.1195,9.156
40,31,in,0.1631,5,6,1,0.676697,15.1951,179.6378,9.156
40,31,in,0.1631,5,7,1,0.695347,14.1569,179.6378,9.156
40,31,in,0.1631,6,0,1,0.830781,0.0542,0.2166,7.892
40,31,in,0.1631,6,1,1,0.668210,11.9656,0.2166,7.892
40,31,in,0.1631,6,2,1,0.701134,3.9070,179.7349,7.892
40,31,in,0.1631,6,3,1,0.652329,5.9658,0.2166,7.892
40,31,in,0.1631,6,4,1,0.663400,20.2983,179.7349,7.892
40,31,in,0.1631,6,5,1,0.663857,11.1427,0.2166,7.892
40,31,in,0.1631,6,6,1,0.657404,15.7350,179.7349,7.892
40,31,in,0.1631,6,7,1,0.662183,14.6472,179.7349,7.892
40,31,in,0.1631,7,0,1,0.861215,0.0572,0.3895,2.351
40,31,in,0.1631,7,1,1,0.684171,11.9570,0.3895,2.351
40,31,in,0.1631,7,2,1,0.713843,3.8804,179.9078,2.351
40,31,in,0.1631,7,3,1,0.647906,5.9572,0.6131,2.351
40,31,in,0.1631,7,4,1,0.702699,20.6950,179.9078,2.351
40,31,in,0.1631,7,5,1,0.711570,11.0397,0.6131,2.351
40,31,in,0.1631,7,6,1,0.661504,16.3340,179.9078,2.351
40,31,in,0.1631,7,7,1,0.680710,15.1800,179.9078,2.351
40,31,in,0.1631,8,0,1,0.868334,0.0646,0.0203,6.311
40,31,in,0.1631,8,1,1,0.664729,11.9474,0.0203,6.311
40,31,in,0.1631,8,2,1,0.699160,3.9713,179.5386,6.311
40,31,in,0.1631,8,3,1,0.621137,6.0444,0.0203,6.311
40,31,in,0.1631,8,4,1,0.689069,21.1367,179.5386,6.311
40,31,in,0.1631,8,5,1,0.722233,11.0363,0.0203,6.311
40,31,in,0.1631,8,6,1,0.648916,17.1695,179.5386,6.311
40,31,in,0.1631,8,7,1,0.661810,15.7951,179.5386,6.311
40,31,in,0.1631,9,0,1,0.869408,0.0593,0.6483,2.923
40,31,in,0.1631,9,1,1,0.677030,11.9472,0.3544,2.923
40,31,in,0.1631,9,2,1,0.692818,3.9773,179.8334,2.923
40,31,in,0.1631,9,3,1,0.607585,6.0445,0.3544,2.923
40,31,in,0.1631,9,4,1,0.669322,21.1379,179.8334,2.923
40,31,in,0.1631,9,5,1,0.727634,11.1275,0.3544,2.923
40,31,in,0.1631,9,6,1,0.655853,16.9331,179.8334,2.923
40,31,in,0.1631,9,7,1,0.667409,15.6947,179.8334,2.923
40,31,in,0.1631,10,0,1,0.767444,0.0604,0.4062,2.543
40,31,in,0.1631,10,1,1,0.596541,12.0400,0.4062,2.543
40,31,in,0.1631,10,2,1,0.616957,3.9050,179.8852,2.543
40,31,in,0.1631,10,3,1,0.533138,6.0369,0.4062,2.543
40,31,in,0.1631,10,4,1,0.602530,21.3535,179.8852,2.543
40,31,in,0.1631,10,5,1,0.635536,11.0215,0.4062,2.543
40,31,in,0.1631,10,6,1,0.568798,17.4365,179.8852,2.543
40,31,in,0.1631,10,7,1,0.569666,16.1988,179.8852,2.543
40,31,in,0.1631,11,0,1,0.817669,0.0652,0.0908,6.075
40,31,in,0.1631,11,1,1,0.619425,12.0388,0.0908,6.075
40,31,in,0.1631,11,2,1,0.634440,3.9020,179.3882,6.075
40,31,in,0.1631,11,3,1,0.545832,6.0358,0.0908,6.075
40,31,in,0.1631,11,4,1,0.627342,21.4534,179.3882,6.075
40,31,in,0.1631,11,5,1,0.682491,11.1285,0.0908,6.075
40,31,in,0.1631,11,6,1,0.587340,17.3927,179.6091,6.075
40,31,in,0.1631,11,7,1,0.605417,16.2705,179.6091,6.075
40,32,in,0.6553,0,0,1,0.405407,0.0586,0.2813,1818.847
40,32,in,0.6553,0,1,1,0.403540,11.0922,178.1951,1818.847
40,32,in,0.6553,1,0,1,0.445995,0.0352,0.1004,0.763
40,32,in,0.6553,1,1,1,0.394267,11.5231,179.4179,0.763
40,32,in,0.6553,2,0,1,0.454541,0.0194,0.3011,0.765
40,32,in,0.6553,2,1,1,0.340553,12.2643,179.2172,0.765
40,32,in,0.6553,3,0,1,0.397784,0.0792,0.4254,8.707
40,32,in,0.6553,3,1,1,0.339285,12.3724,179.9044,8.707
40,32,in,0.6553,4,0,1,0.459284,0.0274,0.0983,0.657
40,32,in,0.6553,4,1,1,0.400429,12.0727,179.6165,0.657
40,32,in,0.6553,5,0,1,0.438664,0.0326,0.1965,0.690
40,32,in,0.6553,5,1,1,0.386852,11.8343,179.6755,0.690
40,32,in,0.6553,6,0,1,0.412438,0.0520,0.5734,0.692
40,32,in,0.6553,6,1,1,0.354159,11.0981,177.9422,0.692
40,32,in,0.6553,7,0,1,0.478543,0.0407,0.4318,0.675
40,32,in,0.6553,7,1,1,0.434810,10.5676,178.9474,0.675
40,32,in,0.6553,8,0,1,0.398526,0.0425,0.8805,3.041
40,32,in,0.6553,8,1,1,0.357428,9.8696,179.6012,3.041
40,32,in,0.6553,9,0,1,0.354237,0.0469,0.3467,0.732
40,32,in,0.6553,9,1,1,0.330369,9.8804,178.1689,0.732
40,32,in,0.6553,10,0,1,0.412601,0.0624,0.0275,0.690
40,32,in,0.6553,10,1,1,0.378417,9.6216,179.4908,0.690
40,32,in,0.6553,11,0,1,0.421943,0.0533,0.1613,0.623
40,32,in,0.6553,11,1,1,0.377231,9.6773,179.6404,0.623
40,33,in,0.0060,0,0,1,0.962915,0.0301,0.5588,533.505
40,33,in,0.0060,0,1,1,0.914941,24.9260,179.9230,533.505
40,33,in,0.0060,0,2,1,0.906062,5.9748,0.5588,533.505
40,33,in,0.0060,0,3,1,0.884975,24.8717,179.9230,533.505
40,33,in,0.0060,0,4,1,0.883665,11.9748,0.5588,533.505
40,33,in,0.0060,0,5,1,0.883489,26.2278,179.9230,533.505
40,33,in,0.0060,0,6,1,0.883094,17.9748,0.5588,533.505
40,33,in,0.0060,0,7,1,0.877404,13.3567,0.5588,533.505
40,33,in,0.0060,1,0,1,0.953530,0.0570,0.2779,1.844
40,33,in,0.0060,1,1,1,0.903650,25.2973,179.2011,1.844
40,33,in,0.0060,1,2,1,0.880444,5.9473,0.2779,1.844
40,33,in,0.0060,1,3,1,0.873946,25.3491,179.2011,1.844
40,33,in,0.0060,1,4,1,0.866508,11.9472,0.2779,1.844
40,33,in,0.0060,1,5,1,0.862579,26.7806,179.2011,1.844
40,33,in,0.0060,1,6,1,0.862866,17.9472,0.2779,1.844
40,33,in,0.0060,1,7,1,0.849449,13.3789,0.2779,1.844
40,33,in,0.0060,2,0,1,0.944288,0.0589,1.0807,6.045
40,33,in,0.0060,2,1,1,0.894442,25.7463,179.4010,6.045
40,33,in,0.0060,2,2,1,0.867024,5.9547,1.0807,6.045
40,33,in,0.0060,2,3,1,0.860925,25.8722,179.4010,6.045
40,33,in,0.0060,2,4,1,0.853461,11.9547,1.0807,6.045
40,33,in,0.0060,2,5,1,0.859445,27.3471,179.4010,6.045
40,33,in,0.0060,2,6,1,0.858897,17.9547,0.0780,6.045
40,33,in,0.0060,2,7,1,0.842420,13.3480,1.0807,6.045
40,33,in,0.0060,3,0,1,0.955347,0.0732,0.0221,1.680
40,33,in,0.0060,3,1,1,0.900095,26.2556,179.5011,1.680
40,33,in,0.0060,3,2,1,0.880285,5.9430,0.0221,1.680
40,33,in,0.0060,3,3,1,0.859102,26.4359,179.5011,1.680
40,33,in,0.0060,3,4,1,0.864448,11.9429,0.0221,1.680
40,33,in,0.0060,3,5,1,0.864733,27.9350,179.5011,1.680
40,33,in,0.0060,3,6,1,0.870568,17.9474,0.0221,1.680
40,33,in,0.0060,3,7,1,0.817071,13.3449,0.9806,1.680
40,33,in,0.0060,4,0,1,0.955878,0.0764,1.1139,5.516
40,33,in,0.0060,4,1,1,0.921190,26.7725,179.3678,5.516
40,33,in,0.0060,4,2,1,0.878259,5.9414,1.1139,5.516
40,33,in,0.0060,4,3,1,0.867391,27.0104,179.3678,5.516
40,33,in,0.0060,4,4,1,0.867271,11.9413,1.1139,5.516
40,33,in,0.0060,4,5,1,0.868726,28.5369,179.3678,5.516
40,33,in,0.0060,4,6,1,0.862928,17.9458,1.1139,5.516
40,33,in,0.0060,4,7,1,0.813241,13.3378,1.1139,5.516
40,33,in,0.0060,5,0,1,0.951385,0.0794,0.3669,1.693
40,33,in,0.0060,5,1,1,0.921358,27.4120,179.8852,1.693
40,33,in,0.0060,5,2,1,0.865317,5.9347,0.3669,1.693
40,33,in,0.0060,5,3,1,0.869118,27.5974,179.1121,1.693
40,33,in,0.0060,5,4,1,0.856478,11.9347,0.3669,1.693
40,33,in,0.0060,5,5,1,0.868564,29.1424,179.1121,1.693
40,33,in,0.0060,5,6,1,0.860975,17.9392,0.3669,1.693
40,33,in,0.0060,5,7,1,0.794639,13.3302,1.3696,1.693
40,33,in,0.0060,6,0,1,0.943426,0.0775,0.1539,1.663
40,33,in,0.0060,6,1,1,0.928415,27.8482,179.3251,1.663
40,33,in,0.0060,6,2,1,0.877668,5.9302,0.1539,1.663
40,33,in,0.0060,6,3,1,0.869404,28.1830,179.3251,1.663
40,33,in,0.0060,6,4,1,0.865661,11.9301,0.1539,1.663
40,33,in,0.0060,6,5,1,0.870406,29.7520,179.3251,1.663
40,33,in,0.0060,6,6,1,0.868211,17.9347,0.1539,1.663
40,33,in,0.0060,6,7,1,0.796117,13.4970,1.1566,1.663
40,33,in,0.0060,7,0,1,0.961107,0.0349,0.6290,5.621
40,33,in,0.0060,7,1,1,0.933056,28.4086,179.8527,5.621
40,33,in,0.0060,7,2,1,0.903102,5.9178,0.6290,5.621
40,33,in,0.0060,7,3,1,0.881660,28.7636,179.8527,5.621
40,33,in,0.0060,7,4,1,0.886850,11.9178,0.6290,5.621
40,33,in,0.0060,7,5,1,0.880823,30.3238,179.8527,5.621
40,33,in,0.0060,7,6,1,0.888976,17.9223,0.6290,5.621
40,33,in,0.0060,7,7,1,0.813661,13.3910,0.6290,5.621
40,33,in,0.0060,8,0,1,0.972796,0.0223,0.8042,1.451
40,33,in,0.0060,8,1,1,0.940071,29.0067,179.6775,1.451
40,33,in,0.0060,8,2,1,0.905058,6.0084,0.8042,1.451
40,33,in,0.0060,8,3,1,0.893746,29.3744,179.6775,1.451
40,33,in,0.0060,8,4,1,0.888493,12.0083,0.8042,1.451
40,33,in,0.0060,8,5,1,0.893988,30.9231,179.6775,1.451
40,33,in,0.0060,8,6,1,0.882705,18.0129,0.8042,1.451
40,33,in,0.0060,8,7,1,0.814982,13.4230,0.8042,1.451
40,33,in,0.0060,9,0,1,0.979420,0.0244,0.2139,5.434
40,33,in,0.0060,9,1,1,0.933870,29.0048,179.2651,5.434
40,33,in,0.0060,9,2,1,0.899111,6.0092,0.2139,5.434
40,33,in,0.0060,9,3,1,0.888457,29.3724,179.2651,5.434
40,33,in,0.0060,9,4,1,0.889606,12.0092,0.2139,5.434
40,33,in,0.0060,9,5,1,0.884891,30.9210,179.2651,5.434
40,33,in,0.0060,9,6,1,0.881392,18.0137,0.2139,5.434
40,33,in,0.0060,9,7,1,0.812808,13.4698,0.2139,5.434
40,33,in,0.0060,10,0,1,0.965130,0.0205,0.3469,1.653
40,33,in,0.0060,10,1,1,0.904647,29.0111,179.1322,1.653
40,33,in,0.0060,10,2,1,0.886792,6.0041,0.3469,1.653
40,33,in,0.0060,10,3,1,0.861093,29.3756,179.1322,1.653
40,33,in,0.0060,10,4,1,0.876564,12.0041,0.3469,1.653
40,33,in,0.0060,10,5,1,0.866083,30.9251,179.8652,1.653
40,33,in,0.0060,10,6,1,0.870671,18.0086,0.3469,1.653
40,33,in,0.0060,10,7,1,0.807163,13.4190,0.3469,1.653
40,33,in,0.0060,11,0,1,0.976729,0.0166,0.2753,1.492
40,33,in,0.0060,11,1,1,0.925361,29.0164,179.2037,1.492
40,33,in,0.0060,11,2,1,0.906534,6.0072,0.2753,1.492
40,33,in,0.0060,11,3,1,0.898764,29.3803,179.2037,1.492
40,33,in,0.0060,11,4,1,0.900750,12.0072,0.2753,1.492
40,33,in,0.0060,11,5,1,0.887580,30.9288,179.2037,1.492
40,33,in,0.0060,11,6,1,0.885933,18.0117,0.2753,1.492
40,33,in,0.0060,11,7,1,0.806082,13.4646,0.2753,1.492
40,34,in,0.4527,0,0,1,0.611114,0.0392,0.4392,852.788
40,34,in,0.4527,0,1,1,0.542830,14.5050,179.9182,852.788
40,34,in,0.4527,0,2,1,0.526777,12.9059,179.0791,852.788
40,34,in,0.4527,0,3,1,0.520458,12.0646,0.4392,852.788
40,34,in,0.4527,0,4,1,0.516911,13.6737,179.0791,852.788
40,34,in,0.4527,0,5,1,0.509936,18.0657,179.9182,852.788
40,34,in,0.4527,0,6,1,0.509859,16.5009,179.9182,852.788
40,34,in,0.4527,0,7,1,0.505711,14.0041,179.0791,852.788
40,34,in,0.4527,1,0,1,0.678782,0.0694,0.6562,4.260
40,34,in,0.4527,1,1,1,0.560525,14.2428,179.8255,4.260
40,34,in,0.4527,1,2,1,0.563661,12.4191,179.8255,4.260
40,34,in,0.4527,1,3,1,0.560091,11.9750,1.3491,4.260
40,34,in,0.4527,1,4,1,0.529299,13.1246,179.8255,4.260
40,34,in,0.4527,1,5,1,0.555139,17.9837,179.8255,4.260
40,34,in,0.4527,1,6,1,0.529708,15.9121,179.8255,4.260
40,34,in,0.4527,1,7,1,0.523421,13.8147,179.8255,4.260
40,34,in,0.4527,2,0,1,0.605637,0.0421,0.8717,2.041
40,34,in,0.4527,2,1,1,0.491282,13.9798,179.6493,2.041
40,34,in,0.4527,2,2,1,0.488045,11.9481,179.6493,2.041
40,34,in,0.4527,2,3,1,0.484266,11.9778,0.8717,2.041
40,34,in,0.4527,2,4,1,0.429737,12.6450,179.6493,2.041
40,34,in,0.4527,2,5,1,0.470428,17.8898,179.6493,2.041
40,34,in,0.4527,2,6,1,0.463165,15.5323,179.6493,2.041
40,34,in,0.4527,2,7,1,0.440028,13.6381,179.6493,2.041
40,34,in,0.4527,3,0,1,0.603492,0.0284,0.2579,10.253
40,34,in,0.4527,3,1,1,0.483873,13.7427,179.7762,10.253
40,34,in,0.4527,3,2,1,0.481036,11.5003,179.7762,10.253
40,34,in,0.4527,3,3,1,0.464324,11.9948,0.2579,10.253
40,34,in,0.4527,3,4,1,0.445379,12.3679,179.7762,10.253
40,34,in,0.4527,3,5,1,0.484529,17.8157,179.7762,10.253
40,34,in,0.4527,3,6,1,0.477811,15.0727,179.7762,10.253
40,34,in,0.4527,3,7,1,0.464212,12.9856,179.7762,10.253
40,34,in,0.4527,4,0,1,0.578607,0.0271,0.5066,2.169
40,34,in,0.4527,4,1,1,0.455979,13.7388,179.9751,2.169
40,34,in,0.4527,4,2,1,0.473888,11.2045,179.9751,2.169
40,34,in,0.4527,4,3,1,0.454442,12.0067,0.5066,2.169
40,34,in,0.4527,4,4,1,0.429389,12.5994,179.9751,2.169
40,34,in,0.4527,4,5,1,0.455042,17.8091,179.9751,2.169
40,34,in,0.4527,4,6,1,0.471533,14.7759,179.9751,2.169
40,34,in,0.4527,4,7,1,0.462795,13.0857,179.9751,2.169
40,34,in,0.4527,5,0,1,0.612882,0.0297,0.4197,6.570
40,34,in,0.4527,5,1,1,0.433521,13.1662,179.9380,6.570
40,34,in,0.4527,5,2,1,0.470406,11.0532,179.9380,6.570
40,34,in,0.4527,5,3,1,0.463116,11.9910,0.5830,6.570
40,34,in,0.4527,5,4,1,0.436240,12.0186,179.9380,6.570
40,34,in,0.4527,5,5,1,0.451385,17.2181,179.9380,6.570
40,34,in,0.4527,5,6,1,0.470038,14.5388,179.9380,6.570
40,34,in,0.4527,5,7,1,0.445877,12.3457,179.9380,6.570
40,34,in,0.4527,6,0,1,0.602590,0.0261,0.2238,6.446
40,34,in,0.4527,6,1,1,0.440293,13.1625,179.7028,6.446
40,34,in,0.4527,6,2,1,0.443583,11.0495,179.7028,6.446
40,34,in,0.4527,6,3,1,0.455454,11.9923,0.2238,6.446
40,34,in,0.4527,6,4,1,0.418027,12.0150,179.7028,6.446
40,34,in,0.4527,6,5,1,0.463596,17.1379,179.7028,6.446
40,34,in,0.4527,6,6,1,0.451277,14.2362,179.7028,6.446
40,34,in,0.4527,6,7,1,0.435612,12.5410,179.7028,6.446
40,34,in,0.4527,7,0,1,0.668679,0.0189,0.1280,2.283
40,34,in,0.4527,7,1,1,0.470867,13.1554,179.6070,2.283
40,34,in,0.4527,7,2,1,0.503004,11.0454,179.6070,2.283
40,34,in,0.4527,7,3,1,0.484865,12.0003,0.1280,2.283
40,34,in,0.4527,7,4,1,0.470965,11.9279,179.6070,2.283
40,34,in,0.4527,7,5,1,0.500802,17.2065,179.6070,2.283
40,34,in,0.4527,7,6,1,0.511261,14.5311,179.6070,2.283
40,34,in,0.4527,7,7,1,0.468470,12.4374,179.6070,2.283
40,34,in,0.4527,8,0,1,0.517414,0.0303,0.3664,7.361
40,34,in,0.4527,8,1,1,0.403704,13.1665,179.8455,7.361
40,34,in,0.4527,8,2,1,0.400279,11.0563,179.8455,7.361
40,34,in,0.4527,8,3,1,0.403253,11.9958,0.6362,7.361
40,34,in,0.4527,8,4,1,0.376196,12.1786,179.8455,7.361
40,34,in,0.4527,8,5,1,0.427873,17.2166,179.8455,7.361
40,34,in,0.4527,8,6,1,0.391603,14.5419,178.8428,7.361
40,34,in,0.4527,8,7,1,0.397770,12.1499,178.8428,7.361
40,34,in,0.4527,9,0,1,0.568920,0.0650,0.5340,6.922
40,34,in,0.4527,9,1,1,0.440811,13.4674,179.9477,6.922
40,34,in,0.4527,9,2,1,0.443570,11.5627,179.9477,6.922
40,34,in,0.4527,9,3,1,0.433985,12.0030,0.5340,6.922
40,34,in,0.4527,9,4,1,0.438832,12.2041,179.9477,6.922
40,34,in,0.4527,9,5,1,0.425789,17.3489,179.9477,6.922
40,34,in,0.4527,9,6,1,0.452952,14.9533,177.9423,6.922
40,34,in,0.4527,9,7,1,0.432197,12.3572,179.9477,6.922
40,34,in,0.4527,10,0,1,0.605219,0.0215,0.1319,2.853
40,34,in,0.4527,10,1,1,0.468286,13.7652,179.6502,2.853
40,34,in,0.4527,10,2,1,0.474689,12.0562,179.6502,2.853
40,34,in,0.4527,10,3,1,0.479394,12.0166,0.8708,2.853
40,34,in,0.4527,10,4,1,0.425798,12.7247,179.6502,2.853
40,34,in,0.4527,10,5,1,0.439778,17.4799,179.6502,2.853
40,34,in,0.4527,10,6,1,0.451634,15.6458,179.6502,2.853
40,34,in,0.4527,10,7,1,0.448202,12.8523,179.6502,2.853
40,34,in,0.4527,11,0,1,0.612161,0.0461,0.4053,10.949
40,34,in,0.4527,11,1,1,0.498535,14.0890,179.9236,10.949
40,34,in,0.4527,11,2,1,0.495413,12.6091,179.9236,10.949
40,34,in,0.4527,11,3,1,0.486035,11.9297,0.4053,10.949
40,34,in,0.4527,11,4,1,0.474725,13.2927,179.9236,10.949
40,34,in,0.4527,11,5,1,0.470700,17.7473,179.9236,10.949
40,34,in,0.4527,11,6,1,0.466266,15.9010,179.9236,10.949
40,34,in,0.4527,11,7,1,0.465471,13.6056,179.9236,10.949
40,35,in,0.0514,0,0,1,0.918675,0.0430,0.1599,451.677
40,35,in,0.0514,0,1,1,0.823768,11.9756,0.1599,451.677
40,35,in,0.0514,0,2,1,0.816246,5.9757,0.1599,451.677
40,35,in,0.0514,0,3,1,0.811326,22.6324,179.6390,451.677
40,35,in,0.0514,0,4,1,0.810817,7.6256,179.6390,451.677
40,35,in,0.0514,0,5,1,0.786365,7.2526,179.6390,451.677
40,35,in,0.0514,0,6,1,0.781421,17.9756,0.1599,451.677
40,35,in,0.0514,0,7,1,0.766208,16.9695,179.3584,451.677
40,35,in,0.0514,1,0,1,0.933405,0.0364,0.1876,1.813
40,35,in,0.0514,1,1,1,0.810150,11.9881,0.1876,1.813
40,35,in,0.0514,1,2,1,0.804350,5.9881,0.1876,1.813
40,35,in,0.0514,1,3,1,0.799548,21.9921,179.6666,1.813
40,35,in,0.0514,1,4,1,0.809053,7.2363,179.6666,1.813
40,35,in,0.0514,1,5,1,0.758440,7.3437,179.6666,1.813
40,35,in,0.0514,1,6,1,0.762269,17.9880,0.1876,1.813
40,35,in,0.0514,1,7,1,0.755400,16.3683,179.6666,1.813
40,35,in,0.0514,2,0,1,0.951660,0.0461,0.0311,4.685
40,35,in,0.0514,2,1,1,0.847894,11.9983,0.0311,4.685
40,35,in,0.0514,2,2,1,0.841860,5.9984,0.0311,4.685
40,35,in,0.0514,2,3,1,0.817955,21.3934,179.4872,4.685
40,35,in,0.0514,2,4,1,0.833493,6.9475,179.4872,4.685
40,35,in,0.0514,2,5,1,0.788005,7.5574,179.5101,4.685
40,35,in,0.0514,2,6,1,0.807049,17.9982,0.0311,4.685
40,35,in,0.0514,2,7,1,0.769739,15.7874,179.4872,4.685
40,35,in,0.0514,3,0,1,0.938784,0.0417,0.1790,1.863
40,35,in,0.0514,3,1,1,0.832076,11.9802,0.1790,1.863
40,35,in,0.0514,3,2,1,0.841836,5.9803,0.1790,1.863
40,35,in,0.0514,3,3,1,0.823647,20.8732,179.6972,1.863
40,35,in,0.0514,3,4,1,0.833663,6.8722,179.6972,1.863
40,35,in,0.0514,3,5,1,0.788499,7.8531,179.6972,1.863
40,35,in,0.0514,3,6,1,0.792100,17.9802,0.1790,1.863
40,35,in,0.0514,3,7,1,0.777726,15.3049,179.6972,1.863
40,35,in,0.0514,4,0,1,0.918425,0.0384,0.3446,1.837
40,35,in,0.0514,4,1,1,0.813824,11.9706,0.3446,1.837
40,35,in,0.0514,4,2,1,0.813846,5.9706,0.3446,1.837
40,35,in,0.0514,4,3,1,0.794372,20.3691,179.8629,1.837
40,35,in,0.0514,4,4,1,0.808400,6.8658,179.8629,1.837
40,35,in,0.0514,4,5,1,0.768851,8.2755,179.8629,1.837
40,35,in,0.0514,4,6,1,0.771720,17.9706,0.3446,1.837
40,35,in,0.0514,4,7,1,0.749047,14.8443,179.8629,1.837
40,35,in,0.0514,5,0,1,0.914192,0.0467,0.4841,10.137
40,35,in,0.0514,5,1,1,0.795120,12.0413,0.4841,10.137
40,35,in,0.0514,5,2,1,0.796952,6.0413,0.4841,10.137
40,35,in,0.0514,5,3,1,0.782961,19.8401,179.9631,10.137
40,35,in,0.0514,5,4,1,0.794748,6.8027,179.9631,10.137
40,35,in,0.0514,5,5,1,0.758835,8.6362,179.9631,10.137
40,35,in,0.0514,5,6,1,0.741429,17.9413,0.4841,10.137
40,35,in,0.0514,5,7,1,0.745126,14.3502,179.9631,10.137
40,35,in,0.0514,6,0,1,0.895888,0.0393,0.3921,6.458
40,35,in,0.0514,6,1,1,0.723650,12.0397,0.3921,6.458
40,35,in,0.0514,6,2,1,0.789144,6.0363,0.3921,6.458
40,35,in,0.0514,6,3,1,0.773126,19.2542,179.9104,6.458
40,35,in,0.0514,6,4,1,0.785298,6.6822,179.9104,6.458
40,35,in,0.0514,6,5,1,0.751541,9.0052,179.9104,6.458
40,35,in,0.0514,6,6,1,0.740970,18.0363,0.3921,6.458
40,35,in,0.0514,6,7,1,0.736911,13.7868,179.9104,6.458
40,35,in,0.0514,7,0,1,0.914281,0.0361,0.3381,1.935
40,35,in,0.0514,7,1,1,0.810057,12.0293,0.3381,1.935
40,35,in,0.0514,7,2,1,0.813388,6.0294,0.3381,1.935
40,35,in,0.0514,7,3,1,0.790165,18.5802,179.8172,1.935
40,35,in,0.0514,7,4,1,0.809889,6.6183,179.8172,1.935
40,35,in,0.0514,7,5,1,0.776852,9.3414,179.8172,1.935
40,35,in,0.0514,7,6,1,0.766100,18.0293,0.3381,1.935
40,35,in,0.0514,7,7,1,0.749114,13.1451,179.8172,1.935
40,35,in,0.0514,8,0,1,0.911725,0.0499,0.3959,5.794
40,35,in,0.0514,8,1,1,0.781548,12.0260,0.6068,5.794
40,35,in,0.0514,8,2,1,0.813428,6.0261,0.3959,5.794
40,35,in,0.0514,8,3,1,0.777825,18.0701,179.9142,5.794
40,35,in,0.0514,8,4,1,0.798310,6.8084,179.9142,5.794
40,35,in,0.0514,8,5,1,0.784693,9.8435,179.9142,5.794
40,35,in,0.0514,8,6,1,0.750941,18.0260,0.3959,5.794
40,35,in,0.0514,8,7,1,0.742955,12.6958,179.9142,5.794
40,35,in,0.0514,9,0,1,0.919738,0.0445,0.1079,2.100
40,35,in,0.0514,9,1,1,0.803645,12.0205,0.1079,2.100
40,35,in,0.0514,9,2,1,0.824285,6.0209,0.1079,2.100
40,35,in,0.0514,9,3,1,0.783981,17.5022,179.6262,2.100
40,35,in,0.0514,9,4,1,0.816850,6.9873,179.6262,2.100
40,35,in,0.0514,9,5,1,0.791180,10.3185,179.6262,2.100
40,35,in,0.0514,9,6,1,0.747024,18.0208,0.1079,2.100
40,35,in,0.0514,9,7,1,0.736690,12.2242,179.6262,2.100
40,35,in,0.0514,10,0,1,0.919420,0.0544,0.3460,1.488
40,35,in,0.0514,10,1,1,0.811511,12.0152,0.3460,1.488
40,35,in,0.0514,10,2,1,0.848485,6.0157,0.3460,1.488
40,35,in,0.0514,10,3,1,0.796193,17.0766,179.8251,1.488
40,35,in,0.0514,10,4,1,0.820344,7.3111,179.8251,1.488
40,35,in,0.0514,10,5,1,0.805124,10.8625,179.8251,1.488
40,35,in,0.0514,10,6,1,0.740406,18.0156,0.3460,1.488
40,35,in,0.0514,10,7,1,0.743819,11.7857,179.8251,1.488
40,35,in,0.0514,11,0,1,0.941305,0.0602,0.2666,5.790
40,35,in,0.0514,11,1,1,0.840546,12.0190,0.2666,5.790
40,35,in,0.0514,11,2,1,0.854435,6.0195,0.2666,5.790
40,35,in,0.0514,11,3,1,0.833066,16.5597,179.7849,5.790
40,35,in,0.0514,11,4,1,0.856245,7.4997,179.7849,5.790
40,35,in,0.0514,11,5,1,0.841721,11.3738,179.7849,5.790
40,35,in,0.0514,11,6,1,0.749765,18.0194,0.2666,5.790
40,35,in,0.0514,11,7,1,0.758592,11.3442,179.7849,5.790
40,36,in,0.4415,0,0,1,0.601652,0.0454,0.2658,1277.062
40,36,in,0.4415,0,1,1,0.537358,11.9606,0.2658,1277.062
40,36,in,0.4415,0,2,1,0.529965,17.9606,0.7369,1277.062
40,36,in,0.4415,0,3,1,0.523956,18.1101,0.2658,1277.062
40,36,in,0.4415,0,4,1,0.523593,20.6795,179.7841,1277.062
40,36,in,0.4415,0,5,1,0.521356,7.4221,1.2685,1277.062
40,36,in,0.4415,0,6,1,0.521000,28.4727,179.7841,1277.062
40,36,in,0.4415,0,7,1,0.519705,24.0829,179.7841,1277.062
40,36,in,0.4415,1,0,1,0.503962,0.0585,0.5617,2.635
40,36,in,0.4415,1,1,1,0.433454,11.9497,0.5617,2.635
40,36,in,0.4415,1,2,1,0.429126,17.9491,0.5617,2.635
40,36,in,0.4415,1,3,1,0.413734,18.0640,0.5617,2.635
40,36,in,0.4415,1,4,1,0.415717,20.4594,179.9593,2.635
40,36,in,0.4415,1,5,1,0.413583,7.3616,0.5617,2.635
40,36,in,0.4415,1,6,1,0.424300,28.0642,179.9593,2.635
40,36,in,0.4415,1,7,1,0.409946,23.8137,178.9566,2.635
40,36,in,0.4415,2,0,1,0.582589,0.0561,0.9668,6.997
40,36,in,0.4415,2,1,1,0.522802,11.9332,0.0358,6.997
40,36,in,0.4415,2,2,1,0.488740,18.0326,0.9668,6.997
40,36,in,0.4415,2,3,1,0.463716,18.1850,0.9668,6.997
40,36,in,0.4415,2,4,1,0.462814,20.2108,179.4432,6.997
40,36,in,0.4415,2,5,1,0.479974,7.1841,0.0358,6.997
40,36,in,0.4415,2,6,1,0.493714,27.5220,179.5541,6.997
40,36,in,0.4415,2,7,1,0.507894,23.3520,179.5541,6.997
40,36,in,0.4415,3,0,1,0.628596,0.0624,0.6297,6.559
40,36,in,0.4415,3,1,1,0.524372,11.9321,0.6297,6.559
40,36,in,0.4415,3,2,1,0.531709,17.9325,0.3729,6.559
40,36,in,0.4415,3,3,1,0.496727,18.0618,0.3729,6.559
40,36,in,0.4415,3,4,1,0.490495,19.9110,179.8520,6.559
40,36,in,0.4415,3,5,1,0.513869,7.2475,0.3729,6.559
40,36,in,0.4415,3,6,1,0.528949,27.1553,179.8520,6.559
40,36,in,0.4415,3,7,1,0.511564,23.0474,179.8520,6.559
40,36,in,0.4415,4,0,1,0.561336,0.0545,0.0185,2.451
40,36,in,0.4415,4,1,1,0.497870,12.0124,0.0185,2.451
40,36,in,0.4415,4,2,1,0.472057,18.0122,0.0185,2.451
40,36,in,0.4415,4,3,1,0.448902,18.1403,0.0185,2.451
40,36,in,0.4415,4,4,1,0.463192,19.6030,179.4998,2.451
40,36,in,0.4415,4,5,1,0.457416,7.3674,0.0185,2.451
40,36,in,0.4415,4,6,1,0.463534,26.6948,179.4975,2.451
40,36,in,0.4415,4,7,1,0.485168,22.6027,179.4975,2.451
40,36,in,0.4415,5,0,1,0.542833,0.0478,0.3401,6.980
40,36,in,0.4415,5,1,1,0.465688,12.0079,0.6626,6.980
40,36,in,0.4415,5,2,1,0.432979,18.0077,0.3401,6.980
40,36,in,0.4415,5,3,1,0.423584,18.1242,0.3401,6.980
40,36,in,0.4415,5,4,1,0.408277,19.5323,179.8191,6.980
40,36,in,0.4415,5,5,1,0.414262,7.4812,1.3427,6.980
40,36,in,0.4415,5,6,1,0.431674,26.3019,179.8191,6.980
40,36,in,0.4415,5,7,1,0.424242,22.3788,179.8191,6.980
40,36,in,0.4415,6,0,1,0.616097,0.0562,0.2300,6.664
40,36,in,0.4415,6,1,1,0.483478,11.9979,0.2300,6.664
40,36,in,0.4415,6,2,1,0.441719,17.9976,0.2300,6.664
40,36,in,0.4415,6,3,1,0.424641,18.1509,0.2300,6.664
40,36,in,0.4415,6,4,1,0.418526,19.3644,179.7483,6.664
40,36,in,0.4415,6,5,1,0.430657,7.2967,0.2300,6.664
40,36,in,0.4415,6,6,1,0.450295,25.9063,179.7483,6.664
40,36,in,0.4415,6,7,1,0.439310,22.0731,179.7483,6.664
40,36,in,0.4415,7,0,1,0.630591,0.0415,0.0474,6.615
40,36,in,0.4415,7,1,1,0.544800,11.9941,0.0474,6.615
40,36,in,0.4415,7,2,1,0.506429,17.9938,0.0474,6.615
40,36,in,0.4415,7,3,1,0.478457,18.1608,0.0474,6.615
40,36,in,0.4415,7,4,1,0.467351,19.1388,179.5264,6.615
40,36,in,0.4415,7,5,1,0.499527,7.2951,0.0474,6.615
40,36,in,0.4415,7,6,1,0.509838,25.4591,179.5264,6.615
40,36,in,0.4415,7,7,1,0.494732,21.7116,179.5264,6.615
40,36,in,0.4415,8,0,1,0.559899,0.0520,0.5578,2.620
40,36,in,0.4415,8,1,1,0.422240,11.9909,0.4449,2.620
40,36,in,0.4415,8,2,1,0.405568,17.9905,0.4449,2.620
40,36,in,0.4415,8,3,1,0.423717,18.1565,0.4449,2.620
40,36,in,0.4415,8,4,1,0.421653,18.8193,177.0288,2.620
40,36,in,0.4415,8,5,1,0.398601,7.4631,3.4529,2.620
40,36,in,0.4415,8,6,1,0.415329,25.0590,179.9632,2.620
40,36,in,0.4415,8,7,1,0.413282,21.3235,179.9632,2.620
40,36,in,0.4415,9,0,1,0.610589,0.0462,0.2059,6.411
40,36,in,0.4415,9,1,1,0.471563,11.9936,0.2059,6.411
40,36,in,0.4415,9,2,1,0.476158,17.9932,0.2059,6.411
40,36,in,0.4415,9,3,1,0.445515,18.1327,0.2059,6.411
40,36,in,0.4415,9,4,1,0.470239,18.9884,179.6849,6.411
40,36,in,0.4415,9,5,1,0.419609,7.2876,0.7968,6.411
40,36,in,0.4415,9,6,1,0.457469,25.0611,179.6849,6.411
40,36,in,0.4415,9,7,1,0.449377,21.3268,179.6849,6.411
40,36,in,0.4415,10,0,1,0.541844,0.0518,0.4259,2.467
40,36,in,0.4415,10,1,1,0.427517,11.9955,0.4259,2.467
40,36,in,0.4415,10,2,1,0.399043,17.9952,0.5768,2.467
40,36,in,0.4415,10,3,1,0.410163,18.1476,0.4259,2.467
40,36,in,0.4415,10,4,1,0.419210,18.8893,179.0924,2.467
40,36,in,0.4415,10,5,1,0.410270,7.2906,0.5768,2.467
40,36,in,0.4415,10,6,1,0.407157,25.0580,179.9049,2.467
40,36,in,0.4415,10,7,1,0.416198,21.3237,179.9049,2.467
40,36,in,0.4415,11,0,1,0.542386,0.0511,0.4596,6.334
40,36,in,0.4415,11,1,1,0.423432,11.9957,0.4596,6.334
40,36,in,0.4415,11,2,1,0.406462,17.9953,0.5431,6.334
40,36,in,0.4415,11,3,1,0.399809,18.1747,0.4596,6.334
40,36,in,0.4415,11,4,1,0.414377,18.7923,179.9386,6.334
40,36,in,0.4415,11,5,1,0.390794,7.1246,0.4596,6.334
40,36,in,0.4415,11,6,1,0.400752,25.0574,179.9386,6.334
40,36,in,0.4415,11,7,1,0.413739,21.4083,179.9386,6.334
40,37,out,0.7626,0,-1,0,0,0,0,4485.167
40,37,out,0.7626,1,-1,0,0,0,0,0.000
40,37,out,0.7626,2,-1,0,0,0,0,0.000
40,37,out,0.7626,3,-1,0,0,0,0,0.000
40,37,out,0.7626,4,-1,0,0,0,0,0.000
40,37,out,0.7626,5,-1,0,0,0,0,0.000
40,37,out,0.7626,6,-1,0,0,0,0,0.000
40,37,out,0.7626,7,-1,0,0,0,0,0.000
40,37,out,0.7626,8,-1,0,0,0,0,0.000
40,37,out,0.7626,9,-1,0,0,0,0,0.000
40,37,out,0.7626,10,-1,0,0,0,0,0.000
40,37,out,0.7626,11,-1,0,0,0,0,0.000
40,38,out,0.4142,0,0,1,0.644623,0.0543,0.3232,614.122
40,38,out,0.4142,0,1,1,0.617109,12.4665,0.3232,614.122
40,38,out,0.4142,0,2,1,0.606076,30.4664,0.3232,614.122
40,38,out,0.4142,0,3,1,0.605288,37.3762,179.8415,614.122
40,38,out,0.4142,0,4,1,0.604207,32.1151,179.8415,614.122
40,38,out,0.4142,0,5,1,0.595735,19.1466,179.8415,614.122
40,38,out,0.4142,0,6,1,0.590920,6.4667,0.6795,614.122
40,38,out,0.4142,0,7,1,0.590198,18.6690,0.3232,614.122
40,38,out,0.4142,1,0,1,0.542810,0.0925,0.4481,2.214
40,38,out,0.4142,1,1,1,0.544571,12.4696,0.4481,2.214
40,38,out,0.4142,1,2,1,0.524840,30.4695,0.4481,2.214
40,38,out,0.4142,1,3,1,0.511580,37.5785,179.9271,2.214
40,38,out,0.4142,1,4,1,0.528741,32.2711,179.9271,2.214
40,38,out,0.4142,1,5,1,0.512601,18.9212,179.9271,2.214
40,38,out,0.4142,1,6,1,0.507489,6.4662,0.4481,2.214
40,38,out,0.4142,1,7,1,0.530032,18.6863,0.4481,2.214
40,38,out,0.4142,2,0,1,0.625758,0.0594,0.0020,3.636
40,38,out,0.4142,2,1,1,0.589155,12.4722,1.0047,3.636
40,38,out,0.4142,2,2,1,0.578806,30.4721,0.0020,3.636
40,38,out,0.4142,2,3,1,0.590494,37.7670,179.5163,3.636
40,38,out,0.4142,2,4,1,0.600709,32.4136,179.5163,3.636
40,38,out,0.4142,2,5,1,0.547922,18.8559,179.5163,3.636
40,38,out,0.4142,2,6,1,0.573926,6.4687,0.0020,3.636
40,38,out,0.4142,2,7,1,0.581196,18.6753,1.0047,3.636
40,38,out,0.4142,3,0,1,0.587593,0.0617,0.1492,2.270
40,38,out,0.4142,3,1,1,0.565092,12.4627,0.1492,2.270
40,38,out,0.4142,3,2,1,0.552208,30.4660,0.1492,2.270
40,38,out,0.4142,3,3,1,0.539915,38.0388,179.6675,2.270
40,38,out,0.4142,3,4,1,0.560216,32.6435,179.6675,2.270
40,38,out,0.4142,3,5,1,0.549504,18.8025,179.6675,2.270
40,38,out,0.4142,3,6,1,0.532372,6.4626,0.1492,2.270
40,38,out,0.4142,3,7,1,0.551532,18.6809,0.1492,2.270
40,38,out,0.4142,4,0,1,0.586849,0.0534,0.1881,3.861
40,38,out,0.4142,4,1,1,0.561439,12.4637,0.8146,3.861
40,38,out,0.4142,4,2,1,0.536113,30.4670,0.8146,3.861
40,38,out,0.4142,4,3,1,0.547115,38.3413,179.7064,3.861
40,38,out,0.4142,4,4,1,0.556501,32.9070,178.7037,3.861
40,38,out,0.4142,4,5,1,0.555175,18.7972,179.7064,3.861
40,38,out,0.4142,4,6,1,0.536759,6.4635,0.8146,3.861
40,38,out,0.4142,4,7,1,0.515310,18.6828,1.8173,3.861
40,38,out,0.4142,5,0,1,0.625634,0.0481,0.3954,1.783
40,38,out,0.4142,5,1,1,0.593066,12.4592,0.6073,1.783
40,38,out,0.4142,5,2,1,0.591866,30.4625,0.6073,1.783
40,38,out,0.4142,5,3,1,0.583913,38.8009,179.9137,1.783
40,38,out,0.4142,5,4,1,0.620842,33.3416,179.9137,1.783
40,38,out,0.4142,5,5,1,0.587892,19.0030,179.9137,1.783
40,38,out,0.4142,5,6,1,0.577440,6.4590,0.6073,1.783
40,38,out,0.4142,5,7,1,0.566887,18.6473,0.6073,1.783
40,38,out,0.4142,6,0,1,0.596895,0.0535,0.2285,2.101
40,38,out,0.4142,6,1,1,0.594652,12.4578,0.7742,2.101
40,38,out,0.4142,6,2,1,0.574188,30.4611,0.2285,2.101
40,38,out,0.4142,6,3,1,0.580044,38.8047,179.7468,2.101
40,38,out,0.4142,6,4,1,0.593080,33.3457,179.7468,2.101
40,38,out,0.4142,6,5,1,0.563521,19.0089,179.7468,2.101
40,38,out,0.4142,6,6,1,0.579789,6.4577,0.7742,2.101
40,38,out,0.4142,6,7,1,0.543359,18.6048,0.2285,2.101
40,38,out,0.4142,7,0,1,0.615577,0.0585,0.0893,2.576
40,38,out,0.4142,7,1,1,0.596856,12.4649,0.0893,2.576
40,38,out,0.4142,7,2,1,0.605628,30.4674,0.0893,2.576
40,38,out,0.4142,7,3,1,0.605773,38.2812,179.6076,2.576
40,38,out,0.4142,7,4,1,0.602239,32.7998,179.6076,2.576
40,38,out,0.4142,7,5,1,0.598067,18.6255,179.6076,2.576
40,38,out,0.4142,7,6,1,0.577581,6.4648,0.0893,2.576
40,38,out,0.4142,7,7,1,0.578022,18.6496,0.0893,2.576
40,38,out,0.4142,8,0,1,0.568324,0.0469,0.0918,2.117
40,38,out,0.4142,8,1,1,0.568678,12.4669,0.0918,2.117
40,38,out,0.4142,8,2,1,0.566503,30.4695,0.0918,2.117
40,38,out,0.4142,8,3,1,0.551115,37.7758,179.4265,2.117
40,38,out,0.4142,8,4,1,0.542229,32.3646,179.5708,2.117
40,38,out,0.4142,8,5,1,0.527617,18.4351,179.4265,2.117
40,38,out,0.4142,8,6,1,0.526573,6.4668,0.0918,2.117
40,38,out,0.4142,8,7,1,0.537063,18.6680,0.0918,2.117
40,38,out,0.4142,9,0,1,0.596162,0.0345,0.3641,1.907
40,38,out,0.4142,9,1,1,0.573308,12.4797,0.6385,1.907
40,38,out,0.4142,9,2,1,0.558722,30.4823,0.6385,1.907
40,38,out,0.4142,9,3,1,0.578939,37.2414,179.8824,1.907
40,38,out,0.4142,9,4,1,0.578898,31.8572,179.8824,1.907
40,38,out,0.4142,9,5,1,0.564267,18.1386,179.8824,1.907
40,38,out,0.4142,9,6,1,0.551169,6.4795,0.6385,1.907
40,38,out,0.4142,9,7,1,0.561776,18.6397,0.6385,1.907
40,38,out,0.4142,10,0,1,0.552710,0.0404,0.1555,3.681
40,38,out,0.4142,10,1,1,0.497111,12.4768,0.8472,3.681
40,38,out,0.4142,10,2,1,0.509764,30.4794,0.1555,3.681
40,38,out,0.4142,10,3,1,0.488257,36.7518,179.6738,3.681
40,38,out,0.4142,10,4,1,0.481261,31.3958,179.6738,3.681
40,38,out,0.4142,10,5,1,0.491455,17.9148,179.6738,3.681
40,38,out,0.4142,10,6,1,0.474066,6.4767,0.1555,3.681
40,38,out,0.4142,10,7,1,0.463762,18.6788,0.1555,3.681
40,38,out,0.4142,11,0,1,0.535697,0.0362,0.3880,2.184
40,38,out,0.4142,11,1,1,0.518073,12.4847,0.3880,2.184
40,38,out,0.4142,11,2,1,0.515505,30.4868,0.3880,2.184
40,38,out,0.4142,11,3,1,0.498595,36.2216,179.1303,2.184
40,38,out,0.4142,11,4,1,0.505600,30.8913,179.1303,2.184
40,38,out,0.4142,11,5,1,0.499396,17.6441,179.8670,2.184
40,38,out,0.4142,11,6,1,0.469965,6.4841,0.3880,2.184
40,38,out,0.4142,11,7,1,0.470096,18.6863,0.3880,2.184
40,39,in,0.7991,0,-1,0,0,0,0,2313.518
40,39,in,0.7991,1,-1,0,0,0,0,0.000
40,39,in,0.7991,2,-1,0,0,0,0,0.000
40,39,in,0.7991,3,-1,0,0,0,0,0.000
40,39,in,0.7991,4,-1,0,0,0,0,0.000
40,39,in,0.7991,5,-1,0,0,0,0,0.000
40,39,in,0.7991,6,-1,0,0,0,0,0.000
40,39,in,0.7991,7,-1,0,0,0,0,0.000
40,39,in,0.7991,8,-1,0,0,0,0,0.000
40,39,in,0.7991,9,-1,0,0,0,0,0.000
40,39,in,0.7991,10,-1,0,0,0,0,0.000
40,39,in,0.7991,11,-1,0,0,0,0,0.000
40,40,out,0.4433,0,0,1,0.585157,0.0639,0.0741,1556.426
40,40,out,0.4433,0,1,1,0.538745,36.4833,90.1668,1556.426
40,40,out,0.4433,0,2,1,0.524629,24.4653,0.0741,1556.426
40,40,out,0.4433,0,3,1,0.521138,12.4654,0.0741,1556.426
40,40,out,0.4433,0,4,1,0.520211,18.4653,0.0741,1556.426
40,40,out,0.4433,0,5,1,0.518325,42.7543,179.5531,1556.426
40,40,out,0.4433,0,6,1,0.517639,6.4655,0.0741,1556.426
40,40,out,0.4433,0,7,1,0.515139,30.4653,0.0741,1556.426
40,40,out,0.4433,1,0,1,0.539787,0.0447,0.1015,1.980
40,40,out,0.4433,1,1,1,0.449093,36.2854,90.3423,1.980
40,40,out,0.4433,1,2,1,0.449681,24.4699,0.1015,1.980
40,40,out,0.4433,1,3,1,0.460974,12.4699,0.1015,1.980
40,40,out,0.4433,1,4,1,0.457200,18.4699,0.1015,1.980
40,40,out,0.4433,1,5,1,0.464039,42.6316,179.3776,1.980
40,40,out,0.4433,1,6,1,0.457294,6.4700,0.1015,1.980
40,40,out,0.4433,1,7,1,0.415299,30.3699,0.1015,1.980
40,40,out,0.4433,2,0,1,0.557298,0.0359,0.7280,1.844
40,40,out,0.4433,2,1,1,0.493641,36.0839,90.5155,1.844
40,40,out,0.4433,2,2,1,0.482513,24.4685,0.2747,1.844
40,40,out,0.4433,2,3,1,0.493723,12.4685,0.2747,1.844
40,40,out,0.4433,2,4,1,0.483337,18.4685,0.2747,1.844
40,40,out,0.4433,2,5,1,0.473131,42.5052,179.2044,1.844
40,40,out,0.4433,2,6,1,0.479732,6.4685,0.2747,1.844
40,40,out,0.4433,2,7,1,0.469092,30.4685,0.2747,1.844
40,40,out,0.4433,3,0,1,0.593165,0.0310,0.2395,1.607
40,40,out,0.4433,3,1,1,0.499590,35.8844,90.0014,1.607
40,40,out,0.4433,3,2,1,0.527750,24.4716,0.2395,1.607
40,40,out,0.4433,3,3,1,0.530779,12.3716,0.2395,1.607
40,40,out,0.4433,3,4,1,0.520990,18.3716,0.2395,1.607
40,40,out,0.4433,3,5,1,0.529111,42.3793,179.7185,1.607
40,40,out,0.4433,3,6,1,0.532573,6.4716,0.2395,1.607
40,40,out,0.4433,3,7,1,0.495055,30.4716,0.2395,1.607
40,40,out,0.4433,4,0,1,0.635260,0.0396,0.0796,1.539
40,40,out,0.4433,4,1,1,0.523632,35.6786,90.1613,1.539
40,40,out,0.4433,4,2,1,0.538571,24.4649,0.0796,1.539
40,40,out,0.4433,4,3,1,0.566479,12.4649,0.0796,1.539
40,40,out,0.4433,4,4,1,0.554894,18.4649,0.0796,1.539
40,40,out,0.4433,4,5,1,0.546966,42.2379,179.5586,1.539
40,40,out,0.4433,4,6,1,0.563791,6.4649,0.0796,1.539
40,40,out,0.4433,4,7,1,0.508610,30.4649,0.0796,1.539
40,40,out,0.4433,5,0,1,0.622878,0.0429,0.3666,1.522
40,40,out,0.4433,5,1,1,0.546808,35.4535,89.8742,1.522
40,40,out,0.4433,5,2,1,0.557337,24.3593,0.3666,1.522
40,40,out,0.4433,5,3,1,0.570714,12.4593,0.3666,1.522
40,40,out,0.4433,5,4,1,0.572813,18.4593,0.3666,1.522
40,40,out,0.4433,5,5,1,0.569662,42.0763,179.8457,1.522
40,40,out,0.4433,5,6,1,0.559910,6.3593,0.3666,1.522
40,40,out,0.4433,5,7,1,0.545075,30.4593,0.3666,1.522
40,40,out,0.4433,6,0,1,0.580062,0.0523,0.1317,1.591
40,40,out,0.4433,6,1,1,0.483613,35.1694,89.3698,1.591
40,40,out,0.4433,6,2,1,0.521550,24.4526,0.1317,1.591
40,40,out,0.4433,6,3,1,0.532771,12.4526,0.1317,1.591
40,40,out,0.4433,6,4,1,0.531125,18.4526,0.1317,1.591
40,40,out,0.4433,6,5,1,0.507966,41.8150,179.6500,1.591
40,40,out,0.4433,6,6,1,0.528408,6.4526,0.1317,1.591
40,40,out,0.4433,6,7,1,0.477996,30.4526,0.1317,1.591
40,40,out,0.4433,7,0,1,0.499241,0.0412,0.1159,1.865
40,40,out,0.4433,7,1,1,0.450416,34.9171,90.3568,1.865
40,40,out,0.4433,7,2,1,0.441438,24.3393,0.8868,1.865
40,40,out,0.4433,7,3,1,0.441263,12.4393,0.1159,1.865
40,40,out,0.4433,7,4,1,0.443671,18.4393,0.1159,1.865
40,40,out,0.4433,7,5,1,0.431951,41.6114,179.6342,1.865
40,40,out,0.4433,7,6,1,0.450348,6.5393,0.1159,1.865
40,40,out,0.4433,7,7,1,0.419205,30.4393,0.1159,1.865
40,40,out,0.4433,8,0,1,0.537755,0.0458,0.0507,1.740
40,40,out,0.4433,8,1,1,0.467348,34.8301,90.2916,1.740
40,40,out,0.4433,8,2,1,0.453338,24.4389,0.0507,1.740
40,40,out,0.4433,8,3,1,0.476797,12.4401,0.0507,1.740
40,40,out,0.4433,8,4,1,0.463848,18.3401,0.0507,1.740
40,40,out,0.4433,8,5,1,0.471255,41.5729,179.4283,1.740
40,40,out,0.4433,8,6,1,0.480125,6.4401,0.0507,1.740
40,40,out,0.4433,8,7,1,0.430719,30.4401,0.0507,1.740
40,40,out,0.4433,9,0,1,0.492126,0.0566,0.2198,1.561
40,40,out,0.4433,9,1,1,0.409644,34.5171,90.0211,1.561
40,40,out,0.4433,9,2,1,0.435601,24.4524,0.2198,1.561
40,40,out,0.4433,9,3,1,0.449561,12.4536,0.2198,1.561
40,40,out,0.4433,9,4,1,0.443345,18.4536,0.2198,1.561
40,40,out,0.4433,9,5,1,0.446760,41.4766,179.6988,1.561
40,40,out,0.4433,9,6,1,0.444425,6.4536,0.2198,1.561
40,40,out,0.4433,9,7,1,0.396630,30.4536,0.2198,1.561
40,40,out,0.4433,10,0,1,0.505331,0.0599,0.1376,1.838
40,40,out,0.4433,10,1,1,0.422743,34.3522,89.3757,1.838
40,40,out,0.4433,10,2,1,0.467459,24.3566,0.8651,1.838
40,40,out,0.4433,10,3,1,0.464044,12.4578,0.1376,1.838
40,40,out,0.4433,10,4,1,0.471213,18.4577,0.1376,1.838
40,40,out,0.4433,10,5,1,0.490661,41.4435,179.6559,1.838
40,40,out,0.4433,10,6,1,0.462945,6.4578,0.1376,1.838
40,40,out,0.4433,10,7,1,0.411259,30.2577,1.8678,1.838
40,40,out,0.4433,11,0,1,0.536606,0.0420,0.0635,1.852
40,40,out,0.4433,11,1,1,0.453694,34.1772,90.3044,1.852
40,40,out,0.4433,11,2,1,0.477635,24.3659,0.9392,1.852
40,40,out,0.4433,11,3,1,0.481388,12.4680,0.0635,1.852
40,40,out,0.4433,11,4,1,0.483169,18.4680,0.0635,1.852
40,40,out,0.4433,11,5,1,0.490816,41.3022,179.4155,1.852
40,40,out,0.4433,11,6,1,0.471396,6.4680,0.0635,1.852
40,40,out,0.4433,11,7,1,0.436070,30.3661,1.9418,1.852
40,41,in,0.7541,0,-1,0,0,0,0,4347.094
40,41,in,0.7541,1,-1,0,0,0,0,0.000
40,41,in,0.7541,2,-1,0,0,0,0,0.000
40,41,in,0.7541,3,-1,0,0,0,0,0.000
40,41,in,0.7541,4,-1,0,0,0,0,0.000
40,41,in,0.7541,5,-1,0,0,0,0,0.000
40,41,in,0.7541,6,-1,0,0,0,0,0.000
40,41,in,0.7541,7,-1,0,0,0,0,0.000
40,41,in,0.7541,8,-1,0,0,0,0,0.000
40,41,in,0.7541,9,-1,0,0,0,0,0.000
40,41,in,0.7541,10,-1,0,0,0,0,0.000
40,41,in,0.7541,11,-1,0,0,0,0,0.000
40,42,in,0.0980,0,0,1,0.843844,0.0337,0.3230,544.354
40,42,in,0.0980,0,1,1,0.775923,18.0331,0.3230,544.354
40,42,in,0.0980,0,2,1,0.764348,14.8277,179.8413,544.354
40,42,in,0.0980,0,3,1,0.754493,11.1114,179.8413,544.354
40,42,in,0.0980,0,4,1,0.752037,9.9532,179.8413,544.354
40,42,in,0.0980,0,5,1,0.717036,5.9669,0.3230,544.354
40,42,in,0.0980,0,6,1,0.712212,12.1107,179.8413,544.354
40,42,in,0.0980,0,7,1,0.704385,21.7380,179.8413,544.354
40,42,in,0.0980,1,0,1,0.918967,0.0277,0.3125,6.364
40,42,in,0.0980,1,1,1,0.824889,18.0277,0.3125,6.364
40,42,in,0.0980,1,2,1,0.819825,14.3228,179.8308,6.364
40,42,in,0.0980,1,3,1,0.792781,10.7584,179.8308,6.364
40,42,in,0.0980,1,4,1,0.804682,9.9168,179.8308,6.364
40,42,in,0.0980,1,5,1,0.769090,5.9723,0.3125,6.364
40,42,in,0.0980,1,6,1,0.736474,12.3670,179.8308,6.364
40,42,in,0.0980,1,7,1,0.769289,21.2138,179.8308,6.364
40,42,in,0.0980,2,0,1,0.855441,0.0268,0.4151,1.930
40,42,in,0.0980,2,1,1,0.771462,18.0265,0.4151,1.930
40,42,in,0.0980,2,2,1,0.750444,13.7795,179.8941,1.930
40,42,in,0.0980,2,3,1,0.738564,10.3585,179.8941,1.930
40,42,in,0.0980,2,4,1,0.759628,9.8348,179.8941,1.930
40,42,in,0.0980,2,5,1,0.711695,5.9735,0.4151,1.930
40,42,in,0.0980,2,6,1,0.689319,12.5756,179.8941,1.930
40,42,in,0.0980,2,7,1,0.711259,20.5895,179.8941,1.930
40,42,in,0.0980,3,0,1,0.890475,0.0081,0.2887,6.349
40,42,in,0.0980,3,1,1,0.800212,18.0001,0.2887,6.349
40,42,in,0.0980,3,2,1,0.787420,13.2136,179.7678,6.349
40,42,in,0.0980,3,3,1,0.774330,9.8958,179.7678,6.349
40,42,in,0.0980,3,4,1,0.778015,9.6568,179.7678,6.349
40,42,in,0.0980,3,5,1,0.752538,5.9999,0.2887,6.349
40,42,in,0.0980,3,6,1,0.709623,12.6721,179.7678,6.349
40,42,in,0.0980,3,7,1,0.736495,20.0791,179.7678,6.349
40,42,in,0.0980,4,0,1,0.941734,0.0090,0.0574,1.982
40,42,in,0.0980,4,1,1,0.845812,17.9979,0.0574,1.982
40,42,in,0.0980,4,2,1,0.817611,12.6312,179.5364,1.982
40,42,in,0.0980,4,3,1,0.804890,9.4331,179.5364,1.982
40,42,in,0.0980,4,4,1,0.814536,9.5090,179.4609,1.982
40,42,in,0.0980,4,5,1,0.806377,6.0021,0.0574,1.982
40,42,in,0.0980,4,6,1,0.723241,12.8007,179.4609,1.982
40,42,in,0.0980,4,7,1,0.770990,19.5518,179.5364,1.982
40,42,in,0.0980,5,0,1,0.856978,0.0371,0.1461,5.948
40,42,in,0.0980,5,1,1,0.781182,18.0226,0.1461,5.948
40,42,in,0.0980,5,2,1,0.770930,12.0185,179.6644,5.948
40,42,in,0.0980,5,3,1,0.754904,8.9636,179.6644,5.948
40,42,in,0.0980,5,4,1,0.767315,9.3882,179.6644,5.948
40,42,in,0.0980,5,5,1,0.742208,5.9774,0.1461,5.948
40,42,in,0.0980,5,6,1,0.629481,12.9616,179.6644,5.948
40,42,in,0.0980,5,7,1,0.716579,18.7334,179.6644,5.948
40,42,in,0.0980,6,0,1,0.878407,0.0436,0.3574,2.132
40,42,in,0.0980,6,1,1,0.779872,18.0309,0.3574,2.132
40,42,in,0.0980,6,2,1,0.763794,11.4119,179.8364,2.132
40,42,in,0.0980,6,3,1,0.755634,8.4341,179.8364,2.132
40,42,in,0.0980,6,4,1,0.776700,9.1614,179.8364,2.132
40,42,in,0.0980,6,5,1,0.726259,5.9692,0.3574,2.132
40,42,in,0.0980,6,6,1,0.620130,13.0555,179.8364,2.132
40,42,in,0.0980,6,7,1,0.716719,18.1950,179.8364,2.132
40,42,in,0.0980,7,0,1,0.887985,0.0406,0.0974,6.251
40,42,in,0.0980,7,1,1,0.819628,18.0126,0.0974,6.251
40,42,in,0.0980,7,2,1,0.781377,10.8190,179.4209,6.251
40,42,in,0.0980,7,3,1,0.781064,8.0251,179.5764,6.251
40,42,in,0.0980,7,4,1,0.800067,9.0600,179.5764,6.251
40,42,in,0.0980,7,5,1,0.758289,5.9876,0.0974,6.251
40,42,in,0.0980,7,6,1,0.570896,13.1085,179.5764,6.251
40,42,in,0.0980,7,7,1,0.721071,17.4787,179.4209,6.251
40,42,in,0.0980,8,0,1,0.919319,0.0359,0.0367,5.961
40,42,in,0.0980,8,1,1,0.817444,18.0171,0.0367,5.961
40,42,in,0.0980,8,2,1,0.796028,10.2216,179.5550,5.961
40,42,in,0.0980,8,3,1,0.795547,7.4225,179.5550,5.961
40,42,in,0.0980,8,4,1,0.802150,8.8094,179.5550,5.961
40,42,in,0.0980,8,5,1,0.771525,5.9831,0.0367,5.961
40,42,in,0.0980,8,6,1,0.500892,13.0390,179.5550,5.961
40,42,in,0.0980,8,7,1,0.739643,17.0149,179.4424,5.961
40,42,in,0.0980,9,0,1,0.877853,0.0294,0.2640,1.967
40,42,in,0.0980,9,1,1,0.799001,18.0122,0.2640,1.967
40,42,in,0.0980,9,2,1,0.801484,10.2285,179.7823,1.967
40,42,in,0.0980,9,3,1,0.795350,7.4281,179.7823,1.967
40,42,in,0.0980,9,4,1,0.807952,8.8108,179.7823,1.967
40,42,in,0.0980,9,5,1,0.756178,5.9879,0.2640,1.967
40,42,in,0.0980,9,6,1,0.507176,12.9552,179.7823,1.967
40,42,in,0.0980,9,7,1,0.738863,16.9582,179.7823,1.967
40,42,in,0.0980,10,0,1,0.874510,0.0309,0.3560,5.991
40,42,in,0.0980,10,1,1,0.810493,18.0137,0.3560,5.991
40,42,in,0.0980,10,2,1,0.800515,10.2268,179.8350,5.991
40,42,in,0.0980,10,3,1,0.786016,7.4269,179.8350,5.991
40,42,in,0.0980,10,4,1,0.802591,8.8109,179.8350,5.991
40,42,in,0.0980,10,5,1,0.765255,5.9864,0.3560,5.991
40,42,in,0.0980,10,6,1,0.614933,12.7955,179.8350,5.991
40,42,in,0.0980,10,7,1,0.760024,17.0200,179.8350,5.991
40,42,in,0.0980,11,0,1,0.892826,0.0326,0.3396,1.768
40,42,in,0.0980,11,1,1,0.812367,18.0096,0.3396,1.768
40,42,in,0.0980,11,2,1,0.795103,10.2271,179.8186,1.768
40,42,in,0.0980,11,3,1,0.803740,7.4241,179.8186,1.768
40,42,in,0.0980,11,4,1,0.805908,8.8057,179.8186,1.768
40,42,in,0.0980,11,5,1,0.762553,5.9905,0.3396,1.768
40,42,in,0.0980,11,6,1,0.685395,12.6348,179.8186,1.768
40,42,in,0.0980,11,7,1,0.742396,16.9574,179.8186,1.768
40,43,in,0.2685,0,0,1,0.718270,0.0621,0.0435,641.009
40,43,in,0.2685,0,1,1,0.579332,14.7734,179.5618,641.009
40,43,in,0.2685,0,2,1,0.569788,19.7140,179.5618,641.009
40,43,in,0.2685,0,3,1,0.568298,17.4058,179.5618,641.009
40,43,in,0.2685,0,4,1,0.566091,11.2695,0.0435,641.009
40,43,in,0.2685,0,5,1,0.564121,12.2742,179.5618,641.009
40,43,in,0.2685,0,6,1,0.562502,18.2715,179.5618,641.009
40,43,in,0.2685,0,7,1,0.562055,13.3712,179.5618,641.009
40,43,in,0.2685,1,0,1,0.712766,0.0354,0.1696,2.526
40,43,in,0.2685,1,1,1,0.535062,15.3069,179.3094,2.526
40,43,in,0.2685,1,2,1,0.543027,20.0177,179.3094,2.526
40,43,in,0.2685,1,3,1,0.538283,17.5643,179.3094,2.526
40,43,in,0.2685,1,4,1,0.531528,11.0819,0.1696,2.526
40,43,in,0.2685,1,5,1,0.521974,12.8064,179.3094,2.526
40,43,in,0.2685,1,6,1,0.522196,18.3062,179.6879,2.526
40,43,in,0.2685,1,7,1,0.539885,13.4315,179.3094,2.526
40,43,in,0.2685,2,0,1,0.713929,0.0343,0.3132,2.120
40,43,in,0.2685,2,1,1,0.557403,16.2106,179.8315,2.120
40,43,in,0.2685,2,2,1,0.544806,20.5547,179.8315,2.120
40,43,in,0.2685,2,3,1,0.531578,17.9003,179.8315,2.120
40,43,in,0.2685,2,4,1,0.529008,10.7747,0.3132,2.120
40,43,in,0.2685,2,5,1,0.522408,13.3106,179.8315,2.120
40,43,in,0.2685,2,6,1,0.510488,18.9608,179.8315,2.120
40,43,in,0.2685,2,7,1,0.533250,13.7713,179.8315,2.120
40,43,in,0.2685,3,0,1,0.728443,0.0423,0.0669,2.140
40,43,in,0.2685,3,1,1,0.559160,16.9230,179.5852,2.140
40,43,in,0.2685,3,2,1,0.553712,20.7948,179.5852,2.140
40,43,in,0.2685,3,3,1,0.567049,18.4197,179.5852,2.140
40,43,in,0.2685,3,4,1,0.562924,11.0617,0.0669,2.140
40,43,in,0.2685,3,5,1,0.575221,14.0230,179.5852,2.140
40,43,in,0.2685,3,6,1,0.539497,19.4240,179.5852,2.140
40,43,in,0.2685,3,7,1,0.566292,14.3150,179.5852,2.140
40,43,in,0.2685,4,0,1,0.683387,0.0517,0.4940,2.808
40,43,in,0.2685,4,1,1,0.490906,17.2203,179.9877,2.808
40,43,in,0.2685,4,2,1,0.487308,21.4722,179.9877,2.808
40,43,in,0.2685,4,3,1,0.511189,18.8061,179.9877,2.808
40,43,in,0.2685,4,4,1,0.508607,11.3546,0.4940,2.808
40,43,in,0.2685,4,5,1,0.507623,14.5203,179.9877,2.808
40,43,in,0.2685,4,6,1,0.473138,19.9105,179.9877,2.808
40,43,in,0.2685,4,7,1,0.503703,14.9070,179.9877,2.808
40,43,in,0.2685,5,0,1,0.752265,0.0460,0.7626,2.265
40,43,in,0.2685,5,1,1,0.564794,17.7049,179.7191,2.265
40,43,in,0.2685,5,2,1,0.548877,21.7230,179.7191,2.265
40,43,in,0.2685,5,3,1,0.579289,19.1840,179.7191,2.265
40,43,in,0.2685,5,4,1,0.573562,11.5544,0.2401,2.265
40,43,in,0.2685,5,5,1,0.561634,15.1053,179.7191,2.265
40,43,in,0.2685,5,6,1,0.525426,20.5539,179.7191,2.265
40,43,in,0.2685,5,7,1,0.597098,15.3039,179.7191,2.265
40,43,in,0.2685,6,0,1,0.710178,0.0384,0.4167,1.858
40,43,in,0.2685,6,1,1,0.508096,18.1959,179.8958,1.858
40,43,in,0.2685,6,2,1,0.482572,22.4048,179.8958,1.858
40,43,in,0.2685,6,3,1,0.506688,19.6682,179.8958,1.858
40,43,in,0.2685,6,4,1,0.515584,11.8614,0.4167,1.858
40,43,in,0.2685,6,5,1,0.497135,15.4961,179.8958,1.858
40,43,in,0.2685,6,6,1,0.459449,20.8886,179.8958,1.858
40,43,in,0.2685,6,7,1,0.523734,15.9555,179.8958,1.858
40,43,in,0.2685,7,0,1,0.766342,0.0418,0.4554,2.313
40,43,in,0.2685,7,1,1,0.592186,18.9973,178.9318,2.313
40,43,in,0.2685,7,2,1,0.541125,22.7448,179.9344,2.313
40,43,in,0.2685,7,3,1,0.570527,20.1509,179.9344,2.313
40,43,in,0.2685,7,4,1,0.601036,11.9601,0.4554,2.313
40,43,in,0.2685,7,5,1,0.569821,16.3989,179.9344,2.313
40,43,in,0.2685,7,6,1,0.525335,21.4697,179.9344,2.313
40,43,in,0.2685,7,7,1,0.598189,16.6102,179.9344,2.313
40,43,in,0.2685,8,0,1,0.748330,0.0328,0.1688,2.371
40,43,in,0.2685,8,1,1,0.554232,19.3601,179.3102,2.371
40,43,in,0.2685,8,2,1,0.477175,22.8776,179.3102,2.371
40,43,in,0.2685,8,3,1,0.526958,20.5084,179.3102,2.371
40,43,in,0.2685,8,4,1,0.587212,11.9786,0.1688,2.371
40,43,in,0.2685,8,5,1,0.519649,16.9615,179.3102,2.371
40,43,in,0.2685,8,6,1,0.478123,22.1019,179.6871,2.371
40,43,in,0.2685,8,7,1,0.615698,16.9833,179.6871,2.371
40,43,in,0.2685,9,0,1,0.709673,0.0185,0.3629,2.221
40,43,in,0.2685,9,1,1,0.473222,19.9188,179.8419,2.221
40,43,in,0.2685,9,2,1,0.451275,23.5280,179.8419,2.221
40,43,in,0.2685,9,3,1,0.484692,20.8661,179.8419,2.221
40,43,in,0.2685,9,4,1,0.507767,11.6906,0.3629,2.221
40,43,in,0.2685,9,5,1,0.491107,17.5218,179.8419,2.221
40,43,in,0.2685,9,6,1,0.458421,22.3050,179.8419,2.221
40,43,in,0.2685,9,7,1,0.530721,17.4469,179.8419,2.221
40,43,in,0.2685,10,0,1,0.712957,0.0229,0.6306,2.425
40,43,in,0.2685,10,1,1,0.493670,20.5676,179.8511,2.425
40,43,in,0.2685,10,2,1,0.474039,23.8849,179.8511,2.425
40,43,in,0.2685,10,3,1,0.509343,21.1893,179.8511,2.425
40,43,in,0.2685,10,4,1,0.504341,12.0042,0.3721,2.425
40,43,in,0.2685,10,5,1,0.507115,18.0690,179.8511,2.425
40,43,in,0.2685,10,6,1,0.473959,22.3870,179.8511,2.425
40,43,in,0.2685,10,7,1,0.514270,17.8874,179.8511,2.425
40,43,in,0.2685,11,0,1,0.727908,0.0313,0.2545,2.492
40,43,in,0.2685,11,1,1,0.544473,20.8455,179.7728,2.492
40,43,in,0.2685,11,2,1,0.503322,24.5490,179.7728,2.492
40,43,in,0.2685,11,3,1,0.550992,21.6530,179.7728,2.492
40,43,in,0.2685,11,4,1,0.546543,12.0260,0.2545,2.492
40,43,in,0.2685,11,5,1,0.563356,18.6467,179.7728,2.492
40,43,in,0.2685,11,6,1,0.514985,22.9492,179.7728,2.492
40,43,in,0.2685,11,7,1,0.575964,18.1361,179.7728,2.492
40,44,in,0.6824,0,-1,0,0,0,0,2382.347
40,44,in,0.6824,1,-1,0,0,0,0,0.000
40,44,in,0.6824,2,-1,0,0,0,0,0.000
40,44,in,0.6824,3,-1,0,0,0,0,0.000
40,44,in,0.6824,4,-1,0,0,0,0,0.000
40,44,in,0.6824,5,-1,0,0,0,0,0.000
40,44,in,0.6824,6,-1,0,0,0,0,0.000
40,44,in,0.6824,7,-1,0,0,0,0,0.000
40,44,in,0.6824,8,-1,0,0,0,0,0.000
40,44,in,0.6824,9,-1,0,0,0,0,0.000
40,44,in,0.6824,10,-1,0,0,0,0,0.000
40,44,in,0.6824,11,-1,0,0,0,0,0.000
40,45,out,0.7858,0,-1,0,0,0,0,4523.905
40,45,out,0.7858,1,-1,0,0,0,0,0.000
40,45,out,0.7858,2,-1,0,0,0,0,0.000
40,45,out,0.7858,3,-1,0,0,0,0,0.000
40,45,out,0.7858,4,-1,0,0,0,0,0.000
40,45,out,0.7858,5,-1,0,0,0,0,0.000
40,45,out,0.7858,6,-1,0,0,0,0,0.000
40,45,out,0.7858,7,-1,0,0,0,0,0.000
40,45,out,0.7858,8,-1,0,0,0,0,0.000
40,45,out,0.7858,9,-1,0,0,0,0,0.000
40,45,out,0.7858,10,-1,0,0,0,0,0.000
40,45,out,0.7858,11,-1,0,0,0,0,0.000
40,46,out,0.3604,0,0,1,0.609635,0.0629,0.0032,1207.127
40,46,out,0.3604,0,1,1,0.584809,6.0297,0.0032,1207.127
40,46,out,0.3604,0,2,1,0.583547,33.1710,179.4822,1207.127
40,46,out,0.3604,0,3,1,0.577874,6.0708,0.0032,1207.127
40,46,out,0.3604,0,4,1,0.568566,17.9296,0.0032,1207.127
40,46,out,0.3604,0,5,1,0.566772,33.0132,179.4822,1207.127
40,46,out,0.3604,0,6,1,0.564649,11.9296,0.0032,1207.127
40,46,out,0.3604,0,7,1,0.564220,33.9327,179.4822,1207.127
40,46,out,0.3604,1,0,1,0.705543,0.0651,0.0995,1.783
40,46,out,0.3604,1,1,1,0.692235,6.0270,0.0995,1.783
40,46,out,0.3604,1,2,1,0.671692,33.7651,179.5785,1.783
40,46,out,0.3604,1,3,1,0.678280,5.9736,0.0995,1.783
40,46,out,0.3604,1,4,1,0.692482,18.0268,0.0995,1.783
40,46,out,0.3604,1,5,1,0.661755,33.6108,179.5785,1.783
40,46,out,0.3604,1,6,1,0.688632,12.0269,0.0995,1.783
40,46,out,0.3604,1,7,1,0.662505,34.5039,179.5785,1.783
40,46,out,0.3604,2,0,1,0.674710,0.0841,0.2814,1.595
40,46,out,0.3604,2,1,1,0.631806,6.0215,0.2814,1.595
40,46,out,0.3604,2,2,1,0.641706,34.3739,179.1977,1.595
40,46,out,0.3604,2,3,1,0.577588,5.9800,0.2814,1.595
40,46,out,0.3604,2,4,1,0.639531,18.0214,0.2814,1.595
40,46,out,0.3604,2,5,1,0.635124,34.2052,179.7997,1.595
40,46,out,0.3604,2,6,1,0.630783,12.0214,0.2814,1.595
40,46,out,0.3604,2,7,1,0.645442,35.0661,179.7997,1.595
40,46,out,0.3604,3,0,1,0.581063,0.0798,0.2860,9.927
40,46,out,0.3604,3,1,1,0.568129,6.0265,0.2860,9.927
40,46,out,0.3604,3,2,1,0.553228,34.9307,179.8043,9.927
40,46,out,0.3604,3,3,1,0.526560,5.8737,0.7166,9.927
40,46,out,0.3604,3,4,1,0.553616,17.9265,0.2860,9.927
40,46,out,0.3604,3,5,1,0.552671,34.6951,179.8043,9.927
40,46,out,0.3604,3,6,1,0.538179,11.9265,0.2860,9.927
40,46,out,0.3604,3,7,1,0.555962,35.4895,179.8043,9.927
40,46,out,0.3604,4,0,1,0.652249,0.0183,0.2716,1.526
40,46,out,0.3604,4,1,1,0.636860,6.0091,0.2716,1.526
40,46,out,0.3604,4,2,1,0.582847,35.4894,179.2074,1.526
40,46,out,0.3604,4,3,1,0.594633,6.0860,0.2716,1.526
40,46,out,0.3604,4,4,1,0.613102,18.0091,0.2716,1.526
40,46,out,0.3604,4,5,1,0.622569,35.2425,179.7899,1.526
40,46,out,0.3604,4,6,1,0.629630,12.0091,0.2716,1.526
40,46,out,0.3604,4,7,1,0.632882,35.9852,179.7899,1.526
40,46,out,0.3604,5,0,1,0.656564,0.0165,0.1668,1.390
40,46,out,0.3604,5,1,1,0.622505,5.9936,0.1668,1.390
40,46,out,0.3604,5,2,1,0.601861,36.0756,179.6851,1.390
40,46,out,0.3604,5,3,1,0.624785,6.0014,0.1668,1.390
40,46,out,0.3604,5,4,1,0.609508,17.9936,0.1668,1.390
40,46,out,0.3604,5,5,1,0.603409,35.7607,179.6851,1.390
40,46,out,0.3604,5,6,1,0.626794,11.9936,0.1668,1.390
40,46,out,0.3604,5,7,1,0.600164,36.4484,179.6851,1.390
40,46,out,0.3604,6,0,1,0.612497,0.0173,0.0778,5.620
40,46,out,0.3604,6,1,1,0.599586,6.0031,0.0778,5.620
40,46,out,0.3604,6,2,1,0.551413,36.6409,179.4405,5.620
40,46,out,0.3604,6,3,1,0.541053,5.9919,0.0778,5.620
40,46,out,0.3604,6,4,1,0.554454,18.0031,0.0778,5.620
40,46,out,0.3604,6,5,1,0.561918,36.2839,179.4405,5.620
40,46,out,0.3604,6,6,1,0.575256,12.0031,0.0778,5.620
40,46,out,0.3604,6,7,1,0.551978,36.9155,179.4405,5.620
40,46,out,0.3604,7,0,1,0.682145,0.0120,0.0679,1.499
40,46,out,0.3604,7,1,1,0.640856,6.0017,0.0679,1.499
40,46,out,0.3604,7,2,1,0.631578,37.1815,179.5469,1.499
40,46,out,0.3604,7,3,1,0.608202,5.9934,0.0679,1.499
40,46,out,0.3604,7,4,1,0.619117,18.0017,0.0679,1.499
40,46,out,0.3604,7,5,1,0.623024,36.7738,179.5469,1.499
40,46,out,0.3604,7,6,1,0.614268,12.0017,0.0679,1.499
40,46,out,0.3604,7,7,1,0.632788,37.3421,179.5469,1.499
40,46,out,0.3604,8,0,1,0.657536,0.0162,0.1523,5.719
40,46,out,0.3604,8,1,1,0.627549,6.0006,0.1523,5.719
40,46,out,0.3604,8,2,1,0.607625,37.7757,179.6313,5.719
40,46,out,0.3604,8,3,1,0.590296,5.9945,0.1523,5.719
40,46,out,0.3604,8,4,1,0.597557,18.0006,0.1523,5.719
40,46,out,0.3604,8,5,1,0.587575,37.3668,179.6313,5.719
40,46,out,0.3604,8,6,1,0.628109,12.0006,0.1523,5.719
40,46,out,0.3604,8,7,1,0.599903,37.9188,179.3660,5.719
40,46,out,0.3604,9,0,1,0.678479,0.0262,0.1155,1.729
40,46,out,0.3604,9,1,1,0.620947,5.9969,0.1155,1.729
40,46,out,0.3604,9,2,1,0.603297,38.3653,179.6338,1.729
40,46,out,0.3604,9,3,1,0.595260,5.9982,0.1155,1.729
40,46,out,0.3604,9,4,1,0.593183,17.9969,0.1155,1.729
40,46,out,0.3604,9,5,1,0.612454,37.9484,179.3635,1.729
40,46,out,0.3604,9,6,1,0.615172,11.9969,0.1155,1.729
40,46,out,0.3604,9,7,1,0.601519,38.4763,179.6338,1.729
40,46,out,0.3604,10,0,1,0.629896,0.0244,0.1744,1.580
40,46,out,0.3604,10,1,1,0.559876,6.0869,0.1744,1.580
40,46,out,0.3604,10,2,1,0.519314,38.9688,179.6535,1.580
40,46,out,0.3604,10,3,1,0.540568,6.1081,0.8283,1.580
40,46,out,0.3604,10,4,1,0.504868,17.8869,0.8283,1.580
40,46,out,0.3604,10,5,1,0.560318,38.5431,179.6535,1.580
40,46,out,0.3604,10,6,1,0.564898,12.0869,0.1744,1.580
40,46,out,0.3604,10,7,1,0.562242,39.0463,179.6535,1.580
40,46,out,0.3604,11,0,1,0.656694,0.0180,0.0415,4.931
40,46,out,0.3604,11,1,1,0.609853,6.0103,0.0415,4.931
40,46,out,0.3604,11,2,1,0.568191,39.5927,179.4768,4.931
40,46,out,0.3604,11,3,1,0.594489,5.9900,0.0415,4.931
40,46,out,0.3604,11,4,1,0.579039,18.0050,0.0415,4.931
40,46,out,0.3604,11,5,1,0.600344,39.1384,179.4768,4.931
40,46,out,0.3604,11,6,1,0.604948,12.0103,0.0415,4.931
40,46,out,0.3604,11,7,1,0.588184,39.6140,179.5205,4.931
40,47,out,0.5344,0,0,1,0.448616,0.0650,0.1388,1855.760
40,47,out,0.5344,0,1,1,0.401073,12.1587,91.1047,1855.760
40,47,out,0.5344,1,0,1,0.548190,0.0464,0.0946,0.661
40,47,out,0.5344,1,1,1,0.422565,11.6617,92.3408,0.661
40,47,out,0.5344,2,0,1,0.511821,0.0622,0.1735,0.666
40,47,out,0.5344,2,1,1,0.406636,11.2619,89.0647,0.666
40,47,out,0.5344,3,0,1,0.453431,0.0511,0.2459,0.649
40,47,out,0.5344,3,1,1,0.379651,10.7453,87.4787,0.649
40,47,out,0.5344,4,0,1,0.510439,0.0367,0.2169,0.621
40,47,out,0.5344,4,1,1,0.371630,10.2107,90.4578,0.621
40,47,out,0.5344,5,0,1,0.455167,0.0360,0.4184,4.284
40,47,out,0.5344,5,1,1,0.365696,9.8422,90.6593,4.284
40,47,out,0.5344,6,0,1,0.505090,0.0518,0.2622,0.670
40,47,out,0.5344,6,1,1,0.401481,9.4207,93.5111,0.670
40,47,out,0.5344,7,0,1,0.499363,0.0567,0.4423,0.612
40,47,out,0.5344,7,1,1,0.365476,9.0325,90.6831,0.612
40,47,out,0.5344,8,0,1,0.465545,0.0747,0.1820,0.589
40,47,out,0.5344,8,1,1,0.352413,8.4866,87.4148,0.589
40,47,out,0.5344,9,0,1,0.503528,0.0721,0.2472,0.594
40,47,out,0.5344,9,1,1,0.394935,8.3144,85.4747,0.594
40,47,out,0.5344,10,0,1,0.449341,0.0451,0.5613,0.723
40,47,out,0.5344,10,1,1,0.337910,7.7640,87.6742,0.723
40,47,out,0.5344,11,0,1,0.464415,0.0557,0.3518,0.590
40,47,out,0.5344,11,1,1,0.329379,7.1093,86.5820,0.590
40,48,in,0.4470,0,0,1,0.622400,0.0341,0.0236,818.262
40,48,in,0.4470,0,1,1,0.569652,5.9995,0.0236,818.262
40,48,in,0.4470,0,2,1,0.567122,9.8341,0.0236,818.262
40,48,in,0.4470,0,3,1,0.566228,11.9993,0.0236,818.262
40,48,in,0.4470,0,4,1,0.561627,15.5463,179.5419,818.262
40,48,in,0.4470,0,5,1,0.555710,11.2341,0.0236,818.262
40,48,in,0.4470,0,6,1,0.554926,14.2341,0.0236,818.262
40,48,in,0.4470,0,7,1,0.550556,13.1341,0.0236,818.262
40,48,in,0.4470,1,0,1,0.586239,0.0160,0.3536,6.704
40,48,in,0.4470,1,1,1,0.541397,6.0004,0.3536,6.704
40,48,in,0.4470,1,2,1,0.472543,10.1160,0.3536,6.704
40,48,in,0.4470,1,3,1,0.544266,12.0004,0.3536,6.704
40,48,in,0.4470,1,4,1,0.491317,15.1387,179.8326,6.704
40,48,in,0.4470,1,5,1,0.488603,10.9160,0.6491,6.704
40,48,in,0.4470,1,6,1,0.476943,14.4160,0.6491,6.704
40,48,in,0.4470,1,7,1,0.476889,12.8160,0.3536,6.704
40,48,in,0.4470,2,0,1,0.581414,0.0341,0.2188,6.658
40,48,in,0.4470,2,1,1,0.578831,5.9885,0.2188,6.658
40,48,in,0.4470,2,2,1,0.456446,10.4321,0.7839,6.658
40,48,in,0.4470,2,3,1,0.538585,11.9885,0.2188,6.658
40,48,in,0.4470,2,4,1,0.486736,14.8847,179.6978,6.658
40,48,in,0.4470,2,5,1,0.477543,11.2355,0.7839,6.658
40,48,in,0.4470,2,6,1,0.469527,14.1355,0.7839,6.658
40,48,in,0.4470,2,7,1,0.482009,12.7321,0.7839,6.658
40,48,in,0.4470,3,0,1,0.621941,0.0218,0.1018,2.352
40,48,in,0.4470,3,1,1,0.568051,5.9986,0.1018,2.352
40,48,in,0.4470,3,2,1,0.468266,10.1248,0.1018,2.352
40,48,in,0.4470,3,3,1,0.562545,11.9985,0.1018,2.352
40,48,in,0.4470,3,4,1,0.478286,14.6026,179.5808,2.352
40,48,in,0.4470,3,5,1,0.481920,11.3283,0.1018,2.352
40,48,in,0.4470,3,6,1,0.507872,13.8283,0.1018,2.352
40,48,in,0.4470,3,7,1,0.497492,12.4248,0.1018,2.352
40,48,in,0.4470,4,0,1,0.641319,0.0243,0.0234,6.424
40,48,in,0.4470,4,1,1,0.587418,5.9927,0.0234,6.424
40,48,in,0.4470,4,2,1,0.540830,10.4262,0.0234,6.424
40,48,in,0.4470,4,3,1,0.594108,11.9927,0.0234,6.424
40,48,in,0.4470,4,4,1,0.546783,14.2668,179.5024,6.424
40,48,in,0.4470,4,5,1,0.562594,11.3297,0.0234,6.424
40,48,in,0.4470,4,6,1,0.549735,13.5297,0.0234,6.424
40,48,in,0.4470,4,7,1,0.549480,12.1262,0.0234,6.424
40,48,in,0.4470,5,0,1,0.581659,0.0281,0.0907,2.248
40,48,in,0.4470,5,1,1,0.542507,5.9932,0.0907,2.248
40,48,in,0.4470,5,2,1,0.456131,10.5303,0.0907,2.248
40,48,in,0.4470,5,3,1,0.522042,11.9931,0.9120,2.248
40,48,in,0.4470,5,4,1,0.449619,13.9200,179.3884,2.248
40,48,in,0.4470,5,5,1,0.469839,11.3337,0.0907,2.248
40,48,in,0.4470,5,6,1,0.449192,13.7337,0.0907,2.248
40,48,in,0.4470,5,7,1,0.467582,12.3303,0.0907,2.248
40,48,in,0.4470,6,0,1,0.597634,0.0226,0.1991,6.542
40,48,in,0.4470,6,1,1,0.592996,5.9935,0.1991,6.542
40,48,in,0.4470,6,2,1,0.497040,10.8247,0.1991,6.542
40,48,in,0.4470,6,3,1,0.547995,11.9906,0.1991,6.542
40,48,in,0.4470,6,4,1,0.494169,13.6181,179.7173,6.542
40,48,in,0.4470,6,5,1,0.504075,11.2281,0.1991,6.542
40,48,in,0.4470,6,6,1,0.511738,13.7281,0.1991,6.542
40,48,in,0.4470,6,7,1,0.519219,12.6247,0.1991,6.542
40,48,in,0.4470,7,0,1,0.623042,0.0309,0.1841,6.438
40,48,in,0.4470,7,1,1,0.607525,5.9779,0.1841,6.438
40,48,in,0.4470,7,2,1,0.507643,10.9247,0.1841,6.438
40,48,in,0.4470,7,3,1,0.581153,11.9750,0.1841,6.438
40,48,in,0.4470,7,4,1,0.522241,13.2826,179.7024,6.438
40,48,in,0.4470,7,5,1,0.513166,11.5281,0.1841,6.438
40,48,in,0.4470,7,6,1,0.530356,13.9281,0.1841,6.438
40,48,in,0.4470,7,7,1,0.526581,12.5247,0.1841,6.438
40,48,in,0.4470,8,0,1,0.574406,0.0329,0.2856,2.266
40,48,in,0.4470,8,1,1,0.552268,5.9868,0.2856,2.266
40,48,in,0.4470,8,2,1,0.483079,11.2332,0.7170,2.266
40,48,in,0.4470,8,3,1,0.508209,11.9838,0.2856,2.266
40,48,in,0.4470,8,4,1,0.491332,12.8066,179.8039,2.266
40,48,in,0.4470,8,5,1,0.485204,11.4366,0.2856,2.266
40,48,in,0.4470,8,6,1,0.476512,13.7366,0.2856,2.266
40,48,in,0.4470,8,7,1,0.460734,12.2332,0.2856,2.266
40,48,in,0.4470,9,0,1,0.572836,0.0319,0.0676,8.129
40,48,in,0.4470,9,1,1,0.559076,5.9788,0.0676,8.129
40,48,in,0.4470,9,2,1,0.483259,10.9224,0.0676,8.129
40,48,in,0.4470,9,3,1,0.564505,11.9759,0.0676,8.129
40,48,in,0.4470,9,4,1,0.477622,12.3154,179.4507,8.129
40,48,in,0.4470,9,5,1,0.483947,11.2303,0.0676,8.129
40,48,in,0.4470,9,6,1,0.478768,14.0303,0.0676,8.129
40,48,in,0.4470,9,7,1,0.476330,12.0269,0.0676,8.129
40,48,in,0.4470,10,0,1,0.564345,0.0318,0.2913,2.500
40,48,in,0.4470,10,1,1,0.505249,5.9757,0.2913,2.500
40,48,in,0.4470,10,2,1,0.430583,11.2154,0.7114,2.500
40,48,in,0.4470,10,3,1,0.515928,12.0699,0.2913,2.500
40,48,in,0.4470,10,4,1,0.460345,11.8932,179.7703,2.500
40,48,in,0.4470,10,5,1,0.439427,11.5231,0.2913,2.500
40,48,in,0.4470,10,6,1,0.457441,14.0231,0.2913,2.500
40,48,in,0.4470,10,7,1,0.441246,12.1197,0.2913,2.500
40,48,in,0.4470,11,0,1,0.602201,0.0434,0.0701,10.714
40,48,in,0.4470,11,1,1,0.574219,5.9627,0.0701,10.714
40,48,in,0.4470,11,2,1,0.493795,11.5255,0.9326,10.714
40,48,in,0.4470,11,3,1,0.526123,11.9598,0.0701,10.714
40,48,in,0.4470,11,4,1,0.499914,11.7385,179.4482,10.714
40,48,in,0.4470,11,5,1,0.499160,11.7288,0.9326,10.714
40,48,in,0.4470,11,6,1,0.499732,14.0288,0.9326,10.714
40,48,in,0.4470,11,7,1,0.490588,11.8253,0.9326,10.714
40,49,in,0.4039,0,0,1,0.597566,0.0270,0.3062,929.712
40,49,in,0.4039,0,1,1,0.580030,6.3950,0.3062,929.712
40,49,in,0.4039,0,2,1,0.577113,14.8236,179.7852,929.712
40,49,in,0.4039,0,3,1,0.572057,26.3139,179.7852,929.712
40,49,in,0.4039,0,4,1,0.569800,9.5604,179.7852,929.712
40,49,in,0.4039,0,5,1,0.563054,17.6896,179.2121,929.712
40,49,in,0.4039,0,6,1,0.559909,18.3950,0.3062,929.712
40,49,in,0.4039,0,7,1,0.553084,13.4603,179.2121,929.712
40,49,in,0.4039,1,0,1,0.600444,0.0016,0.3731,6.715
40,49,in,0.4039,1,1,1,0.545416,6.4011,0.3731,6.715
40,49,in,0.4039,1,2,1,0.581377,15.4089,179.8914,6.715
40,49,in,0.4039,1,3,1,0.529938,26.9542,179.8914,6.715
40,49,in,0.4039,1,4,1,0.565943,10.0442,179.8914,6.715
40,49,in,0.4039,1,5,1,0.540624,18.2459,179.8914,6.715
40,49,in,0.4039,1,6,1,0.546912,18.4011,0.6296,6.715
40,49,in,0.4039,1,7,1,0.532571,13.8538,179.8914,6.715
40,49,in,0.4039,2,0,1,0.609005,0.0160,0.1533,2.489
40,49,in,0.4039,2,1,1,0.541675,6.4104,0.1533,2.489
40,49,in,0.4039,2,2,1,0.574039,15.8961,179.6324,2.489
40,49,in,0.4039,2,3,1,0.530598,27.4880,179.6324,2.489
40,49,in,0.4039,2,4,1,0.572820,10.4516,179.6324,2.489
40,49,in,0.4039,2,5,1,0.530227,18.4367,179.6324,2.489
40,49,in,0.4039,2,6,1,0.565804,18.4118,0.8493,2.489
40,49,in,0.4039,2,7,1,0.507874,14.3272,179.6324,2.489
40,49,in,0.4039,3,0,1,0.671834,0.0119,0.3577,6.249
40,49,in,0.4039,3,1,1,0.610336,6.4030,0.3577,6.249
40,49,in,0.4039,3,2,1,0.634627,16.4460,179.8760,6.249
40,49,in,0.4039,3,3,1,0.590638,28.0691,179.8760,6.249
40,49,in,0.4039,3,4,1,0.614178,10.9439,179.8760,6.249
40,49,in,0.4039,3,5,1,0.596636,18.8955,179.8760,6.249
40,49,in,0.4039,3,6,1,0.595386,18.4039,0.6450,6.249
40,49,in,0.4039,3,7,1,0.585736,14.6661,179.8760,6.249
40,49,in,0.4039,4,0,1,0.652815,0.0197,0.2824,2.741
40,49,in,0.4039,4,1,1,0.569520,6.3994,0.2824,2.741
40,49,in,0.4039,4,2,1,0.571969,17.0030,179.7614,2.741
40,49,in,0.4039,4,3,1,0.558767,28.6524,179.7614,2.741
40,49,in,0.4039,4,4,1,0.572392,11.3645,179.7614,2.741
40,49,in,0.4039,4,5,1,0.539497,19.5367,179.2359,2.741
40,49,in,0.4039,4,6,1,0.555322,18.4008,0.2824,2.741
40,49,in,0.4039,4,7,1,0.540027,14.8128,179.2359,2.741
40,49,in,0.4039,5,0,1,0.541143,0.0184,0.2974,3.349
40,49,in,0.4039,5,1,1,0.476326,6.4927,0.7052,3.349
40,49,in,0.4039,5,2,1,0.506895,17.5807,179.8157,3.349
40,49,in,0.4039,5,3,1,0.459299,29.1506,179.8157,3.349
40,49,in,0.4039,5,4,1,0.495888,11.9946,179.8157,3.349
40,49,in,0.4039,5,5,1,0.500966,19.8456,179.1816,3.349
40,49,in,0.4039,5,6,1,0.467210,18.3941,0.2974,3.349
40,49,in,0.4039,5,7,1,0.482662,15.0195,178.8130,3.349
40,49,in,0.4039,6,0,1,0.589452,0.0173,0.0460,10.726
40,49,in,0.4039,6,1,1,0.545055,6.4880,0.0460,10.726
40,49,in,0.4039,6,2,1,0.562932,18.0540,179.4330,10.726
40,49,in,0.4039,6,3,1,0.521089,29.7401,179.5643,10.726
40,49,in,0.4039,6,4,1,0.543081,12.4372,179.4330,10.726
40,49,in,0.4039,6,5,1,0.524847,20.3761,179.5643,10.726
40,49,in,0.4039,6,6,1,0.535353,18.4889,0.0460,10.726
40,49,in,0.4039,6,7,1,0.522050,15.6375,179.5643,10.726
40,49,in,0.4039,7,0,1,0.635646,0.0330,0.1957,2.503
40,49,in,0.4039,7,1,1,0.579718,6.4748,0.1957,2.503
40,49,in,0.4039,7,2,1,0.645340,18.6257,179.6747,2.503
40,49,in,0.4039,7,3,1,0.581727,30.3320,179.6747,2.503
40,49,in,0.4039,7,4,1,0.627092,12.9737,179.6747,2.503
40,49,in,0.4039,7,5,1,0.601187,20.6336,179.6747,2.503
40,49,in,0.4039,7,6,1,0.614783,18.4759,0.1957,2.503
40,49,in,0.4039,7,7,1,0.591709,15.9121,179.6747,2.503
40,49,in,0.4039,8,0,1,0.598858,0.0622,0.4273,2.184
40,49,in,0.4039,8,1,1,0.554332,6.4613,0.4273,2.184
40,49,in,0.4039,8,2,1,0.579345,19.2135,179.9063,2.184
40,49,in,0.4039,8,3,1,0.555984,30.9352,179.9063,2.184
40,49,in,0.4039,8,4,1,0.582893,13.5351,179.9063,2.184
40,49,in,0.4039,8,5,1,0.515552,21.0199,179.9063,2.184
40,49,in,0.4039,8,6,1,0.546487,18.4625,0.4273,2.184
40,49,in,0.4039,8,7,1,0.514953,16.5664,179.9063,2.184
40,49,in,0.4039,9,0,1,0.603174,0.0572,0.2896,6.398
40,49,in,0.4039,9,1,1,0.574091,6.4526,0.2896,6.398
40,49,in,0.4039,9,2,1,0.587239,19.8102,179.8079,6.398
40,49,in,0.4039,9,3,1,0.547149,31.5406,179.8079,6.398
40,49,in,0.4039,9,4,1,0.585125,14.1143,179.8079,6.398
40,49,in,0.4039,9,5,1,0.553507,21.4394,179.8079,6.398
40,49,in,0.4039,9,6,1,0.557781,18.4538,0.2896,6.398
40,49,in,0.4039,9,7,1,0.558718,17.2524,179.8079,6.398
40,49,in,0.4039,10,0,1,0.602709,0.0608,0.3565,5.303
40,49,in,0.4039,10,1,1,0.575672,6.4576,0.3565,5.303
40,49,in,0.4039,10,2,1,0.562121,20.3960,179.8748,5.303
40,49,in,0.4039,10,3,1,0.552400,32.1341,179.8748,5.303
40,49,in,0.4039,10,4,1,0.588661,14.6850,179.8748,5.303
40,49,in,0.4039,10,5,1,0.540652,22.0369,179.8748,5.303
40,49,in,0.4039,10,6,1,0.515699,18.4587,0.3565,5.303
40,49,in,0.4039,10,7,1,0.554302,17.6762,179.8748,5.303
40,49,in,0.4039,11,0,1,0.613484,0.0484,0.2734,2.301
40,49,in,0.4039,11,1,1,0.545692,6.4758,0.2734,2.301
40,49,in,0.4039,11,2,1,0.563948,20.9630,179.7917,2.301
40,49,in,0.4039,11,3,1,0.520846,32.7103,179.7917,2.301
40,49,in,0.4039,11,4,1,0.581900,15.2362,179.7917,2.301
40,49,in,0.4039,11,5,1,0.525461,22.7013,179.7917,2.301
40,49,in,0.4039,11,6,1,0.532249,18.4769,0.2734,2.301
40,49,in,0.4039,11,7,1,0.529351,17.9614,179.7917,2.301
40,50,in,0.6032,0,0,1,0.473904,0.0535,0.2793,886.702
40,50,in,0.6032,0,1,1,0.466357,8.2015,179.7976,886.702
40,50,in,0.6032,0,2,1,0.465108,11.5230,0.2793,886.702
40,50,in,0.6032,0,3,1,0.464356,5.9995,179.7976,886.702
40,50,in,0.6032,0,4,1,0.460311,2.0543,179.7976,886.702
40,50,in,0.6032,0,5,1,0.457007,14.2120,0.2793,886.702
40,50,in,0.6032,0,6,1,0.455937,8.1363,179.7976,886.702
40,50,in,0.6032,0,7,1,0.455889,6.8917,0.2793,886.702
40,50,in,0.6032,1,0,1,0.504505,0.0478,0.4987,3.019
40,50,in,0.6032,1,1,1,0.431683,8.8987,179.9777,3.019
40,50,in,0.6032,1,2,1,0.427121,11.5285,0.4987,3.019
40,50,in,0.6032,1,3,1,0.427177,6.1831,178.0170,3.019
40,50,in,0.6032,1,4,1,0.438307,1.8186,179.0196,3.019
40,50,in,0.6032,1,5,1,0.423437,14.2696,0.4987,3.019
40,50,in,0.6032,1,6,1,0.400554,8.1138,177.0143,3.019
40,50,in,0.6032,1,7,1,0.451389,6.9878,0.4987,3.019
40,50,in,0.6032,2,0,1,0.499314,0.0610,1.0795,3.068
40,50,in,0.6032,2,1,1,0.415464,9.5117,178.5924,3.068
40,50,in,0.6032,2,2,1,0.415752,11.4057,0.9259,3.068
40,50,in,0.6032,2,3,1,0.415262,6.4000,178.5924,3.068
40,50,in,0.6032,2,4,1,0.426109,1.6676,179.4022,3.068
40,50,in,0.6032,2,5,1,0.381959,14.1039,1.0795,3.068
40,50,in,0.6032,2,6,1,0.379497,7.9810,179.4022,3.068
40,50,in,0.6032,2,7,1,0.449145,7.0961,0.0768,3.068
40,50,in,0.6032,3,0,1,0.458567,0.0632,0.1161,2.977
40,50,in,0.6032,3,1,1,0.369172,10.3147,179.4022,2.977
40,50,in,0.6032,3,2,1,0.389529,11.2490,1.1188,2.977
40,50,in,0.6032,3,3,1,0.385813,7.1502,178.3995,2.977
40,50,in,0.6032,3,4,1,0.404594,1.6584,179.4022,2.977
40,50,in,0.6032,3,5,1,0.379993,14.0413,2.1214,2.977
40,50,in,0.6032,3,6,1,0.369573,8.0807,179.4022,2.977
40,50,in,0.6032,3,7,1,0.369112,6.9575,1.1188,2.977
40,50,in,0.6032,4,0,1,0.416733,0.0562,0.5264,2.982
40,50,in,0.6032,4,1,1,0.363495,10.5826,179.9553,2.982
40,50,in,0.6032,4,2,1,0.344362,11.4304,1.5291,2.982
40,50,in,0.6032,4,3,1,0.358018,7.7028,179.0421,2.982
40,50,in,0.6032,4,4,1,0.364526,2.1963,179.9553,2.982
40,50,in,0.6032,4,5,1,0.332054,14.1552,0.5264,2.982
40,50,in,0.6032,4,6,1,0.334911,8.3663,179.0421,2.982
40,50,in,0.6032,4,7,1,0.373351,6.9442,0.5264,2.982
40,50,in,0.6032,5,0,1,0.444058,0.0456,0.6686,2.412
40,50,in,0.6032,5,1,1,0.410170,10.8847,179.8524,2.412
40,50,in,0.6032,5,2,1,0.419249,11.5193,0.3341,2.412
40,50,in,0.6032,5,3,1,0.401531,7.4108,179.1449,2.412
40,50,in,0.6032,5,4,1,0.389106,2.1996,178.8497,2.412
40,50,in,0.6032,5,5,1,0.393491,14.2109,0.6686,2.412
40,50,in,0.6032,5,6,1,0.372216,8.5231,179.8524,2.412
40,50,in,0.6032,5,7,1,0.411627,6.9423,0.6686,2.412
40,50,in,0.6032,6,0,1,0.440816,0.0250,0.4877,2.581
40,50,in,0.6032,6,1,1,0.378892,10.0823,179.9668,2.581
40,50,in,0.6032,6,2,1,0.393972,11.2806,0.4877,2.581
40,50,in,0.6032,6,3,1,0.384677,7.2139,179.9668,2.581
40,50,in,0.6032,6,4,1,0.366425,1.7556,179.9668,2.581
40,50,in,0.6032,6,5,1,0.365609,14.1394,3.5230,2.581
40,50,in,0.6032,6,6,1,0.358112,8.5823,179.9668,2.581
40,50,in,0.6032,6,7,1,0.391676,7.0837,0.5149,2.581
40,50,in,0.6032,7,0,1,0.446926,0.0167,0.1052,2.773
40,50,in,0.6032,7,1,1,0.392861,9.9176,179.3739,2.773
40,50,in,0.6032,7,2,1,0.386636,11.0349,0.1052,2.773
40,50,in,0.6032,7,3,1,0.394488,6.7807,179.3739,2.773
40,50,in,0.6032,7,4,1,0.398898,1.7877,178.3712,2.773
40,50,in,0.6032,7,5,1,0.366704,14.3773,0.8975,2.773
40,50,in,0.6032,7,6,1,0.370599,8.7060,179.6234,2.773
40,50,in,0.6032,7,7,1,0.405118,7.1851,0.1052,2.773
40,50,in,0.6032,8,0,1,0.471823,0.0275,0.5685,3.042
40,50,in,0.6032,8,1,1,0.394995,9.3340,178.9105,3.042
40,50,in,0.6032,8,2,1,0.394842,11.1925,0.5685,3.042
40,50,in,0.6032,8,3,1,0.401843,6.6155,178.9105,3.042
40,50,in,0.6032,8,4,1,0.417450,2.1022,179.9132,3.042
40,50,in,0.6032,8,5,1,0.381859,14.5399,0.5685,3.042
40,50,in,0.6032,8,6,1,0.390678,8.7924,179.9132,3.042
40,50,in,0.6032,8,7,1,0.442318,7.3643,0.5685,3.042
40,50,in,0.6032,9,0,1,0.445725,0.0261,0.0961,2.889
40,50,in,0.6032,9,1,1,0.415853,8.6539,179.6144,2.889
40,50,in,0.6032,9,2,1,0.390204,10.9412,0.9066,2.889
40,50,in,0.6032,9,3,1,0.413694,6.5517,179.6144,2.889
40,50,in,0.6032,9,4,1,0.393908,2.7368,179.6144,2.889
40,50,in,0.6032,9,5,1,0.380745,14.4841,0.0961,2.889
40,50,in,0.6032,9,6,1,0.411375,9.0033,179.6144,2.889
40,50,in,0.6032,9,7,1,0.385096,7.5397,1.0988,2.889
40,50,in,0.6032,10,0,1,0.473288,0.0255,0.2048,3.639
40,50,in,0.6032,10,1,1,0.403569,8.3137,179.3135,3.639
40,50,in,0.6032,10,2,1,0.398572,10.6973,0.2048,3.639
40,50,in,0.6032,10,3,1,0.399681,6.1611,179.3135,3.639
40,50,in,0.6032,10,4,1,0.422038,3.0937,179.6838,3.639
40,50,in,0.6032,10,5,1,0.367599,14.3210,0.2048,3.639
40,50,in,0.6032,10,6,1,0.392478,9.0175,179.3135,3.639
40,50,in,0.6032,10,7,1,0.399549,7.7253,1.8006,3.639
40,50,in,0.6032,11,0,1,0.454827,0.0430,0.5779,2.827
40,50,in,0.6032,11,1,1,0.401447,8.1904,179.0543,2.827
40,50,in,0.6032,11,2,1,0.406162,10.5976,1.4274,2.827
40,50,in,0.6032,11,3,1,0.407314,6.0830,179.0543,2.827
40,50,in,0.6032,11,4,1,0.393076,3.4659,179.9430,2.827
40,50,in,0.6032,11,5,1,0.390438,14.1450,0.4247,2.827
40,50,in,0.6032,11,6,1,0.394688,9.1026,179.9430,2.827
40,50,in,0.6032,11,7,1,0.395153,7.6270,0.4247,2.827
40,51,out,0.1198,0,0,1,0.875387,0.0647,0.1353,1004.234
40,51,out,0.1198,0,1,1,0.780381,40.0633,179.6143,1004.234
40,51,out,0.1198,0,2,1,0.778604,41.8236,179.6143,1004.234
40,51,out,0.1198,0,3,1,0.775863,6.0126,0.1353,1004.234
40,51,out,0.1198,0,4,1,0.769977,39.1525,179.6143,1004.234
40,51,out,0.1198,0,5,1,0.769000,5.9880,0.1353,1004.234
40,51,out,0.1198,0,6,1,0.768578,12.0125,0.1353,1004.234
40,51,out,0.1198,0,7,1,0.767547,39.1506,179.6143,1004.234
40,51,out,0.1198,1,0,1,0.837482,0.0346,0.1061,1.964
40,51,out,0.1198,1,1,1,0.713541,39.9706,179.6244,1.964
40,51,out,0.1198,1,2,1,0.704055,41.7343,179.6244,1.964
40,51,out,0.1198,1,3,1,0.724409,6.0163,0.1061,1.964
40,51,out,0.1198,1,4,1,0.709501,39.0583,179.6244,1.964
40,51,out,0.1198,1,5,1,0.704460,5.9839,0.1061,1.964
40,51,out,0.1198,1,6,1,0.709126,12.0162,0.1061,1.964
40,51,out,0.1198,1,7,1,0.706114,39.0570,179.6244,1.964
40,51,out,0.1198,2,0,1,0.863189,0.0336,0.4023,5.825
40,51,out,0.1198,2,1,1,0.769745,39.5818,179.9206,5.825
40,51,out,0.1198,2,2,1,0.766175,41.2846,179.9206,5.825
40,51,out,0.1198,2,3,1,0.774936,6.0203,0.4023,5.825
40,51,out,0.1198,2,4,1,0.765401,38.7431,179.9206,5.825
40,51,out,0.1198,2,5,1,0.771415,5.9798,0.4023,5.825
40,51,out,0.1198,2,6,1,0.761486,12.0203,0.4023,5.825
40,51,out,0.1198,2,7,1,0.750176,38.8243,179.9206,5.825
40,51,out,0.1198,3,0,1,0.809567,0.0341,0.2095,1.697
40,51,out,0.1198,3,1,1,0.708484,39.3082,179.7277,1.697
40,51,out,0.1198,3,2,1,0.707987,40.9376,179.2696,1.697
40,51,out,0.1198,3,3,1,0.711102,6.0200,0.2095,1.697
40,51,out,0.1198,3,4,1,0.711782,38.5537,179.7277,1.697
40,51,out,0.1198,3,5,1,0.711909,5.9801,0.2095,1.697
40,51,out,0.1198,3,6,1,0.695284,12.0200,0.2095,1.697
40,51,out,0.1198,3,7,1,0.692853,38.7251,179.7277,1.697
40,51,out,0.1198,4,0,1,0.827868,0.0475,0.6606,1.555
40,51,out,0.1198,4,1,1,0.719174,39.0622,179.8211,1.555
40,51,out,0.1198,4,2,1,0.705562,40.6081,179.8211,1.555
40,51,out,0.1198,4,3,1,0.709357,6.0343,0.6606,1.555
40,51,out,0.1198,4,4,1,0.716235,38.3968,179.8211,1.555
40,51,out,0.1198,4,5,1,0.709143,5.9659,0.6606,1.555
40,51,out,0.1198,4,6,1,0.704378,12.0342,0.6606,1.555
40,51,out,0.1198,4,7,1,0.706833,38.6623,179.8211,1.555
40,51,out,0.1198,5,0,1,0.850283,0.0353,0.6730,5.758
40,51,out,0.1198,5,1,1,0.742734,38.7734,179.8087,5.758
40,51,out,0.1198,5,2,1,0.727051,40.2483,179.8087,5.758
40,51,out,0.1198,5,3,1,0.722129,6.0179,0.6730,5.758
40,51,out,0.1198,5,4,1,0.742401,38.1896,179.8087,5.758
40,51,out,0.1198,5,5,1,0.720022,5.9823,0.6730,5.758
40,51,out,0.1198,5,6,1,0.706991,12.0178,0.6730,5.758
40,51,out,0.1198,5,7,1,0.719444,38.5425,179.8087,5.758
40,51,out,0.1198,6,0,1,0.866236,0.0380,0.1956,1.584
40,51,out,0.1198,6,1,1,0.753579,38.4700,179.6746,1.584
40,51,out,0.1198,6,2,1,0.746661,39.8715,179.6746,1.584
40,51,out,0.1198,6,3,1,0.727535,6.0191,0.1956,1.584
40,51,out,0.1198,6,4,1,0.759214,37.9707,179.6746,1.584
40,51,out,0.1198,6,5,1,0.734556,5.9811,0.1956,1.584
40,51,out,0.1198,6,6,1,0.712402,12.0190,0.8071,1.584
40,51,out,0.1198,6,7,1,0.741577,38.4136,179.6746,1.584
40,51,out,0.1198,7,0,1,0.815068,0.0512,0.3761,5.614
40,51,out,0.1198,7,1,1,0.722504,38.2429,179.8943,5.614
40,51,out,0.1198,7,2,1,0.716921,39.5689,179.8943,5.614
40,51,out,0.1198,7,3,1,0.716999,6.0142,0.3761,5.614
40,51,out,0.1198,7,4,1,0.717048,37.8280,179.8943,5.614
40,51,out,0.1198,7,5,1,0.715019,5.9862,0.3761,5.614
40,51,out,0.1198,7,6,1,0.701705,12.0118,0.6266,5.614
40,51,out,0.1198,7,7,1,0.709530,38.3588,179.8943,5.614
40,51,out,0.1198,8,0,1,0.898406,0.0406,0.3930,1.661
40,51,out,0.1198,8,1,1,0.816189,37.8280,179.9113,1.661
40,51,out,0.1198,8,2,1,0.800707,39.0943,179.9113,1.661
40,51,out,0.1198,8,3,1,0.794264,6.0020,0.3930,1.661
40,51,out,0.1198,8,4,1,0.813296,37.4856,179.9113,1.661
40,51,out,0.1198,8,5,1,0.796473,5.9983,0.3930,1.661
40,51,out,0.1198,8,6,1,0.773195,12.0028,0.3930,1.661
40,51,out,0.1198,8,7,1,0.791099,38.0971,179.9113,1.661
40,51,out,0.1198,9,0,1,0.820138,0.0631,0.1352,5.869
40,51,out,0.1198,9,1,1,0.734043,37.4108,179.6142,5.869
40,51,out,0.1198,9,2,1,0.713354,38.6084,179.3831,5.869
40,51,out,0.1198,9,3,1,0.751041,5.9992,0.1352,5.869
40,51,out,0.1198,9,4,1,0.743128,37.1504,179.6142,5.869
40,51,out,0.1198,9,5,1,0.735210,6.0014,0.1352,5.869
40,51,out,0.1198,9,6,1,0.716994,11.9999,0.1352,5.869
40,51,out,0.1198,9,7,1,0.719589,37.8515,179.6142,5.869
40,51,out,0.1198,10,0,1,0.835121,0.0308,0.1117,1.628
40,51,out,0.1198,10,1,1,0.763491,37.1571,179.5907,1.628
40,51,out,0.1198,10,2,1,0.758827,38.2782,179.5907,1.628
40,51,out,0.1198,10,3,1,0.752304,5.9991,0.1117,1.628
40,51,out,0.1198,10,4,1,0.760173,36.9871,179.5907,1.628
40,51,out,0.1198,10,5,1,0.752782,6.0011,0.1117,1.628
40,51,out,0.1198,10,6,1,0.735128,11.9999,0.1117,1.628
40,51,out,0.1198,10,7,1,0.761354,37.7815,179.5907,1.628
40,51,out,0.1198,11,0,1,0.860876,0.0282,0.2925,1.677
40,51,out,0.1198,11,1,1,0.793845,36.9532,179.7715,1.677
40,51,out,0.1198,11,2,1,0.792321,37.9872,179.7715,1.677
40,51,out,0.1198,11,3,1,0.778420,6.0079,0.2925,1.677
40,51,out,0.1198,11,4,1,0.797546,36.8784,179.7715,1.677
40,51,out,0.1198,11,5,1,0.789192,5.9922,0.2925,1.677
40,51,out,0.1198,11,6,1,0.761025,12.0087,0.2925,1.677
40,51,out,0.1198,11,7,1,0.780862,37.7689,179.7715,1.677
40,52,in,0.2302,0,0,1,0.791501,0.0434,0.1042,949.839
40,52,in,0.2302,0,1,1,0.667860,6.0399,0.1042,949.839
40,52,in,0.2302,0,2,1,0.660170,5.9601,0.1042,949.839
40,52,in,0.2302,0,3,1,0.660163,31.3761,179.6225,949.839
40,52,in,0.2302,0,4,1,0.656935,33.8842,179.6225,949.839
40,52,in,0.2302,0,5,1,0.652184,29.8795,179.6225,949.839
40,52,in,0.2302,0,6,1,0.651979,12.0399,0.1042,949.839
40,52,in,0.2302,0,7,1,0.646899,30.4208,179.6225,949.839
40,52,in,0.2302,1,0,1,0.669669,0.0595,0.7813,6.505
40,52,in,0.2302,1,1,1,0.593320,5.9475,0.7813,6.505
40,52,in,0.2302,1,2,1,0.561263,5.9526,0.7813,6.505
40,52,in,0.2302,1,3,1,0.581102,31.9628,179.7004,6.505
40,52,in,0.2302,1,4,1,0.595503,34.4667,179.2970,6.505
40,52,in,0.2302,1,5,1,0.585578,30.4515,179.7004,6.505
40,52,in,0.2302,1,6,1,0.575686,11.9475,0.7813,6.505
40,52,in,0.2302,1,7,1,0.569983,30.8972,179.7004,6.505
40,52,in,0.2302,2,0,1,0.767661,0.0686,0.1090,2.157
40,52,in,0.2302,2,1,1,0.669086,5.9416,0.1090,2.157
40,52,in,0.2302,2,2,1,0.658648,6.0586,0.1090,2.157
40,52,in,0.2302,2,3,1,0.681970,32.5873,179.3701,2.157
40,52,in,0.2302,2,4,1,0.667351,35.0870,179.3701,2.157
40,52,in,0.2302,2,5,1,0.661040,31.0593,179.3701,2.157
40,52,in,0.2302,2,6,1,0.674176,11.9416,0.1090,2.157
40,52,in,0.2302,2,7,1,0.628834,31.4032,179.3701,2.157
40,52,in,0.2302,3,0,1,0.774623,0.0417,0.2042,6.028
40,52,in,0.2302,3,1,1,0.685018,6.0377,0.2042,6.028
40,52,in,0.2302,3,2,1,0.669119,5.9624,0.2042,6.028
40,52,in,0.2302,3,3,1,0.673160,33.1648,179.6832,6.028
40,52,in,0.2302,3,4,1,0.655251,35.6270,179.6832,6.028
40,52,in,0.2302,3,5,1,0.676634,31.6611,179.6832,6.028
40,52,in,0.2302,3,6,1,0.678618,12.0376,0.2042,6.028
40,52,in,0.2302,3,7,1,0.657116,31.9917,179.6832,6.028
40,52,in,0.2302,4,0,1,0.809529,0.0393,0.4646,2.058
40,52,in,0.2302,4,1,1,0.716484,6.0358,0.4646,2.058
40,52,in,0.2302,4,2,1,0.720567,5.9643,0.4646,2.058
40,52,in,0.2302,4,3,1,0.725825,33.7656,179.9436,2.058
40,52,in,0.2302,4,4,1,0.722109,36.2145,179.0537,2.058
40,52,in,0.2302,4,5,1,0.701634,32.2590,179.9436,2.058
40,52,in,0.2302,4,6,1,0.716844,12.0357,0.4646,2.058
40,52,in,0.2302,4,7,1,0.705642,32.5223,179.9436,2.058
40,52,in,0.2302,5,0,1,0.770220,0.0476,0.0380,5.893
40,52,in,0.2302,5,1,1,0.693981,6.0409,0.0380,5.893
40,52,in,0.2302,5,2,1,0.695583,5.9592,0.0380,5.893
40,52,in,0.2302,5,3,1,0.711221,34.3559,179.5170,5.893
40,52,in,0.2302,5,4,1,0.705872,36.7925,179.4803,5.893
40,52,in,0.2302,5,5,1,0.701081,32.8450,179.5170,5.893
40,52,in,0.2302,5,6,1,0.694257,12.0409,0.0380,5.893
40,52,in,0.2302,5,7,1,0.688325,33.0413,179.5170,5.893
40,52,in,0.2302,6,0,1,0.724696,0.0464,0.7480,1.605
40,52,in,0.2302,6,1,1,0.688603,6.0567,0.2546,1.605
40,52,in,0.2302,6,2,1,0.681400,6.0433,0.7480,1.605
40,52,in,0.2302,6,3,1,0.687879,34.9882,179.7337,1.605
40,52,in,0.2302,6,4,1,0.683587,37.4183,179.7337,1.605
40,52,in,0.2302,6,5,1,0.683555,33.4654,179.7337,1.605
40,52,in,0.2302,6,6,1,0.688228,11.9567,0.7480,1.605
40,52,in,0.2302,6,7,1,0.663321,33.5774,179.7337,1.605
40,52,in,0.2302,7,0,1,0.761162,0.0502,0.5203,10.274
40,52,in,0.2302,7,1,1,0.708794,5.9574,0.5203,10.274
40,52,in,0.2302,7,2,1,0.682014,6.0477,0.5203,10.274
40,52,in,0.2302,7,3,1,0.690520,35.5879,179.9614,10.274
40,52,in,0.2302,7,4,1,0.701546,38.0029,179.9614,10.274
40,52,in,0.2302,7,5,1,0.669334,34.0658,179.9614,10.274
40,52,in,0.2302,7,6,1,0.680883,11.9523,0.5203,10.274
40,52,in,0.2302,7,7,1,0.678614,34.1240,179.9614,10.274
40,52,in,0.2302,8,0,1,0.720141,0.0425,0.2147,1.723
40,52,in,0.2302,8,1,1,0.623306,6.0465,0.2147,1.723
40,52,in,0.2302,8,2,1,0.623346,5.9587,0.2147,1.723
40,52,in,0.2302,8,3,1,0.636260,36.1934,179.6937,1.723
40,52,in,0.2302,8,4,1,0.644203,38.5935,179.6937,1.723
40,52,in,0.2302,8,5,1,0.623784,34.6723,179.6937,1.723
40,52,in,0.2302,8,6,1,0.625501,12.0413,0.2147,1.723
40,52,in,0.2302,8,7,1,0.617056,34.6783,179.6937,1.723
40,52,in,0.2302,9,0,1,0.735294,0.0497,0.0382,5.685
40,52,in,0.2302,9,1,1,0.668986,6.0538,0.0382,5.685
40,52,in,0.2302,9,2,1,0.653569,5.9513,0.0382,5.685
40,52,in,0.2302,9,3,1,0.660674,36.7507,179.4801,5.685
40,52,in,0.2302,9,4,1,0.663052,39.1627,179.5172,5.685
40,52,in,0.2302,9,5,1,0.651105,35.2538,179.5172,5.685
40,52,in,0.2302,9,6,1,0.662242,12.0487,0.0382,5.685
40,52,in,0.2302,9,7,1,0.641222,35.2599,179.4801,5.685
40,52,in,0.2302,10,0,1,0.763896,0.0391,0.2197,1.794
40,52,in,0.2302,10,1,1,0.673126,6.0430,0.2197,1.794
40,52,in,0.2302,10,2,1,0.660501,5.9621,0.2197,1.794
40,52,in,0.2302,10,3,1,0.672505,37.3548,179.7380,1.794
40,52,in,0.2302,10,4,1,0.633539,39.7175,179.7380,1.794
40,52,in,0.2302,10,5,1,0.663083,35.8462,179.7380,1.794
40,52,in,0.2302,10,6,1,0.672030,12.0379,0.2197,1.794
40,52,in,0.2302,10,7,1,0.661021,35.7816,179.7380,1.794
40,52,in,0.2302,11,0,1,0.778880,0.0741,0.2137,1.459
40,52,in,0.2302,11,1,1,0.682520,5.9312,0.2137,1.459
40,52,in,0.2302,11,2,1,0.671772,6.0739,0.2137,1.459
40,52,in,0.2302,11,3,1,0.686392,37.9622,179.7320,1.459
40,52,in,0.2302,11,4,1,0.665612,40.3248,179.7320,1.459
40,52,in,0.2302,11,5,1,0.680012,36.4395,179.7320,1.459
40,52,in,0.2302,11,6,1,0.672545,11.9261,0.2137,1.459
40,52,in,0.2302,11,7,1,0.661408,36.2971,179.7320,1.459
40,53,out,0.0861,0,0,1,0.889828,0.0519,0.2369,461.880
40,53,out,0.0861,0,1,1,0.794378,30.4213,0.7658,461.880
40,53,out,0.0861,0,2,1,0.770852,41.5345,179.7159,461.880
40,53,out,0.0861,0,3,1,0.766657,35.1427,179.7159,461.880
40,53,out,0.0861,0,4,1,0.764286,38.0008,179.7159,461.880
40,53,out,0.0861,0,5,1,0.763862,33.1353,179.7159,461.880
40,53,out,0.0861,0,6,1,0.763528,32.1387,179.7159,461.880
40,53,out,0.0861,0,7,1,0.760769,18.4213,0.7658,461.880
40,53,out,0.0861,1,0,1,0.883575,0.0590,0.0272,2.595
40,53,out,0.0861,1,1,1,0.784731,30.4313,0.0272,2.595
40,53,out,0.0861,1,2,1,0.761373,41.1086,179.5062,2.595
40,53,out,0.0861,1,3,1,0.763258,34.8479,179.5062,2.595
40,53,out,0.0861,1,4,1,0.756008,37.6317,179.5062,2.595
40,53,out,0.0861,1,5,1,0.762259,32.9334,179.5062,2.595
40,53,out,0.0861,1,6,1,0.757135,32.0444,179.5062,2.595
40,53,out,0.0861,1,7,1,0.758024,18.4314,0.0272,2.595
40,53,out,0.0861,2,0,1,0.873105,0.0562,0.2272,1.653
40,53,out,0.0861,2,1,1,0.809426,30.4251,0.2272,1.653
40,53,out,0.0861,2,2,1,0.779616,40.7001,179.2518,1.653
40,53,out,0.0861,2,3,1,0.776959,34.5711,179.2518,1.653
40,53,out,0.0861,2,4,1,0.780250,37.2804,179.2518,1.653
40,53,out,0.0861,2,5,1,0.778308,32.7490,179.2518,1.653
40,53,out,0.0861,2,6,1,0.770387,31.9660,179.2518,1.653
40,53,out,0.0861,2,7,1,0.773378,18.4251,0.2272,1.653
40,53,out,0.0861,3,0,1,0.885127,0.0518,0.5146,1.294
40,53,out,0.0861,3,1,1,0.819469,30.4218,0.5146,1.294
40,53,out,0.0861,3,2,1,0.782702,40.6996,179.9671,1.294
40,53,out,0.0861,3,3,1,0.784340,34.5694,179.9671,1.294
40,53,out,0.0861,3,4,1,0.780442,37.2794,179.9671,1.294
40,53,out,0.0861,3,5,1,0.778243,32.7465,179.9671,1.294
40,53,out,0.0861,3,6,1,0.781786,31.9629,179.9671,1.294
40,53,out,0.0861,3,7,1,0.778758,18.4218,0.5146,1.294
40,53,out,0.0861,4,0,1,0.878198,0.0641,0.1345,1.646
40,53,out,0.0861,4,1,1,0.771347,30.4278,0.1345,1.646
40,53,out,0.0861,4,2,1,0.733567,41.1142,179.3445,1.646
40,53,out,0.0861,4,3,1,0.739032,34.8605,179.3445,1.646
40,53,out,0.0861,4,4,1,0.729279,37.6406,179.3445,1.646
40,53,out,0.0861,4,5,1,0.738312,32.9499,179.3445,1.646
40,53,out,0.0861,4,6,1,0.722738,32.0646,179.3445,1.646
40,53,out,0.0861,4,7,1,0.730813,18.4278,0.1345,1.646
40,53,out,0.0861,5,0,1,0.925710,0.0474,0.1082,1.596
40,53,out,0.0861,5,1,1,0.841545,30.4358,0.1082,1.596
40,53,out,0.0861,5,2,1,0.801322,41.6051,179.5872,1.596
40,53,out,0.0861,5,3,1,0.801483,35.2392,179.5872,1.596
40,53,out,0.0861,5,4,1,0.803583,38.0841,179.5872,1.596
40,53,out,0.0861,5,5,1,0.801328,33.2447,179.5872,1.596
40,53,out,0.0861,5,6,1,0.800776,32.2586,179.5872,1.596
40,53,out,0.0861,5,7,1,0.801268,18.4358,0.1082,1.596
40,53,out,0.0861,6,0,1,0.890882,0.0494,0.4165,1.859
40,53,out,0.0861,6,1,1,0.803593,30.4370,0.4165,1.859
40,53,out,0.0861,6,2,1,0.749272,42.0245,179.9348,1.859
40,53,out,0.0861,6,3,1,0.765760,35.5323,179.9348,1.859
40,53,out,0.0861,6,4,1,0.764524,38.4487,179.9348,1.859
40,53,out,0.0861,6,5,1,0.757432,33.4483,179.9348,1.859
40,53,out,0.0861,6,6,1,0.763565,32.3579,179.9348,1.859
40,53,out,0.0861,6,7,1,0.755187,18.4370,0.4165,1.859
40,53,out,0.0861,7,0,1,0.885287,0.0783,0.3743,5.662
40,53,out,0.0861,7,1,1,0.798012,30.4556,0.6283,5.662
40,53,out,0.0861,7,2,1,0.767838,42.3349,179.8534,5.662
40,53,out,0.0861,7,3,1,0.768112,35.7041,179.8534,5.662
40,53,out,0.0861,7,4,1,0.767996,38.6977,179.8534,5.662
40,53,out,0.0861,7,5,1,0.768594,33.5269,179.8534,5.662
40,53,out,0.0861,7,6,1,0.778325,32.3315,179.8534,5.662
40,53,out,0.0861,7,7,1,0.756385,18.4556,0.3743,5.662
40,53,out,0.0861,8,0,1,0.867560,0.0688,0.4609,1.672
40,53,out,0.0861,8,1,1,0.773260,30.4566,0.4609,1.672
40,53,out,0.0861,8,2,1,0.735285,42.8187,179.9399,1.672
40,53,out,0.0861,8,3,1,0.633398,35.9891,179.9399,1.672
40,53,out,0.0861,8,4,1,0.735908,39.1349,179.9399,1.672
40,53,out,0.0861,8,5,1,0.730562,33.8192,179.9399,1.672
40,53,out,0.0861,8,6,1,0.735247,32.5245,179.9399,1.672
40,53,out,0.0861,8,7,1,0.700633,18.4566,0.5418,1.672
40,53,out,0.0861,9,0,1,0.887354,0.0490,0.3083,1.739
40,53,out,0.0861,9,1,1,0.772284,30.4575,0.3083,1.739
40,53,out,0.0861,9,2,1,0.719691,43.2571,179.8266,1.739
40,53,out,0.0861,9,3,1,0.701050,36.4484,179.8266,1.739
40,53,out,0.0861,9,4,1,0.727251,39.5240,179.8266,1.739
40,53,out,0.0861,9,5,1,0.725007,34.0602,179.8266,1.739
40,53,out,0.0861,9,6,1,0.729320,32.6660,179.8266,1.739
40,53,out,0.0861,9,7,1,0.718296,18.4571,0.3083,1.739
40,53,out,0.0861,10,0,1,0.873413,0.0576,0.1487,1.688
40,53,out,0.0861,10,1,1,0.781190,30.4571,0.1487,1.688
40,53,out,0.0861,10,2,1,0.709287,43.7715,179.6277,1.688
40,53,out,0.0861,10,3,1,0.726079,36.8276,179.6277,1.688
40,53,out,0.0861,10,4,1,0.729392,40.0013,179.6277,1.688
40,53,out,0.0861,10,5,1,0.719853,34.4155,179.6277,1.688
40,53,out,0.0861,10,6,1,0.727461,32.9331,179.6277,1.688
40,53,out,0.0861,10,7,1,0.725259,18.4568,0.1487,1.688
40,53,out,0.0861,11,0,1,0.885959,0.0389,0.1114,1.582
40,53,out,0.0861,11,1,1,0.748110,30.4642,0.1114,1.582
40,53,out,0.0861,11,2,1,0.711635,44.2931,179.6296,1.582
40,53,out,0.0861,11,3,1,0.709742,37.2654,179.6296,1.582
40,53,out,0.0861,11,4,1,0.707333,40.4882,179.6296,1.582
40,53,out,0.0861,11,5,1,0.714554,34.7868,179.6296,1.582
40,53,out,0.0861,11,6,1,0.710336,33.2195,179.6296,1.582
40,53,out,0.0861,11,7,1,0.721640,18.4638,0.1114,1.582
40,54,in,0.4575,0,0,1,0.596730,0.0620,0.0155,1076.753
40,54,in,0.4575,0,1,1,0.588372,6.0099,1.0182,1076.753
40,54,in,0.4575,0,2,1,0.569511,28.7596,179.5028,1076.753
40,54,in,0.4575,0,3,1,0.568571,18.0098,1.0182,1076.753
40,54,in,0.4575,0,4,1,0.566376,5.9905,0.0155,1076.753
40,54,in,0.4575,0,5,1,0.564115,27.1299,178.5001,1076.753
40,54,in,0.4575,0,6,1,0.563246,12.0100,0.0155,1076.753
40,54,in,0.4575,0,7,1,0.551606,26.7759,179.5028,1076.753
40,54,in,0.4575,1,0,1,0.605622,0.0275,0.0826,6.670
40,54,in,0.4575,1,1,1,0.567078,6.0075,0.9201,6.670
40,54,in,0.4575,1,2,1,0.568146,28.5129,179.6009,6.670
40,54,in,0.4575,1,3,1,0.567319,18.0075,0.9201,6.670
40,54,in,0.4575,1,4,1,0.551264,5.9924,0.9201,6.670
40,54,in,0.4575,1,5,1,0.581233,27.0071,179.6009,6.670
40,54,in,0.4575,1,6,1,0.557601,12.0077,0.0826,6.670
40,54,in,0.4575,1,7,1,0.556862,26.7811,179.6009,6.670
40,54,in,0.4575,2,0,1,0.505561,0.0251,0.3404,2.120
40,54,in,0.4575,2,1,1,0.488154,6.0164,0.3404,2.120
40,54,in,0.4575,2,2,1,0.462216,28.1657,179.8194,2.120
40,54,in,0.4575,2,3,1,0.472461,18.0164,0.3404,2.120
40,54,in,0.4575,2,4,1,0.479752,5.9835,0.3404,2.120
40,54,in,0.4575,2,5,1,0.476175,26.7671,179.8194,2.120
40,54,in,0.4575,2,6,1,0.480603,12.0179,0.3404,2.120
40,54,in,0.4575,2,7,1,0.498257,26.6663,179.8194,2.120
40,54,in,0.4575,3,0,1,0.575406,0.0415,1.1160,6.668
40,54,in,0.4575,3,1,1,0.526476,6.0306,0.1133,6.668
40,54,in,0.4575,3,2,1,0.533615,27.8293,179.4050,6.668
40,54,in,0.4575,3,3,1,0.524300,18.0305,0.1133,6.668
40,54,in,0.4575,3,4,1,0.530526,5.9694,1.1160,6.668
40,54,in,0.4575,3,5,1,0.526180,26.5412,179.4050,6.668
40,54,in,0.4575,3,6,1,0.519726,12.0320,1.1160,6.668
40,54,in,0.4575,3,7,1,0.523771,26.5678,179.4050,6.668
40,54,in,0.4575,4,0,1,0.567391,0.0448,0.0590,7.398
40,54,in,0.4575,4,1,1,0.553452,6.0360,0.0590,7.398
40,54,in,0.4575,4,2,1,0.535462,27.6048,179.4593,7.398
40,54,in,0.4575,4,3,1,0.523635,18.0360,0.0590,7.398
40,54,in,0.4575,4,4,1,0.507686,5.9643,0.0590,7.398
40,54,in,0.4575,4,5,1,0.526051,26.4407,179.5380,7.398
40,54,in,0.4575,4,6,1,0.517260,12.0371,0.0590,7.398
40,54,in,0.4575,4,7,1,0.510320,26.6016,179.4593,7.398
40,54,in,0.4575,5,0,1,0.603274,0.0549,0.1752,2.696
40,54,in,0.4575,5,1,1,0.589802,6.0367,0.1752,2.696
40,54,in,0.4575,5,2,1,0.576991,27.3590,179.3431,2.696
40,54,in,0.4575,5,3,1,0.556098,18.0366,0.1752,2.696
40,54,in,0.4575,5,4,1,0.548398,5.9638,0.1752,2.696
40,54,in,0.4575,5,5,1,0.565792,26.3151,179.3431,2.696
40,54,in,0.4575,5,6,1,0.551348,12.0377,1.1779,2.696
40,54,in,0.4575,5,7,1,0.580910,26.6166,179.3431,2.696
40,54,in,0.4575,6,0,1,0.584554,0.0522,0.4741,7.002
40,54,in,0.4575,6,1,1,0.565846,6.0304,0.5286,7.002
40,54,in,0.4575,6,2,1,0.561609,27.2070,179.9924,7.002
40,54,in,0.4575,6,3,1,0.545507,18.0304,0.5286,7.002
40,54,in,0.4575,6,4,1,0.539756,5.9700,0.5286,7.002
40,54,in,0.4575,6,5,1,0.568905,26.1943,179.9924,7.002
40,54,in,0.4575,6,6,1,0.574317,12.0307,0.4741,7.002
40,54,in,0.4575,6,7,1,0.550260,26.6327,179.9924,7.002
40,54,in,0.4575,7,0,1,0.601610,0.0417,0.3447,6.527
40,54,in,0.4575,7,1,1,0.530933,6.0023,0.3447,6.527
40,54,in,0.4575,7,2,1,0.503188,26.8229,179.1736,6.527
40,54,in,0.4575,7,3,1,0.501956,18.0022,0.3447,6.527
40,54,in,0.4575,7,4,1,0.519520,5.9981,0.3447,6.527
40,54,in,0.4575,7,5,1,0.510221,26.0377,179.1736,6.527
40,54,in,0.4575,7,6,1,0.516492,12.0038,0.3447,6.527
40,54,in,0.4575,7,7,1,0.508515,26.6167,179.1736,6.527
40,54,in,0.4575,8,0,1,0.551561,0.0438,0.3997,2.463
40,54,in,0.4575,8,1,1,0.523416,5.9934,0.6030,2.463
40,54,in,0.4575,8,2,1,0.523389,26.5572,179.8787,2.463
40,54,in,0.4575,8,3,1,0.517239,17.9933,0.6030,2.463
40,54,in,0.4575,8,4,1,0.501609,6.0070,0.6030,2.463
40,54,in,0.4575,8,5,1,0.513585,25.9019,179.8787,2.463
40,54,in,0.4575,8,6,1,0.525033,11.9949,0.6030,2.463
40,54,in,0.4575,8,7,1,0.532537,26.6183,179.8787,2.463
40,54,in,0.4575,9,0,1,0.584525,0.0457,0.1919,6.455
40,54,in,0.4575,9,1,1,0.526482,5.9874,0.1919,6.455
40,54,in,0.4575,9,2,1,0.555653,26.3453,179.2872,6.455
40,54,in,0.4575,9,3,1,0.529627,17.9873,0.1919,6.455
40,54,in,0.4575,9,4,1,0.517254,6.0131,0.1919,6.455
40,54,in,0.4575,9,5,1,0.528049,25.8246,179.7102,6.455
40,54,in,0.4575,9,6,1,0.536515,11.9888,0.1919,6.455
40,54,in,0.4575,9,7,1,0.537841,26.6785,179.2872,6.455
40,54,in,0.4575,10,0,1,0.588839,0.0442,0.4277,6.600
40,54,in,0.4575,10,1,1,0.549472,5.9786,0.4277,6.600
40,54,in,0.4575,10,2,1,0.573053,26.0802,179.9067,6.600
40,54,in,0.4575,10,3,1,0.550216,17.9785,0.5750,6.600
40,54,in,0.4575,10,4,1,0.543724,6.0220,0.4277,6.600
40,54,in,0.4575,10,5,1,0.547291,25.6893,179.9067,6.600
40,54,in,0.4575,10,6,1,0.553537,11.9800,0.5750,6.600
40,54,in,0.4575,10,7,1,0.556621,26.6680,179.9067,6.600
40,54,in,0.4575,11,0,1,0.608889,0.0377,0.0893,1.991
40,54,in,0.4575,11,1,1,0.576136,5.9827,0.9134,1.991
40,54,in,0.4575,11,2,1,0.592928,25.6548,179.6076,1.991
40,54,in,0.4575,11,3,1,0.592471,17.9857,0.0893,1.991
40,54,in,0.4575,11,4,1,0.560586,6.0178,0.9134,1.991
40,54,in,0.4575,11,5,1,0.575095,25.3733,179.6076,1.991
40,54,in,0.4575,11,6,1,0.587083,11.9872,0.0893,1.991
40,54,in,0.4575,11,7,1,0.551543,26.4749,179.6076,1.991
40,55,out,0.7591,0,-1,0,0,0,0,3944.413
40,55,out,0.7591,1,-1,0,0,0,0,0.000
40,55,out,0.7591,2,-1,0,0,0,0,0.000
40,55,out,0.7591,3,-1,0,0,0,0,0.000
40,55,out,0.7591,4,-1,0,0,0,0,0.000
40,55,out,0.7591,5,-1,0,0,0,0,0.000
40,55,out,0.7591,6,-1,0,0,0,0,0.000
40,55,out,0.7591,7,-1,0,0,0,0,0.000
40,55,out,0.7591,8,-1,0,0,0,0,0.000
40,55,out,0.7591,9,-1,0,0,0,0,0.000
40,55,out,0.7591,10,-1,0,0,0,0,0.000
40,55,out,0.7591,11,-1,0,0,0,0,0.000
40,56,in,0.3236,0,0,1,0.682782,0.0554,0.1620,688.296
40,56,in,0.3236,0,1,1,0.559570,10.0039,179.6803,688.296
40,56,in,0.3236,0,2,1,0.558972,22.1785,179.6803,688.296
40,56,in,0.3236,0,3,1,0.556591,11.9941,0.1620,688.296
40,56,in,0.3236,0,4,1,0.549500,10.1127,179.6803,688.296
40,56,in,0.3236,0,5,1,0.547350,14.7325,0.1620,688.296
40,56,in,0.3236,0,6,1,0.545598,17.9941,0.1620,688.296
40,56,in,0.3236,0,7,1,0.543489,10.3668,179.6803,688.296
40,56,in,0.3236,1,0,1,0.726803,0.0443,0.4492,6.995
40,56,in,0.3236,1,1,1,0.553101,9.9609,179.9282,6.995
40,56,in,0.3236,1,2,1,0.550833,21.9365,179.0691,6.995
40,56,in,0.3236,1,3,1,0.538146,12.0935,0.4492,6.995
40,56,in,0.3236,1,4,1,0.538376,10.0151,179.0691,6.995
40,56,in,0.3236,1,5,1,0.525059,14.6359,1.4519,6.995
40,56,in,0.3236,1,6,1,0.525214,17.9935,0.5535,6.995
40,56,in,0.3236,1,7,1,0.520849,10.1147,178.0664,6.995
40,56,in,0.3236,2,0,1,0.613974,0.0419,0.1716,7.230
40,56,in,0.3236,2,1,1,0.479177,9.9327,178.3441,7.230
40,56,in,0.3236,2,2,1,0.468227,21.8580,177.3414,7.230
40,56,in,0.3236,2,3,1,0.466679,12.1075,2.1769,7.230
40,56,in,0.3236,2,4,1,0.451077,10.0659,177.3414,7.230
40,56,in,0.3236,2,5,1,0.458737,14.4830,2.1769,7.230
40,56,in,0.3236,2,6,1,0.448223,18.1015,2.1769,7.230
40,56,in,0.3236,2,7,1,0.436535,10.0274,177.3414,7.230
40,56,in,0.3236,3,0,1,0.639082,0.0302,0.0907,7.362
40,56,in,0.3236,3,1,1,0.462879,10.1053,178.6063,7.362
40,56,in,0.3236,3,2,1,0.470332,21.9839,179.6090,7.362
40,56,in,0.3236,3,3,1,0.452064,12.1243,0.9120,7.362
40,56,in,0.3236,3,4,1,0.470448,10.3600,177.6036,7.362
40,56,in,0.3236,3,5,1,0.429061,14.3817,1.9147,7.362
40,56,in,0.3236,3,6,1,0.433439,18.0192,0.0907,7.362
40,56,in,0.3236,3,7,1,0.433454,10.0269,178.6063,7.362
40,56,in,0.3236,4,0,1,0.680400,0.0264,0.5526,7.465
40,56,in,0.3236,4,1,1,0.440782,10.3377,179.9684,7.465
40,56,in,0.3236,4,2,1,0.467334,21.9534,179.9684,7.465
40,56,in,0.3236,4,3,1,0.445453,12.0252,0.5526,7.465
40,56,in,0.3236,4,4,1,0.488550,10.3804,179.9684,7.465
40,56,in,0.3236,4,5,1,0.444987,14.3852,1.4528,7.465
40,56,in,0.3236,4,6,1,0.437937,18.0143,0.4501,7.465
40,56,in,0.3236,4,7,1,0.446144,9.6863,179.9684,7.465
40,56,in,0.3236,5,0,1,0.657642,0.0345,0.3641,3.090
40,56,in,0.3236,5,1,1,0.471738,10.4183,179.8432,3.090
40,56,in,0.3236,5,2,1,0.502723,21.8745,179.8432,3.090
40,56,in,0.3236,5,3,1,0.469695,12.0288,0.6385,3.090
40,56,in,0.3236,5,4,1,0.509449,10.7541,179.8432,3.090
40,56,in,0.3236,5,5,1,0.438837,14.1399,0.6385,3.090
40,56,in,0.3236,5,6,1,0.421007,18.0130,0.6385,3.090
40,56,in,0.3236,5,7,1,0.445843,9.8684,179.8432,3.090
40,56,in,0.3236,6,0,1,0.676114,0.0350,0.0982,7.434
40,56,in,0.3236,6,1,1,0.440811,10.2887,178.3781,7.434
40,56,in,0.3236,6,2,1,0.504672,21.7333,179.3808,7.434
40,56,in,0.3236,6,3,1,0.459556,12.2344,2.1036,7.434
40,56,in,0.3236,6,4,1,0.492350,10.8330,178.3781,7.434
40,56,in,0.3236,6,5,1,0.438742,14.1592,2.1036,7.434
40,56,in,0.3236,6,6,1,0.426517,18.0186,0.0982,7.434
40,56,in,0.3236,6,7,1,0.415518,9.5121,178.3781,7.434
40,56,in,0.3236,7,0,1,0.737760,0.0335,0.1196,6.916
40,56,in,0.3236,7,1,1,0.472969,10.5976,179.3594,6.916
40,56,in,0.3236,7,2,1,0.564751,21.6373,179.6379,6.916
40,56,in,0.3236,7,3,1,0.449573,12.1278,2.1250,6.916
40,56,in,0.3236,7,4,1,0.591977,11.0928,179.3594,6.916
40,56,in,0.3236,7,5,1,0.447964,13.8284,0.1196,6.916
40,56,in,0.3236,7,6,1,0.426213,18.0219,0.1196,6.916
40,56,in,0.3236,7,7,1,0.431417,9.5986,179.3594,6.916
40,56,in,0.3236,8,0,1,0.633695,0.0418,0.2946,16.257
40,56,in,0.3236,8,1,1,0.430146,10.6042,179.1845,16.257
40,56,in,0.3236,8,2,1,0.500977,21.6333,179.1845,16.257
40,56,in,0.3236,8,3,1,0.419594,12.1262,1.2972,16.257
40,56,in,0.3236,8,4,1,0.524608,11.0141,179.1845,16.257
40,56,in,0.3236,8,5,1,0.431569,13.6883,0.2946,16.257
40,56,in,0.3236,8,6,1,0.401474,18.0209,0.2946,16.257
40,56,in,0.3236,8,7,1,0.385962,9.5137,179.1845,16.257
40,56,in,0.3236,9,0,1,0.674876,0.0394,0.5100,15.104
40,56,in,0.3236,9,1,1,0.493901,10.5340,179.9891,15.104
40,56,in,0.3236,9,2,1,0.533511,21.4597,178.9864,15.104
40,56,in,0.3236,9,3,1,0.482978,12.0406,0.5100,15.104
40,56,in,0.3236,9,4,1,0.510890,10.9836,179.9891,15.104
40,56,in,0.3236,9,5,1,0.489728,13.7265,1.4953,15.104
40,56,in,0.3236,9,6,1,0.452892,18.0301,0.5100,15.104
40,56,in,0.3236,9,7,1,0.457412,9.7365,179.9891,15.104
40,56,in,0.3236,10,0,1,0.715308,0.0420,0.6711,3.173
40,56,in,0.3236,10,1,1,0.504414,10.5522,178.8472,3.173
40,56,in,0.3236,10,2,1,0.544080,21.9322,179.8499,3.173
40,56,in,0.3236,10,3,1,0.488528,12.0407,0.3316,3.173
40,56,in,0.3236,10,4,1,0.540249,10.7804,177.1421,3.173
40,56,in,0.3236,10,5,1,0.518121,13.6018,2.3370,3.173
40,56,in,0.3236,10,6,1,0.476628,18.0302,0.6711,3.173
40,56,in,0.3236,10,7,1,0.471338,9.9707,179.1474,3.173
40,56,in,0.3236,11,0,1,0.721992,0.0439,0.2929,7.317
40,56,in,0.3236,11,1,1,0.493166,10.3498,179.2254,7.317
40,56,in,0.3236,11,2,1,0.540997,22.0453,179.7719,7.317
40,56,in,0.3236,11,3,1,0.504819,12.0548,0.2929,7.317
40,56,in,0.3236,11,4,1,0.521703,10.7223,179.7719,7.317
40,56,in,0.3236,11,5,1,0.514226,13.7923,0.2929,7.317
40,56,in,0.3236,11,6,1,0.464184,18.0406,0.2929,7.317
40,56,in,0.3236,11,7,1,0.477597,9.9617,178.2227,7.317
40,57,out,0.2890,0,0,1,0.721649,0.0506,0.5261,638.424
40,57,out,0.2890,0,1,1,0.629012,2.0043,0.5261,638.424
40,57,out,0.2890,0,2,1,0.614540,22.1261,0.4766,638.424
40,57,out,0.2890,0,3,1,0.614489,3.1041,0.5261,638.424
40,57,out,0.2890,0,4,1,0.611870,6.8001,0.5261,638.424
40,57,out,0.2890,0,5,1,0.609097,21.6689,179.9556,638.424
40,57,out,0.2890,0,6,1,0.608060,6.0904,0.4766,638.424
40,57,out,0.2890,0,7,1,0.607979,1.7970,0.5261,638.424
40,57,out,0.2890,1,0,1,0.662302,0.0540,0.5084,2.862
40,57,out,0.2890,1,1,1,0.551017,2.1055,0.5084,2.862
40,57,out,0.2890,1,2,1,0.529234,22.3041,1.4969,2.862
40,57,out,0.2890,1,3,1,0.555263,2.9053,0.5084,2.862
40,57,out,0.2890,1,4,1,0.548598,6.8036,0.5084,2.862
40,57,out,0.2890,1,5,1,0.572307,22.2093,179.9733,2.862
40,57,out,0.2890,1,6,1,0.538650,6.0649,0.5084,2.862
40,57,out,0.2890,1,7,1,0.553199,1.5961,0.5084,2.862
40,57,out,0.2890,2,0,1,0.770143,0.0521,0.2560,2.001
40,57,out,0.2890,2,1,1,0.592240,2.0090,0.2560,2.001
40,57,out,0.2890,2,2,1,0.596919,22.4816,0.2560,2.001
40,57,out,0.2890,2,3,1,0.586269,2.7089,1.2587,2.001
40,57,out,0.2890,2,4,1,0.584296,6.6713,0.2560,2.001
40,57,out,0.2890,2,5,1,0.646207,22.7095,179.2230,2.001
40,57,out,0.2890,2,6,1,0.601661,6.0500,1.2587,2.001
40,57,out,0.2890,2,7,1,0.596726,1.7924,0.2560,2.001
40,57,out,0.2890,3,0,1,0.704783,0.0499,0.5214,2.324
40,57,out,0.2890,3,1,1,0.550517,1.7065,0.5214,2.324
40,57,out,0.2890,3,2,1,0.581528,22.6620,0.5214,2.324
40,57,out,0.2890,3,3,1,0.536533,3.0113,0.5214,2.324
40,57,out,0.2890,3,4,1,0.536517,6.7113,0.5214,2.324
40,57,out,0.2890,3,5,1,0.590131,23.2056,179.9603,2.324
40,57,out,0.2890,3,6,1,0.579930,6.0487,0.4813,2.324
40,57,out,0.2890,3,7,1,0.546444,2.0948,0.5214,2.324
40,57,out,0.2890,4,0,1,0.693544,0.0521,0.1829,2.816
40,57,out,0.2890,4,1,1,0.492835,1.5198,1.1856,2.816
40,57,out,0.2890,4,2,1,0.535610,22.7136,0.1829,2.816
40,57,out,0.2890,4,3,1,0.483359,2.8246,0.1829,2.816
40,57,out,0.2890,4,4,1,0.488097,6.8054,0.1829,2.816
40,57,out,0.2890,4,5,1,0.550562,23.6774,179.7012,2.816
40,57,out,0.2890,4,6,1,0.537913,6.0468,0.8198,2.816
40,57,out,0.2890,4,7,1,0.512150,2.0815,0.1829,2.816
40,57,out,0.2890,5,0,1,0.680108,0.0498,0.7321,2.287
40,57,out,0.2890,5,1,1,0.499808,1.2145,0.7321,2.287
40,57,out,0.2890,5,2,1,0.542834,22.9041,0.7321,2.287
40,57,out,0.2890,5,3,1,0.482995,3.0141,0.7321,2.287
40,57,out,0.2890,5,4,1,0.502577,6.7560,0.2705,2.287
40,57,out,0.2890,5,5,1,0.526366,24.2130,179.7496,2.287
40,57,out,0.2890,5,6,1,0.538631,6.0457,0.7321,2.287
40,57,out,0.2890,5,7,1,0.491238,1.7922,0.7321,2.287
40,57,out,0.2890,6,0,1,0.677574,0.0560,0.7663,3.217
40,57,out,0.2890,6,1,1,0.457384,1.5223,1.2391,3.217
40,57,out,0.2890,6,2,1,0.476621,22.7135,1.2391,3.217
40,57,out,0.2890,6,3,1,0.453026,3.0223,0.7663,3.217
40,57,out,0.2890,6,4,1,0.455220,6.8448,0.2364,3.217
40,57,out,0.2890,6,5,1,0.508789,24.7698,179.7547,3.217
40,57,out,0.2890,6,6,1,0.489883,6.0431,1.2391,3.217
40,57,out,0.2890,6,7,1,0.465706,1.6840,1.2391,3.217
40,57,out,0.2890,7,0,1,0.702626,0.0432,0.0122,2.511
40,57,out,0.2890,7,1,1,0.520306,1.6274,0.9905,2.511
40,57,out,0.2890,7,2,1,0.508503,22.7704,1.0149,2.511
40,57,out,0.2890,7,3,1,0.511431,3.3177,1.9932,2.511
40,57,out,0.2890,7,4,1,0.510880,6.8422,0.9905,2.511
40,57,out,0.2890,7,5,1,0.536364,25.3275,179.4669,2.511
40,57,out,0.2890,7,6,1,0.527118,6.0421,0.9905,2.511
40,57,out,0.2890,7,7,1,0.494587,1.5788,0.9905,2.511
40,57,out,0.2890,8,0,1,0.731806,0.0299,0.1049,2.324
40,57,out,0.2890,8,1,1,0.516491,1.4187,1.1076,2.324
40,57,out,0.2890,8,2,1,0.491303,22.5791,0.1049,2.324
40,57,out,0.2890,8,3,1,0.493432,3.0038,0.1049,2.324
40,57,out,0.2890,8,4,1,0.477731,6.7336,1.1076,2.324
40,57,out,0.2890,8,5,1,0.546692,25.8951,179.4134,2.324
40,57,out,0.2890,8,6,1,0.525854,6.0273,0.1049,2.324
40,57,out,0.2890,8,7,1,0.507893,1.2869,0.1049,2.324
40,57,out,0.2890,9,0,1,0.660649,0.0616,0.0607,3.042
40,57,out,0.2890,9,1,1,0.488325,1.4294,0.9419,3.042
40,57,out,0.2890,9,2,1,0.492866,22.6420,0.0607,3.042
40,57,out,0.2890,9,3,1,0.455963,3.3187,1.0634,3.042
40,57,out,0.2890,9,4,1,0.458748,6.7046,1.0634,3.042
40,57,out,0.2890,9,5,1,0.481393,26.4198,179.4576,3.042
40,57,out,0.2890,9,6,1,0.478845,6.0422,1.0634,3.042
40,57,out,0.2890,9,7,1,0.496678,1.5731,0.9419,3.042
40,57,out,0.2890,10,0,1,0.744843,0.0586,0.3814,2.458
40,57,out,0.2890,10,1,1,0.514931,1.3503,0.3814,2.458
40,57,out,0.2890,10,2,1,0.490070,22.4526,0.3814,2.458
40,57,out,0.2890,10,3,1,0.500048,3.6306,0.6212,2.458
40,57,out,0.2890,10,4,1,0.486887,6.7067,0.6212,2.458
40,57,out,0.2890,10,5,1,0.570109,27.0880,179.8997,2.458
40,57,out,0.2890,10,6,1,0.535265,6.0389,0.3814,2.458
40,57,out,0.2890,10,7,1,0.531095,1.5521,0.3814,2.458
40,57,out,0.2890,11,0,1,0.668230,0.0823,0.9165,2.200
40,57,out,0.2890,11,1,1,0.443869,1.6465,0.9165,2.200
40,57,out,0.2890,11,2,1,0.457862,22.2008,0.9165,2.200
40,57,out,0.2890,11,3,1,0.451046,3.9226,0.9165,2.200
40,57,out,0.2890,11,4,1,0.433973,6.5720,0.9165,2.200
40,57,out,0.2890,11,5,1,0.470659,27.6790,178.6018,2.200
40,57,out,0.2890,11,6,1,0.471030,5.9445,0.9165,2.200
40,57,out,0.2890,11,7,1,0.455917,1.8556,0.9165,2.200
40,58,in,0.1398,0,0,1,0.824499,0.0331,0.4684,831.674
40,58,in,0.1398,0,1,1,0.713747,10.8555,179.9474,831.674
40,58,in,0.1398,0,2,1,0.710327,23.5350,179.9474,831.674
40,58,in,0.1398,0,3,1,0.699575,19.0300,179.9474,831.674
40,58,in,0.1398,0,4,1,0.695028,7.6724,179.9474,831.674
40,58,in,0.1398,0,5,1,0.694028,23.2855,179.9474,831.674
40,58,in,0.1398,0,6,1,0.693734,9.8388,0.4684,831.674
40,58,in,0.1398,0,7,1,0.689276,23.2732,179.9474,831.674
40,58,in,0.1398,1,0,1,0.840860,0.0359,0.3464,6.392
40,58,in,0.1398,1,1,1,0.730479,10.4542,179.8254,6.392
40,58,in,0.1398,1,2,1,0.693949,22.9325,179.8254,6.392
40,58,in,0.1398,1,3,1,0.688131,18.8498,179.8254,6.392
40,58,in,0.1398,1,4,1,0.691611,6.9111,179.8254,6.392
40,58,in,0.1398,1,5,1,0.695107,22.9089,179.8254,6.392
40,58,in,0.1398,1,6,1,0.694414,10.0654,0.3464,6.392
40,58,in,0.1398,1,7,1,0.674055,22.6914,179.8254,6.392
40,58,in,0.1398,2,0,1,0.849184,0.0449,0.0427,1.921
40,58,in,0.1398,2,1,1,0.734239,10.0976,179.5217,1.921
40,58,in,0.1398,2,2,1,0.678377,22.4395,179.5217,1.921
40,58,in,0.1398,2,3,1,0.698469,18.6707,179.5217,1.921
40,58,in,0.1398,2,4,1,0.676106,6.0739,179.5217,1.921
40,58,in,0.1398,2,5,1,0.688514,22.5674,179.5217,1.921
40,58,in,0.1398,2,6,1,0.674614,10.0414,0.0427,1.921
40,58,in,0.1398,2,7,1,0.664276,22.2227,179.4756,1.921
40,58,in,0.1398,3,0,1,0.844374,0.0462,0.0699,6.269
40,58,in,0.1398,3,1,1,0.735819,9.8312,179.5490,6.269
40,58,in,0.1398,3,2,1,0.683228,21.8968,179.5490,6.269
40,58,in,0.1398,3,3,1,0.687986,18.7515,179.5490,6.269
40,58,in,0.1398,3,4,1,0.677091,5.6228,179.5490,6.269
40,58,in,0.1398,3,5,1,0.694836,22.3018,179.5490,6.269
40,58,in,0.1398,3,6,1,0.688697,10.2875,0.0699,6.269
40,58,in,0.1398,3,7,1,0.665961,21.7921,179.5490,6.269
40,58,in,0.1398,4,0,1,0.830472,0.0500,0.5960,6.304
40,58,in,0.1398,4,1,1,0.728885,9.4714,179.8857,6.304
40,58,in,0.1398,4,2,1,0.683079,21.3584,179.8857,6.304
40,58,in,0.1398,4,3,1,0.668945,18.6708,178.8830,6.304
40,58,in,0.1398,4,4,1,0.660759,5.2140,179.8857,6.304
40,58,in,0.1398,4,5,1,0.685313,21.9591,179.8857,6.304
40,58,in,0.1398,4,6,1,0.688384,10.2915,0.4067,6.304
40,58,in,0.1398,4,7,1,0.670191,21.2948,179.8857,6.304
40,58,in,0.1398,5,0,1,0.797354,0.0604,0.2229,2.107
40,58,in,0.1398,5,1,1,0.684238,9.0065,179.2561,2.107
40,58,in,0.1398,5,2,1,0.627689,20.7167,179.2561,2.107
40,58,in,0.1398,5,3,1,0.651100,18.1543,179.2561,2.107
40,58,in,0.1398,5,4,1,0.641559,4.5762,179.2561,2.107
40,58,in,0.1398,5,5,1,0.655130,21.4110,179.2561,2.107
40,58,in,0.1398,5,6,1,0.636351,10.2260,0.7798,2.107
40,58,in,0.1398,5,7,1,0.625730,20.7135,179.2561,2.107
40,58,in,0.1398,6,0,1,0.799557,0.0604,0.4936,6.324
40,58,in,0.1398,6,1,1,0.698140,8.5965,179.9881,6.324
40,58,in,0.1398,6,2,1,0.646173,20.1740,179.9881,6.324
40,58,in,0.1398,6,3,1,0.646503,17.8119,179.9881,6.324
40,58,in,0.1398,6,4,1,0.643798,4.3594,178.9855,6.324
40,58,in,0.1398,6,5,1,0.650913,20.9953,179.9881,6.324
40,58,in,0.1398,6,6,1,0.627731,10.4734,0.4936,6.324
40,58,in,0.1398,6,7,1,0.640951,20.1708,179.9881,6.324
40,58,in,0.1398,7,0,1,0.855369,0.0611,0.1560,2.069
40,58,in,0.1398,7,1,1,0.714430,8.1948,179.3230,2.069
40,58,in,0.1398,7,2,1,0.676681,19.5901,179.3230,2.069
40,58,in,0.1398,7,3,1,0.691899,17.3956,179.3230,2.069
40,58,in,0.1398,7,4,1,0.652974,3.8433,179.3230,2.069
40,58,in,0.1398,7,5,1,0.699892,20.5416,179.3230,2.069
40,58,in,0.1398,7,6,1,0.657009,10.7266,0.1560,2.069
40,58,in,0.1398,7,7,1,0.676681,19.5869,179.3230,2.069
40,58,in,0.1398,8,0,1,0.835947,0.0553,0.0734,6.136
40,58,in,0.1398,8,1,1,0.726755,7.8096,179.5524,6.136
40,58,in,0.1398,8,2,1,0.663172,18.9854,179.5524,6.136
40,58,in,0.1398,8,3,1,0.682893,17.1673,179.5524,6.136
40,58,in,0.1398,8,4,1,0.664787,3.3503,179.5524,6.136
40,58,in,0.1398,8,5,1,0.677980,20.0972,179.5524,6.136
40,58,in,0.1398,8,6,1,0.670656,10.4686,0.9293,6.136
40,58,in,0.1398,8,7,1,0.661352,18.9822,179.5524,6.136
40,58,in,0.1398,9,0,1,0.851076,0.0668,0.6695,2.325
40,58,in,0.1398,9,1,1,0.714819,7.5740,179.8122,2.325
40,58,in,0.1398,9,2,1,0.659797,18.4192,179.8122,2.325
40,58,in,0.1398,9,3,1,0.698519,17.0276,179.8122,2.325
40,58,in,0.1398,9,4,1,0.661481,2.8698,178.8095,2.325
40,58,in,0.1398,9,5,1,0.702610,19.8412,179.8122,2.325
40,58,in,0.1398,9,6,1,0.677875,10.7222,1.6722,2.325
40,58,in,0.1398,9,7,1,0.658079,18.3825,178.8095,2.325
40,58,in,0.1398,10,0,1,0.830474,0.0628,0.5500,6.105
40,58,in,0.1398,10,1,1,0.688017,7.3256,179.9317,6.105
40,58,in,0.1398,10,2,1,0.638117,17.8653,178.9291,6.105
40,58,in,0.1398,10,3,1,0.670887,17.0722,179.9317,6.105
40,58,in,0.1398,10,4,1,0.643463,2.7099,179.9317,6.105
40,58,in,0.1398,10,5,1,0.655004,19.3893,179.9317,6.105
40,58,in,0.1398,10,6,1,0.648841,10.9620,0.5500,6.105
40,58,in,0.1398,10,7,1,0.642488,17.8636,178.9291,6.105
40,58,in,0.1398,11,0,1,0.829875,0.0537,0.1078,8.003
40,58,in,0.1398,11,1,1,0.694630,7.0067,179.5869,8.003
40,58,in,0.1398,11,2,1,0.632460,17.2984,179.5869,8.003
40,58,in,0.1398,11,3,1,0.672818,16.7338,179.5869,8.003
40,58,in,0.1398,11,4,1,0.639203,2.7860,179.5869,8.003
40,58,in,0.1398,11,5,1,0.657523,19.0689,179.5869,8.003
40,58,in,0.1398,11,6,1,0.648206,11.0351,0.1078,8.003
40,58,in,0.1398,11,7,1,0.630877,17.2968,179.5869,8.003
40,59,in,0.2482,0,0,1,0.784682,0.0336,0.0246,659.257
40,59,in,0.2482,0,1,1,0.702285,18.0111,0.0246,659.257
40,59,in,0.2482,0,2,1,0.684983,14.1564,179.5429,659.257
40,59,in,0.2482,0,3,1,0.672320,5.9890,0.0246,659.257
40,59,in,0.2482,0,4,1,0.671909,12.1382,179.5429,659.257
40,59,in,0.2482,0,5,1,0.669434,11.7418,179.5429,659.257
40,59,in,0.2482,0,6,1,0.656080,6.5164,0.0246,659.257
40,59,in,0.2482,0,7,1,0.650849,18.3013,179.5429,659.257
40,59,in,0.2482,1,0,1,0.747734,0.0352,0.2256,6.212
40,59,in,0.2482,1,1,1,0.658681,17.9919,0.2256,6.212
40,59,in,0.2482,1,2,1,0.659279,13.6019,179.7439,6.212
40,59,in,0.2482,1,3,1,0.637663,6.0082,0.2256,6.212
40,59,in,0.2482,1,4,1,0.661122,11.9707,179.7439,6.212
40,59,in,0.2482,1,5,1,0.646030,11.3206,179.7439,6.212
40,59,in,0.2482,1,6,1,0.603236,6.4571,0.2256,6.212
40,59,in,0.2482,1,7,1,0.633015,17.7163,179.7439,6.212
40,59,in,0.2482,2,0,1,0.762807,0.0335,0.0388,7.932
40,59,in,0.2482,2,1,1,0.701674,18.0111,0.0388,7.932
40,59,in,0.2482,2,2,1,0.684619,13.0090,179.5571,7.932
40,59,in,0.2482,2,3,1,0.673622,5.9890,0.0388,7.932
40,59,in,0.2482,2,4,1,0.680832,11.7732,179.5571,7.932
40,59,in,0.2482,2,5,1,0.686266,10.8592,179.5571,7.932
40,59,in,0.2482,2,6,1,0.643841,6.5565,0.0388,7.932
40,59,in,0.2482,2,7,1,0.650217,17.1040,179.5571,7.932
40,59,in,0.2482,3,0,1,0.730563,0.0416,0.0703,2.398
40,59,in,0.2482,3,1,1,0.677791,18.0233,0.0703,2.398
40,59,in,0.2482,3,2,1,0.662941,13.0828,179.5494,2.398
40,59,in,0.2482,3,3,1,0.636451,5.9771,0.0703,2.398
40,59,in,0.2482,3,4,1,0.659123,11.8669,179.5494,2.398
40,59,in,0.2482,3,5,1,0.658405,10.9540,179.5494,2.398
40,59,in,0.2482,3,6,1,0.620023,6.5442,0.0703,2.398
40,59,in,0.2482,3,7,1,0.636218,17.1559,179.5494,2.398
40,59,in,0.2482,4,0,1,0.752195,0.0464,0.1436,2.241
40,59,in,0.2482,4,1,1,0.713296,18.0279,0.1436,2.241
40,59,in,0.2482,4,2,1,0.694159,13.0781,179.6226,2.241
40,59,in,0.2482,4,3,1,0.652542,5.9723,0.1436,2.241
40,59,in,0.2482,4,4,1,0.687889,11.8664,179.6226,2.241
40,59,in,0.2482,4,5,1,0.684380,10.9510,179.6226,2.241
40,59,in,0.2482,4,6,1,0.614310,6.5803,0.1436,2.241
40,59,in,0.2482,4,7,1,0.649421,17.1508,179.6226,2.241
40,59,in,0.2482,5,0,1,0.745527,0.0530,0.5922,6.488
40,59,in,0.2482,5,1,1,0.680894,18.0312,0.5922,6.488
40,59,in,0.2482,5,2,1,0.690721,13.1522,179.9288,6.488
40,59,in,0.2482,5,3,1,0.655305,5.9690,0.5922,6.488
40,59,in,0.2482,5,4,1,0.662452,11.4035,179.9288,6.488
40,59,in,0.2482,5,5,1,0.675585,10.7475,179.9288,6.488
40,59,in,0.2482,5,6,1,0.624274,6.7062,0.5922,6.488
40,59,in,0.2482,5,7,1,0.636677,17.3304,179.9288,6.488
40,59,in,0.2482,6,0,1,0.728622,0.0618,0.4508,2.249
40,59,in,0.2482,6,1,1,0.662240,18.0227,0.4508,2.249
40,59,in,0.2482,6,2,1,0.650734,13.0369,179.9691,2.249
40,59,in,0.2482,6,3,1,0.620395,5.9776,0.4508,2.249
40,59,in,0.2482,6,4,1,0.639978,10.8675,179.9691,2.249
40,59,in,0.2482,6,5,1,0.647027,10.4426,179.9691,2.249
40,59,in,0.2482,6,6,1,0.605047,6.5827,0.4508,2.249
40,59,in,0.2482,6,7,1,0.637978,17.5196,179.9691,2.249
40,59,in,0.2482,7,0,1,0.739781,0.0426,0.0284,6.268
40,59,in,0.2482,7,1,1,0.684714,18.0118,0.0284,6.268
40,59,in,0.2482,7,2,1,0.653114,13.1590,179.5466,6.268
40,59,in,0.2482,7,3,1,0.628530,5.9884,0.0284,6.268
40,59,in,0.2482,7,4,1,0.652209,10.2725,179.5466,6.268
40,59,in,0.2482,7,5,1,0.648113,10.1175,179.5466,6.268
40,59,in,0.2482,7,6,1,0.586120,6.5121,0.0284,6.268
40,59,in,0.2482,7,7,1,0.618879,17.6647,179.5466,6.268
40,59,in,0.2482,8,0,1,0.799860,0.0541,0.1700,2.167
40,59,in,0.2482,8,1,1,0.746614,18.0095,0.1700,2.167
40,59,in,0.2482,8,2,1,0.719041,13.2179,179.6883,2.167
40,59,in,0.2482,8,3,1,0.672685,5.9908,0.1700,2.167
40,59,in,0.2482,8,4,1,0.715049,9.7775,179.6883,2.167
40,59,in,0.2482,8,5,1,0.709157,10.0049,179.6883,2.167
40,59,in,0.2482,8,6,1,0.658915,6.5120,0.1700,2.167
40,59,in,0.2482,8,7,1,0.663449,17.9256,179.6883,2.167
40,59,in,0.2482,9,0,1,0.714301,0.0410,0.4270,6.734
40,59,in,0.2482,9,1,1,0.663718,18.0185,0.4270,6.734
40,59,in,0.2482,9,2,1,0.645871,13.3225,179.9453,6.734
40,59,in,0.2482,9,3,1,0.598767,5.9816,0.5757,6.734
40,59,in,0.2482,9,4,1,0.638562,9.3728,179.9453,6.734
40,59,in,0.2482,9,5,1,0.624849,9.8320,179.9453,6.734
40,59,in,0.2482,9,6,1,0.597280,6.5477,0.5757,6.734
40,59,in,0.2482,9,7,1,0.610115,18.1744,179.9453,6.734
40,59,in,0.2482,10,0,1,0.733984,0.0617,0.0974,6.724
40,59,in,0.2482,10,1,1,0.679685,18.0245,0.0974,6.724
40,59,in,0.2482,10,2,1,0.670067,13.5507,179.6157,6.724
40,59,in,0.2482,10,3,1,0.642371,5.9782,0.0974,6.724
40,59,in,0.2482,10,4,1,0.655194,8.9978,179.6157,6.724
40,59,in,0.2482,10,5,1,0.649930,9.8128,179.6157,6.724
40,59,in,0.2482,10,6,1,0.616456,6.6654,0.0974,6.724
40,59,in,0.2482,10,7,1,0.613393,18.5189,179.6157,6.724
40,59,in,0.2482,11,0,1,0.764923,0.0493,0.4681,2.523
40,59,in,0.2482,11,1,1,0.708749,18.0281,0.4681,2.523
40,59,in,0.2482,11,2,1,0.679999,13.8670,179.9471,2.523
40,59,in,0.2482,11,3,1,0.659311,5.9745,0.4681,2.523
40,59,in,0.2482,11,4,1,0.687442,8.7259,179.9471,2.523
40,59,in,0.2482,11,5,1,0.671357,9.9105,179.9471,2.523
40,59,in,0.2482,11,6,1,0.635039,6.8080,0.4681,2.523
40,59,in,0.2482,11,7,1,0.635461,18.9307,179.9471,2.523
40,60,out,0.6011,0,0,1,0.485755,0.0560,0.4019,2392.351
40,60,out,0.6011,0,1,1,0.434662,25.9761,0.4019,2392.351
40,60,out,0.6011,0,2,1,0.416974,23.1627,1.6035,2392.351
40,60,out,0.6011,0,3,1,0.416219,13.6599,177.9148,2392.351
40,60,out,0.6011,0,4,1,0.414115,34.9173,0.4019,2392.351
40,60,out,0.6011,0,5,1,0.412522,27.5129,177.9148,2392.351
40,60,out,0.6011,0,6,1,0.408864,19.2807,179.0771,2392.351
40,60,out,0.6011,0,7,1,0.408138,21.6718,0.4019,2392.351
40,60,out,0.6011,1,0,1,0.398613,0.0545,0.3351,8.512
40,60,out,0.6011,1,1,1,0.304760,25.8934,2.3404,8.512
40,60,out,0.6011,1,2,1,0.293155,23.5326,6.6837,8.512
40,60,out,0.6011,1,3,1,0.349530,13.2537,179.1440,8.512
40,60,out,0.6011,1,4,1,0.343023,35.0662,2.3404,8.512
40,60,out,0.6011,1,5,1,0.319227,27.6840,172.8346,8.512
40,60,out,0.6011,1,6,1,0.315651,19.7669,178.8507,8.512
40,60,out,0.6011,1,7,1,0.304945,21.3720,2.3404,8.512
40,60,out,0.6011,2,0,1,0.428689,0.0521,0.5551,7.817
40,60,out,0.6011,2,1,1,0.357015,25.9677,0.4476,7.817
40,60,out,0.6011,2,2,1,0.339731,23.1251,1.4503,7.817
40,60,out,0.6011,2,3,1,0.327925,13.3847,179.0707,7.817
40,60,out,0.6011,2,4,1,0.332489,34.9097,0.4476,7.817
40,60,out,0.6011,2,5,1,0.321878,28.4064,178.0680,7.817
40,60,out,0.6011,2,6,1,0.349273,20.4552,179.0707,7.817
40,60,out,0.6011,2,7,1,0.364104,21.6636,0.4476,7.817
40,60,out,0.6011,3,0,1,0.470747,0.0427,0.4020,2.768
40,60,out,0.6011,3,1,1,0.394999,25.7862,0.4020,2.768
40,60,out,0.6011,3,2,1,0.388445,23.1833,0.4020,2.768
40,60,out,0.6011,3,3,1,0.375364,13.2188,179.1163,2.768
40,60,out,0.6011,3,4,1,0.355776,34.9032,0.4020,2.768
40,60,out,0.6011,3,5,1,0.388919,28.5280,179.1163,2.768
40,60,out,0.6011,3,6,1,0.350372,21.0668,178.1136,2.768
40,60,out,0.6011,3,7,1,0.365079,21.3535,1.6034,2.768
40,60,out,0.6011,4,0,1,0.392501,0.1180,1.2093,6.863
40,60,out,0.6011,4,1,1,0.315719,25.9665,0.2066,6.863
40,60,out,0.6011,4,2,1,0.278270,23.1059,0.2066,6.863
40,60,out,0.6011,4,3,1,0.273788,13.3971,178.7223,6.863
40,60,out,0.6011,4,4,1,0.258661,35.0498,1.2093,6.863
40,60,out,0.6011,4,5,1,0.294320,29.0239,179.7249,6.863
40,60,out,0.6011,4,6,1,0.260991,21.6631,179.7249,6.863
40,60,out,0.6011,4,7,1,0.300508,21.5967,1.7987,6.863
40,60,out,0.6011,5,0,1,0.469775,0.0335,0.1515,9.894
40,60,out,0.6011,5,1,1,0.393939,25.7992,2.1569,9.894
40,60,out,0.6011,5,2,1,0.390191,23.1814,0.1515,9.894
40,60,out,0.6011,5,3,1,0.386291,13.5011,178.3248,9.894
40,60,out,0.6011,5,4,1,0.360133,34.9028,2.1569,9.894
40,60,out,0.6011,5,5,1,0.367067,29.1931,179.3275,9.894
40,60,out,0.6011,5,6,1,0.317215,22.2768,177.3222,9.894
40,60,out,0.6011,5,7,1,0.367728,21.5841,0.1515,9.894
40,60,out,0.6011,6,0,1,0.489179,0.0235,0.5895,7.915
40,60,out,0.6011,6,1,1,0.400451,25.8688,0.5895,7.915
40,60,out,0.6011,6,2,1,0.372048,23.2356,0.5895,7.915
40,60,out,0.6011,6,3,1,0.367787,13.4016,176.8842,7.915
40,60,out,0.6011,6,4,1,0.357678,35.0319,0.5895,7.915
40,60,out,0.6011,6,5,1,0.388282,29.6633,179.8922,7.915
40,60,out,0.6011,6,6,1,0.321744,22.8816,179.8922,7.915
40,60,out,0.6011,6,7,1,0.388063,21.5741,0.5895,7.915
40,60,out,0.6011,7,0,1,0.447742,0.0231,0.8801,13.441
40,60,out,0.6011,7,1,1,0.347752,25.6010,1.1253,13.441
40,60,out,0.6011,7,2,1,0.329234,23.1646,0.1226,13.441
40,60,out,0.6011,7,3,1,0.295577,13.3822,179.6016,13.441
40,60,out,0.6011,7,4,1,0.308229,34.8078,0.1226,13.441
40,60,out,0.6011,7,5,1,0.302118,30.2631,178.3930,13.441
40,60,out,0.6011,7,6,1,0.278570,23.4836,178.3930,13.441
40,60,out,0.6011,7,7,1,0.338022,21.8201,1.1253,13.441
40,60,out,0.6011,8,0,1,0.420584,0.0801,0.4853,7.126
40,60,out,0.6011,8,1,1,0.368491,25.4506,0.4853,7.126
40,60,out,0.6011,8,2,1,0.335624,23.3812,0.4853,7.126
40,60,out,0.6011,8,3,1,0.327333,13.3686,178.9617,7.126
40,60,out,0.6011,8,4,1,0.351749,34.5473,0.4853,7.126
40,60,out,0.6011,8,5,1,0.312035,30.5021,179.0330,7.126
40,60,out,0.6011,8,6,1,0.271194,24.1645,179.0330,7.126
40,60,out,0.6011,8,7,1,0.330598,21.7091,0.4853,7.126
40,60,out,0.6011,9,0,1,0.482332,0.0251,1.0692,3.010
40,60,out,0.6011,9,1,1,0.377459,25.3445,0.9362,3.010
40,60,out,0.6011,9,2,1,0.361448,23.1774,0.0665,3.010
40,60,out,0.6011,9,3,1,0.357121,13.0989,179.4518,3.010
40,60,out,0.6011,9,4,1,0.335713,34.7454,1.9389,3.010
40,60,out,0.6011,9,5,1,0.348746,31.0190,178.4491,3.010
40,60,out,0.6011,9,6,1,0.311122,24.6765,179.4518,3.010
40,60,out,0.6011,9,7,1,0.382743,21.9137,0.0665,3.010
40,60,out,0.6011,10,0,1,0.476206,0.0253,0.6148,6.684
40,60,out,0.6011,10,1,1,0.389471,25.5974,0.3879,6.684
40,60,out,0.6011,10,2,1,0.425854,23.1729,0.3879,6.684
40,60,out,0.6011,10,3,1,0.357271,13.0938,179.0911,6.684
40,60,out,0.6011,10,4,1,0.353887,34.8045,1.3906,6.684
40,60,out,0.6011,10,5,1,0.375945,31.5766,179.0911,6.684
40,60,out,0.6011,10,6,1,0.312268,25.2579,178.0885,6.684
40,60,out,0.6011,10,7,1,0.381708,21.7405,0.6148,6.684
40,60,out,0.6011,11,0,1,0.424452,0.0184,0.2693,7.427
40,60,out,0.6011,11,1,1,0.359310,25.3268,0.2693,7.427
40,60,out,0.6011,11,2,1,0.348706,23.2905,0.2693,7.427
40,60,out,0.6011,11,3,1,0.283296,12.9962,179.7876,7.427
40,60,out,0.6011,11,4,1,0.313506,34.5757,2.2746,7.427
40,60,out,0.6011,11,5,1,0.363598,31.8161,179.7876,7.427
40,60,out,0.6011,11,6,1,0.278848,25.8777,178.7849,7.427
40,60,out,0.6011,11,7,1,0.348504,21.6552,0.2693,7.427
40,61,in,0.5506,0,0,1,0.502072,0.0408,0.5945,1250.284
40,61,in,0.5506,0,1,1,0.460367,14.3025,179.9264,1250.284
40,61,in,0.5506,0,2,1,0.453970,12.3079,179.9264,1250.284
40,61,in,0.5506,0,3,1,0.451488,12.3113,0.5945,1250.284
40,61,in,0.5506,0,4,1,0.445480,13.1667,179.9264,1250.284
40,61,in,0.5506,0,5,1,0.442350,14.1124,179.9264,1250.284
40,61,in,0.5506,0,6,1,0.440046,13.0908,0.4082,1250.284
40,61,in,0.5506,0,7,1,0.437026,5.0855,179.9264,1250.284
40,61,in,0.5506,1,0,1,0.463774,0.0543,0.6513,3.164
40,61,in,0.5506,1,1,1,0.411439,14.5440,179.8304,3.164
40,61,in,0.5506,1,2,1,0.394976,12.2477,179.1669,3.164
40,61,in,0.5506,1,3,1,0.403591,12.1900,1.3541,3.164
40,61,in,0.5506,1,4,1,0.375429,12.9359,178.8278,3.164
40,61,in,0.5506,1,5,1,0.393829,14.3278,178.8278,3.164
40,61,in,0.5506,1,6,1,0.387191,12.9915,0.3514,3.164
40,61,in,0.5506,1,7,1,0.363068,4.4333,177.8251,3.164
40,61,in,0.5506,2,0,1,0.499736,0.0353,0.1345,2.073
40,61,in,0.5506,2,1,1,0.439768,14.2015,179.3445,2.073
40,61,in,0.5506,2,2,1,0.438882,12.2213,179.6528,2.073
40,61,in,0.5506,2,3,1,0.410078,12.2491,0.8681,2.073
40,61,in,0.5506,2,4,1,0.424928,12.6671,179.6528,2.073
40,61,in,0.5506,2,5,1,0.403289,14.5197,179.6528,2.073
40,61,in,0.5506,2,6,1,0.387637,12.8898,0.8681,2.073
40,61,in,0.5506,2,7,1,0.401886,3.9008,179.6528,2.073
40,61,in,0.5506,3,0,1,0.457247,0.0704,0.5754,3.092
40,61,in,0.5506,3,1,1,0.413742,14.2948,179.0518,3.092
40,61,in,0.5506,3,2,1,0.360299,12.2277,179.0518,3.092
40,61,in,0.5506,3,3,1,0.367282,12.2442,0.4273,3.092
40,61,in,0.5506,3,4,1,0.363196,12.3645,179.9456,3.092
40,61,in,0.5506,3,5,1,0.351904,14.8259,179.9456,3.092
40,61,in,0.5506,3,6,1,0.368056,12.8926,0.4273,3.092
40,61,in,0.5506,3,7,1,0.351931,3.2199,179.9456,3.092
40,61,in,0.5506,4,0,1,0.468482,0.0371,0.6996,7.125
40,61,in,0.5506,4,1,1,0.453502,14.2808,179.8214,7.125
40,61,in,0.5506,4,2,1,0.410285,12.1388,179.8214,7.125
40,61,in,0.5506,4,3,1,0.437020,12.2512,0.3031,7.125
40,61,in,0.5506,4,4,1,0.396313,12.4008,179.8214,7.125
40,61,in,0.5506,4,5,1,0.401262,15.3010,179.8214,7.125
40,61,in,0.5506,4,6,1,0.426687,13.0570,0.6996,7.125
40,61,in,0.5506,4,7,1,0.402475,2.7586,179.8214,7.125
40,61,in,0.5506,5,0,1,0.502238,0.0282,0.1325,7.920
40,61,in,0.5506,5,1,1,0.474615,14.0480,179.6508,7.920
40,61,in,0.5506,5,2,1,0.442874,12.1272,179.3465,7.920
40,61,in,0.5506,5,3,1,0.467229,12.2217,0.1325,7.920
40,61,in,0.5506,5,4,1,0.450922,11.8906,179.6508,7.920
40,61,in,0.5506,5,5,1,0.456614,15.3078,179.6508,7.920
40,61,in,0.5506,5,6,1,0.444906,12.9561,0.8702,7.920
40,61,in,0.5506,5,7,1,0.439691,2.1265,179.6508,7.920
40,61,in,0.5506,6,0,1,0.521409,0.0397,0.4582,6.193
40,61,in,0.5506,6,1,1,0.450467,14.0939,179.9765,6.193
40,61,in,0.5506,6,2,1,0.439302,12.3006,177.9712,6.193
40,61,in,0.5506,6,3,1,0.469848,12.2500,0.5445,6.193
40,61,in,0.5506,6,4,1,0.410233,11.5682,178.9738,6.193
40,61,in,0.5506,6,5,1,0.452496,15.5928,179.9765,6.193
40,61,in,0.5506,6,6,1,0.435636,12.7568,1.5471,6.193
40,61,in,0.5506,6,7,1,0.438903,1.5419,178.9738,6.193
40,61,in,0.5506,7,0,1,0.515790,0.0358,0.1332,2.691
40,61,in,0.5506,7,1,1,0.462260,14.3745,179.3851,2.691
40,61,in,0.5506,7,2,1,0.486484,12.2964,178.3824,2.691
40,61,in,0.5506,7,3,1,0.440124,12.1903,1.1359,2.691
40,61,in,0.5506,7,4,1,0.423808,11.6630,179.6123,2.691
40,61,in,0.5506,7,5,1,0.440258,15.5153,179.3851,2.691
40,61,in,0.5506,7,6,1,0.421521,12.7239,1.1359,2.691
40,61,in,0.5506,7,7,1,0.439008,1.5636,179.3851,2.691
40,61,in,0.5506,8,0,1,0.429179,0.0345,1.3323,2.925
40,61,in,0.5506,8,1,1,0.391302,14.3846,176.1807,2.925
40,61,in,0.5506,8,2,1,0.407919,12.0575,178.1860,2.925
40,61,in,0.5506,8,3,1,0.377821,12.2204,0.6731,2.925
40,61,in,0.5506,8,4,1,0.382675,11.0559,178.1860,2.925
40,61,in,0.5506,8,5,1,0.419915,15.5210,179.1887,2.925
40,61,in,0.5506,8,6,1,0.392429,12.6217,2.3350,2.925
40,61,in,0.5506,8,7,1,0.393597,1.0531,178.1860,2.925
40,61,in,0.5506,9,0,1,0.537642,0.0397,0.0118,2.119
40,61,in,0.5506,9,1,1,0.478691,14.2621,179.5065,2.119
40,61,in,0.5506,9,2,1,0.472208,12.1139,179.5065,2.119
40,61,in,0.5506,9,3,1,0.454189,12.2214,1.0144,2.119
40,61,in,0.5506,9,4,1,0.465517,11.0717,179.5065,2.119
40,61,in,0.5506,9,5,1,0.475466,15.4539,179.5065,2.119
40,61,in,0.5506,9,6,1,0.438461,12.7176,1.0144,2.119
40,61,in,0.5506,9,7,1,0.438352,1.1678,179.5065,2.119
40,61,in,0.5506,10,0,1,0.511345,0.0278,0.3238,2.737
40,61,in,0.5506,10,1,1,0.470551,13.8758,179.1945,2.737
40,61,in,0.5506,10,2,1,0.461779,11.6055,179.8028,2.737
40,61,in,0.5506,10,3,1,0.437351,12.2284,0.3238,2.737
40,61,in,0.5506,10,4,1,0.431568,11.0374,179.8028,2.737
40,61,in,0.5506,10,5,1,0.429378,14.9008,179.8028,2.737
40,61,in,0.5506,10,6,1,0.432268,12.9119,2.3291,2.737
40,61,in,0.5506,10,7,1,0.450838,1.7732,179.1945,2.737
40,61,in,0.5506,11,0,1,0.504759,0.0324,0.4118,3.077
40,61,in,0.5506,11,1,1,0.451354,13.7369,178.9274,3.077
40,61,in,0.5506,11,2,1,0.487575,11.2521,179.9301,3.077
40,61,in,0.5506,11,3,1,0.452841,12.2920,0.4118,3.077
40,61,in,0.5506,11,4,1,0.465811,10.7898,179.9301,3.077
40,61,in,0.5506,11,5,1,0.461225,14.4602,179.9301,3.077
40,61,in,0.5506,11,6,1,0.452305,12.8645,0.4118,3.077
40,61,in,0.5506,11,7,1,0.429197,2.5107,179.9301,3.077
40,62,out,0.1994,0,0,1,0.773641,0.0291,0.2976,565.630
40,62,out,0.1994,0,1,1,0.757563,18.4291,0.2976,565.630
40,62,out,0.1994,0,2,1,0.748221,40.1536,179.8159,565.630
40,62,out,0.1994,0,3,1,0.746764,12.4291,0.2976,565.630
40,62,out,0.1994,0,4,1,0.735908,30.4291,0.2976,565.630
40,62,out,0.1994,0,5,1,0.733410,44.7645,179.8159,565.630
40,62,out,0.1994,0,6,1,0.729228,35.9550,179.8159,565.630
40,62,out,0.1994,0,7,1,0.729197,6.4291,0.2976,565.630
40,62,out,0.1994,1,0,1,0.748129,0.0343,0.1944,2.016
40,62,out,0.1994,1,1,1,0.739328,18.4337,0.1944,2.016
40,62,out,0.1994,1,2,1,0.727980,39.5496,179.6735,2.016
40,62,out,0.1994,1,3,1,0.739580,12.4337,0.1944,2.016
40,62,out,0.1994,1,4,1,0.733716,30.4337,0.1944,2.016
40,62,out,0.1994,1,5,1,0.716311,44.1689,179.6735,2.016
40,62,out,0.1994,1,6,1,0.717700,35.3477,179.6735,2.016
40,62,out,0.1994,1,7,1,0.731700,6.4337,0.1944,2.016
40,62,out,0.1994,2,0,1,0.787680,0.0398,0.1169,7.055
40,62,out,0.1994,2,1,1,0.707898,18.4269,0.1169,7.055
40,62,out,0.1994,2,2,1,0.705807,38.9396,179.6352,7.055
40,62,out,0.1994,2,3,1,0.715194,12.4269,0.1169,7.055
40,62,out,0.1994,2,4,1,0.689403,30.4269,0.1169,7.055
40,62,out,0.1994,2,5,1,0.702196,43.5654,179.6352,7.055
40,62,out,0.1994,2,6,1,0.690823,34.7367,179.6352,7.055
40,62,out,0.1994,2,7,1,0.700513,6.4270,0.1169,7.055
40,62,out,0.1994,3,0,1,0.774874,0.0233,0.0872,2.066
40,62,out,0.1994,3,1,1,0.740664,18.4211,0.0872,2.066
40,62,out,0.1994,3,2,1,0.715781,38.3607,179.4311,2.066
40,62,out,0.1994,3,3,1,0.740017,12.4211,0.0872,2.066
40,62,out,0.1994,3,4,1,0.727825,30.4211,0.0872,2.066
40,62,out,0.1994,3,5,1,0.722634,42.9819,179.4311,2.066
40,62,out,0.1994,3,6,1,0.724835,34.1056,179.5663,2.066
40,62,out,0.1994,3,7,1,0.715717,6.4211,0.0872,2.066
40,62,out,0.1994,4,0,1,0.749383,0.0343,0.3561,10.035
40,62,out,0.1994,4,1,1,0.617647,18.4324,0.3561,10.035
40,62,out,0.1994,4,2,1,0.673800,37.7536,179.8744,10.035
40,62,out,0.1994,4,3,1,0.678116,12.4311,0.3561,10.035
40,62,out,0.1994,4,4,1,0.652996,30.4311,0.3561,10.035
40,62,out,0.1994,4,5,1,0.677477,42.3713,179.8744,10.035
40,62,out,0.1994,4,6,1,0.651778,33.5746,179.8744,10.035
40,62,out,0.1994,4,7,1,0.666513,6.4311,0.3561,10.035
40,62,out,0.1994,5,0,1,0.776862,0.0468,0.4438,10.348
40,62,out,0.1994,5,1,1,0.705692,18.4424,0.4438,10.348
40,62,out,0.1994,5,2,1,0.727344,37.1486,179.9228,10.348
40,62,out,0.1994,5,3,1,0.721796,12.4425,0.4438,10.348
40,62,out,0.1994,5,4,1,0.715275,30.4424,0.4438,10.348
40,62,out,0.1994,5,5,1,0.718674,41.7600,179.9228,10.348
40,62,out,0.1994,5,6,1,0.707976,32.9857,179.9228,10.348
40,62,out,0.1994,5,7,1,0.702815,6.4425,0.4438,10.348
40,62,out,0.1994,6,0,1,0.792264,0.0222,0.4032,1.868
40,62,out,0.1994,6,1,1,0.712193,18.4173,0.4032,1.868
40,62,out,0.1994,6,2,1,0.694219,36.5718,179.8822,1.868
40,62,out,0.1994,6,3,1,0.727677,12.4173,0.4032,1.868
40,62,out,0.1994,6,4,1,0.695912,30.4173,0.4032,1.868
40,62,out,0.1994,6,5,1,0.694262,41.1045,179.8822,1.868
40,62,out,0.1994,6,6,1,0.696267,32.3511,179.1151,1.868
40,62,out,0.1994,6,7,1,0.685815,6.4173,0.4032,1.868
40,62,out,0.1994,7,0,1,0.786982,0.0388,0.1900,1.647
40,62,out,0.1994,7,1,1,0.708487,18.4365,0.1900,1.647
40,62,out,0.1994,7,2,1,0.695084,35.9643,179.6690,1.647
40,62,out,0.1994,7,3,1,0.725760,12.4365,0.1900,1.647
40,62,out,0.1994,7,4,1,0.698135,30.4365,0.1900,1.647
40,62,out,0.1994,7,5,1,0.685170,40.5699,179.6690,1.647
40,62,out,0.1994,7,6,1,0.679577,31.8271,179.6690,1.647
40,62,out,0.1994,7,7,1,0.691220,6.4365,0.1900,1.647
40,62,out,0.1994,8,0,1,0.783344,0.0421,0.4223,10.244
40,62,out,0.1994,8,1,1,0.691710,18.4341,0.4223,10.244
40,62,out,0.1994,8,2,1,0.695162,35.3685,179.9014,10.244
40,62,out,0.1994,8,3,1,0.722871,12.4341,0.4223,10.244
40,62,out,0.1994,8,4,1,0.686108,30.4341,0.4223,10.244
40,62,out,0.1994,8,5,1,0.702813,39.9671,179.9014,10.244
40,62,out,0.1994,8,6,1,0.685153,31.2494,179.9014,10.244
40,62,out,0.1994,8,7,1,0.691861,6.4341,0.4223,10.244
40,62,out,0.1994,9,0,1,0.755169,0.0381,0.2199,10.488
40,62,out,0.1994,9,1,1,0.663249,18.4367,0.2199,10.488
40,62,out,0.1994,9,2,1,0.650372,34.7825,179.6989,10.488
40,62,out,0.1994,9,3,1,0.639235,12.4385,0.2199,10.488
40,62,out,0.1994,9,4,1,0.659449,30.4367,0.2199,10.488
40,62,out,0.1994,9,5,1,0.656814,39.3741,179.6989,10.488
40,62,out,0.1994,9,6,1,0.643123,30.6814,179.6989,10.488
40,62,out,0.1994,9,7,1,0.643707,6.4367,0.2199,10.488
40,62,out,0.1994,10,0,1,0.770509,0.0397,0.2321,2.146
40,62,out,0.1994,10,1,1,0.653517,18.4393,0.2321,2.146
40,62,out,0.1994,10,2,1,0.652573,34.2540,179.7504,2.146
40,62,out,0.1994,10,3,1,0.706976,12.4393,0.2321,2.146
40,62,out,0.1994,10,4,1,0.645576,30.4393,0.2321,2.146
40,62,out,0.1994,10,5,1,0.653743,38.8190,179.7504,2.146
40,62,out,0.1994,10,6,1,0.656838,30.1957,179.7504,2.146
40,62,out,0.1994,10,7,1,0.636799,6.4393,0.2321,2.146
40,62,out,0.1994,11,0,1,0.753954,0.0475,0.3311,9.862
40,62,out,0.1994,11,1,1,0.648987,18.4470,0.6715,9.862
40,62,out,0.1994,11,2,1,0.634856,33.6819,179.8494,9.862
40,62,out,0.1994,11,3,1,0.690911,12.4470,0.3311,9.862
40,62,out,0.1994,11,4,1,0.647623,30.4470,0.3311,9.862
40,62,out,0.1994,11,5,1,0.636771,38.2268,179.8494,9.862
40,62,out,0.1994,11,6,1,0.661516,29.6594,179.8494,9.862
40,62,out,0.1994,11,7,1,0.626850,6.4470,0.3311,9.862
40,63,out,0.4974,0,0,1,0.535388,0.0746,0.5150,1754.702
40,63,out,0.4974,0,1,1,0.488378,28.6123,177.9614,1754.702
40,63,out,0.4974,0,2,1,0.486310,18.1543,177.9614,1754.702
40,63,out,0.4974,0,3,1,0.485554,16.0398,1.5177,1754.702
40,63,out,0.4974,0,4,1,0.477747,8.8398,0.4877,1754.702
40,63,out,0.4974,0,5,1,0.477745,13.1398,0.4877,1754.702
40,63,out,0.4974,0,6,1,0.476495,11.2399,0.5150,1754.702
40,63,out,0.4974,0,7,1,0.476385,18.7397,0.4877,1754.702
40,63,out,0.4974,1,0,1,0.507704,0.0600,0.4163,3.133
40,63,out,0.4974,1,1,1,0.414694,28.1032,179.8953,3.133
40,63,out,0.4974,1,2,1,0.410972,17.4300,178.8926,3.133
40,63,out,0.4974,1,3,1,0.423868,16.2326,0.4163,3.133
40,63,out,0.4974,1,4,1,0.440374,8.8409,0.4163,3.133
40,63,out,0.4974,1,5,1,0.427991,13.4409,0.4163,3.133
40,63,out,0.4974,1,6,1,0.442219,11.1368,0.4163,3.133
40,63,out,0.4974,1,7,1,0.416997,19.0409,0.4163,3.133
40,63,out,0.4974,2,0,1,0.548971,0.0657,0.4480,1.817
40,63,out,0.4974,2,1,1,0.456979,27.7148,179.9271,1.817
40,63,out,0.4974,2,2,1,0.421610,16.7355,179.9271,1.817
40,63,out,0.4974,2,3,1,0.427796,16.4378,0.4480,1.817
40,63,out,0.4974,2,4,1,0.438841,8.5462,0.4480,1.817
40,63,out,0.4974,2,5,1,0.430931,13.1461,0.4480,1.817
40,63,out,0.4974,2,6,1,0.440209,11.0420,0.5546,1.817
40,63,out,0.4974,2,7,1,0.438022,19.1461,0.5546,1.817
40,63,out,0.4974,3,0,1,0.478941,0.0421,0.4481,2.191
40,63,out,0.4974,3,1,1,0.399610,27.5784,179.9271,2.191
40,63,out,0.4974,3,2,1,0.367664,16.6845,179.0702,2.191
40,63,out,0.4974,3,3,1,0.431160,16.7172,0.4481,2.191
40,63,out,0.4974,3,4,1,0.424887,8.2255,0.4481,2.191
40,63,out,0.4974,3,5,1,0.432544,13.4255,0.4481,2.191
40,63,out,0.4974,3,6,1,0.450241,10.7173,0.4481,2.191
40,63,out,0.4974,3,7,1,0.409682,19.4214,0.4481,2.191
40,63,out,0.4974,4,0,1,0.567326,0.0382,0.0647,2.441
40,63,out,0.4974,4,1,1,0.460697,27.2065,179.5438,2.441
40,63,out,0.4974,4,2,1,0.425159,16.7063,179.4536,2.441
40,63,out,0.4974,4,3,1,0.446907,16.4250,0.0647,2.441
40,63,out,0.4974,4,4,1,0.459409,7.9334,0.0647,2.441
40,63,out,0.4974,4,5,1,0.456609,13.2334,0.0647,2.441
40,63,out,0.4974,4,6,1,0.480167,11.0251,0.0647,2.441
40,63,out,0.4974,4,7,1,0.440359,19.1293,0.0647,2.441
40,63,out,0.4974,5,0,1,0.446804,0.0410,0.3171,13.496
40,63,out,0.4974,5,1,1,0.411316,26.9440,179.7962,13.496
40,63,out,0.4974,5,2,1,0.399230,16.3416,179.7962,13.496
40,63,out,0.4974,5,3,1,0.414359,16.3230,0.3171,13.496
40,63,out,0.4974,5,4,1,0.408821,8.2314,0.3171,13.496
40,63,out,0.4974,5,5,1,0.391589,12.9314,0.3171,13.496
40,63,out,0.4974,5,6,1,0.405622,10.8232,0.3171,13.496
40,63,out,0.4974,5,7,1,0.393065,19.3273,0.3171,13.496
40,63,out,0.4974,6,0,1,0.493538,0.0438,0.4542,2.522
40,63,out,0.4974,6,1,1,0.477574,26.5313,179.9332,2.522
40,63,out,0.4974,6,2,1,0.456232,15.9416,179.9332,2.522
40,63,out,0.4974,6,3,1,0.456908,16.0293,0.4542,2.522
40,63,out,0.4974,6,4,1,0.444060,7.9376,0.4542,2.522
40,63,out,0.4974,6,5,1,0.454344,12.9376,0.4542,2.522
40,63,out,0.4974,6,6,1,0.436554,11.1294,0.4542,2.522
40,63,out,0.4974,6,7,1,0.424243,19.2335,0.4542,2.522
40,63,out,0.4974,7,0,1,0.499200,0.0424,0.0871,5.064
40,63,out,0.4974,7,1,1,0.433185,25.9733,179.6054,5.064
40,63,out,0.4974,7,2,1,0.443098,15.7903,179.6054,5.064
40,63,out,0.4974,7,3,1,0.426154,15.9336,0.0871,5.064
40,63,out,0.4974,7,4,1,0.425976,7.9419,0.0871,5.064
40,63,out,0.4974,7,5,1,0.423903,13.0419,0.0871,5.064
40,63,out,0.4974,7,6,1,0.437389,10.9337,0.9155,5.064
40,63,out,0.4974,7,7,1,0.412654,19.1379,0.0871,5.064
40,63,out,0.4974,8,0,1,0.534334,0.0426,0.3268,2.133
40,63,out,0.4974,8,1,1,0.485306,25.7930,179.8058,2.133
40,63,out,0.4974,8,2,1,0.463721,15.1309,179.8058,2.133
40,63,out,0.4974,8,3,1,0.499165,15.6368,0.3268,2.133
40,63,out,0.4974,8,4,1,0.518983,7.7452,0.3268,2.133
40,63,out,0.4974,8,5,1,0.499172,13.3452,0.3268,2.133
40,63,out,0.4974,8,6,1,0.498022,11.1407,0.3268,2.133
40,63,out,0.4974,8,7,1,0.471053,18.8411,1.3294,2.133
40,63,out,0.4974,9,0,1,0.495236,0.0580,0.7242,10.329
40,63,out,0.4974,9,1,1,0.471086,25.3239,179.7968,10.329
40,63,out,0.4974,9,2,1,0.472190,14.5916,179.7968,10.329
40,63,out,0.4974,9,3,1,0.447284,15.3516,1.7268,10.329
40,63,out,0.4974,9,4,1,0.461903,7.6600,0.7242,10.329
40,63,out,0.4974,9,5,1,0.444374,13.0600,0.7242,10.329
40,63,out,0.4974,9,6,1,0.466727,11.0555,2.7295,10.329
40,63,out,0.4974,9,7,1,0.450145,19.1599,0.7242,10.329
40,63,out,0.4974,10,0,1,0.491425,0.0541,0.4924,2.175
40,63,out,0.4974,10,1,1,0.435122,25.2294,179.0259,2.175
40,63,out,0.4974,10,2,1,0.437178,14.4980,179.9714,2.175
40,63,out,0.4974,10,3,1,0.437993,15.1468,0.5103,2.175
40,63,out,0.4974,10,4,1,0.440731,7.7551,0.4924,2.175
40,63,out,0.4974,10,5,1,0.433204,12.8551,1.4951,2.175
40,63,out,0.4974,10,6,1,0.450262,11.2507,0.5103,2.175
40,63,out,0.4974,10,7,1,0.432695,19.4550,0.5103,2.175
40,63,out,0.4974,11,0,1,0.482926,0.0623,1.4601,7.265
40,63,out,0.4974,11,1,1,0.452275,25.5198,179.9364,7.265
40,63,out,0.4974,11,2,1,0.440638,14.1934,179.9364,7.265
40,63,out,0.4974,11,3,1,0.436805,14.8553,1.4601,7.265
40,63,out,0.4974,11,4,1,0.446247,8.0636,0.4574,7.265
40,63,out,0.4974,11,5,1,0.432786,13.1636,0.4574,7.265
40,63,out,0.4974,11,6,1,0.455599,11.3592,1.4601,7.265
40,63,out,0.4974,11,7,1,0.440302,19.5635,0.4574,7.265
40,64,out,0.3782,0,0,1,0.639804,0.0457,0.2085,1702.056
40,64,out,0.3782,0,1,1,0.567938,34.8921,90.0324,1702.056
40,64,out,0.3782,0,2,1,0.560920,12.4545,0.2085,1702.056
40,64,out,0.3782,0,3,1,0.553229,6.4545,0.2085,1702.056
40,64,out,0.3782,0,4,1,0.551867,44.1510,179.6875,1702.056
40,64,out,0.3782,0,5,1,0.551365,18.4545,0.2085,1702.056
40,64,out,0.3782,0,6,1,0.546522,47.5096,179.6875,1702.056
40,64,out,0.3782,0,7,1,0.539174,41.3939,179.6875,1702.056
40,64,out,0.3782,1,0,1,0.681703,0.0404,0.1123,4.818
40,64,out,0.3782,1,1,1,0.605026,34.9615,90.1285,4.818
40,64,out,0.3782,1,2,1,0.605458,12.4616,0.1123,4.818
40,64,out,0.3782,1,3,1,0.600042,6.4616,0.1123,4.818
40,64,out,0.3782,1,4,1,0.597118,44.3311,179.5913,4.818
40,64,out,0.3782,1,5,1,0.595646,18.4616,0.1123,4.818
40,64,out,0.3782,1,6,1,0.598347,47.6252,179.5913,4.818
40,64,out,0.3782,1,7,1,0.590906,41.6453,179.5913,4.818
40,64,out,0.3782,2,0,1,0.651769,0.0442,0.5952,1.744
40,64,out,0.3782,2,1,1,0.565064,35.1148,89.6457,1.744
40,64,out,0.3782,2,2,1,0.574787,12.3558,0.5952,1.744
40,64,out,0.3782,2,3,1,0.570212,6.4558,0.4075,1.744
40,64,out,0.3782,2,4,1,0.567167,44.6416,179.9258,1.744
40,64,out,0.3782,2,5,1,0.569665,18.4558,0.4075,1.744
40,64,out,0.3782,2,6,1,0.572077,47.8798,179.9258,1.744
40,64,out,0.3782,2,7,1,0.561476,42.0151,179.9258,1.744
40,64,out,0.3782,3,0,1,0.572292,0.0470,0.5131,2.244
40,64,out,0.3782,3,1,1,0.526124,35.1119,89.7277,2.244
40,64,out,0.3782,3,2,1,0.529286,12.4532,0.4896,2.244
40,64,out,0.3782,3,3,1,0.540822,6.4531,0.4896,2.244
40,64,out,0.3782,3,4,1,0.526818,44.6406,179.9921,2.244
40,64,out,0.3782,3,5,1,0.527707,18.3531,1.5158,2.244
40,64,out,0.3782,3,6,1,0.538628,47.8793,179.9921,2.244
40,64,out,0.3782,3,7,1,0.526029,42.0137,179.9921,2.244
40,64,out,0.3782,4,0,1,0.638285,0.0332,0.4747,8.678
40,64,out,0.3782,4,1,1,0.582292,34.8038,89.7662,8.678
40,64,out,0.3782,4,2,1,0.593311,12.5620,0.5280,8.678
40,64,out,0.3782,4,3,1,0.564295,6.4620,0.5280,8.678
40,64,out,0.3782,4,4,1,0.581706,44.1356,179.9537,8.678
40,64,out,0.3782,4,5,1,0.571680,18.4722,0.5280,8.678
40,64,out,0.3782,4,6,1,0.592412,47.4108,179.9537,8.678
40,64,out,0.3782,4,7,1,0.583212,41.4742,179.9537,8.678
40,64,out,0.3782,5,0,1,0.600271,0.0349,0.1309,2.044
40,64,out,0.3782,5,1,1,0.502099,34.4941,90.3717,2.044
40,64,out,0.3782,5,2,1,0.549078,12.4550,0.1309,2.044
40,64,out,0.3782,5,3,1,0.524276,6.4550,0.1309,2.044
40,64,out,0.3782,5,4,1,0.519518,43.6320,179.6492,2.044
40,64,out,0.3782,5,5,1,0.548427,18.4652,0.1309,2.044
40,64,out,0.3782,5,6,1,0.528993,47.0080,178.6465,2.044
40,64,out,0.3782,5,7,1,0.521949,40.9313,179.3481,2.044
40,64,out,0.3782,6,0,1,0.643909,0.0365,0.1814,1.993
40,64,out,0.3782,6,1,1,0.555659,34.2116,90.4223,1.993
40,64,out,0.3782,6,2,1,0.591803,12.4557,0.1814,1.993
40,64,out,0.3782,6,3,1,0.574621,6.4557,0.1814,1.993
40,64,out,0.3782,6,4,1,0.574893,43.1679,179.6997,1.993
40,64,out,0.3782,6,5,1,0.580675,18.4659,0.1814,1.993
40,64,out,0.3782,6,6,1,0.562850,46.5265,179.6997,1.993
40,64,out,0.3782,6,7,1,0.582210,40.4240,179.6997,1.993
40,64,out,0.3782,7,0,1,0.614223,0.0409,0.1264,6.148
40,64,out,0.3782,7,1,1,0.553393,33.9614,90.1144,6.148
40,64,out,0.3782,7,2,1,0.572881,12.4548,0.1264,6.148
40,64,out,0.3782,7,3,1,0.545850,6.4547,0.1264,6.148
40,64,out,0.3782,7,4,1,0.554377,42.7533,179.6055,6.148
40,64,out,0.3782,7,5,1,0.560313,18.4649,0.1264,6.148
40,64,out,0.3782,7,6,1,0.556301,46.2250,179.3919,6.148
40,64,out,0.3782,7,7,1,0.562599,39.9561,179.3919,6.148
40,64,out,0.3782,8,0,1,0.628761,0.0484,0.5033,1.760
40,64,out,0.3782,8,1,1,0.522265,33.7957,89.7415,1.760
40,64,out,0.3782,8,2,1,0.594784,12.4319,0.4994,1.760
40,64,out,0.3782,8,3,1,0.562279,6.4319,0.4994,1.760
40,64,out,0.3782,8,4,1,0.559985,42.4501,179.9784,1.760
40,64,out,0.3782,8,5,1,0.578187,18.4421,0.4994,1.760
40,64,out,0.3782,8,6,1,0.561638,45.9160,179.9784,1.760
40,64,out,0.3782,8,7,1,0.565724,39.5829,179.9784,1.760
40,64,out,0.3782,9,0,1,0.571659,0.0612,0.4348,10.180
40,64,out,0.3782,9,1,1,0.468890,33.5674,89.6729,10.180
40,64,out,0.3782,9,2,1,0.506203,12.4465,0.5679,10.180
40,64,out,0.3782,9,3,1,0.501363,6.4465,0.5679,10.180
40,64,out,0.3782,9,4,1,0.516160,42.0480,179.9531,10.180
40,64,out,0.3782,9,5,1,0.502739,18.4567,0.4348,10.180
40,64,out,0.3782,9,6,1,0.516994,45.5665,179.9531,10.180
40,64,out,0.3782,9,7,1,0.522061,39.1257,179.9531,10.180
40,64,out,0.3782,10,0,1,0.672640,0.0314,0.3238,1.549
40,64,out,0.3782,10,1,1,0.538435,33.3972,89.9171,1.549
40,64,out,0.3782,10,2,1,0.620582,12.4719,0.6789,1.549
40,64,out,0.3782,10,3,1,0.625232,6.4718,0.3238,1.549
40,64,out,0.3782,10,4,1,0.631312,41.7019,179.8028,1.549
40,64,out,0.3782,10,5,1,0.627276,18.4774,0.3238,1.549
40,64,out,0.3782,10,6,1,0.628928,45.3374,179.1945,1.549
40,64,out,0.3782,10,7,1,0.628996,38.7230,179.8028,1.549
40,64,out,0.3782,11,0,1,0.624497,0.0439,0.5795,14.022
40,64,out,0.3782,11,1,1,0.535873,33.2329,89.6613,14.022
40,64,out,0.3782,11,2,1,0.540518,12.3582,0.5795,14.022
40,64,out,0.3782,11,3,1,0.533123,6.4630,0.4232,14.022
40,64,out,0.3782,11,4,1,0.553976,41.3962,179.9415,14.022
40,64,out,0.3782,11,5,1,0.536825,18.3686,0.5795,14.022
40,64,out,0.3782,11,6,1,0.534145,45.0881,178.9388,14.022
40,64,out,0.3782,11,7,1,0.540963,38.3512,179.9415,14.022
40,65,in,0.6367,0,0,1,0.438357,0.0390,0.7245,1896.155
40,65,in,0.6367,0,1,1,0.437209,5.9720,0.2781,1896.155
40,65,in,0.6367,0,2,1,0.401694,6.4094,0.7245,1896.155
40,65,in,0.6367,1,0,1,0.406051,0.0541,0.9031,0.909
40,65,in,0.6367,1,1,1,0.373501,6.0584,0.9031,0.909
40,65,in,0.6367,1,2,1,0.394861,6.3150,0.9031,0.909
40,65,in,0.6367,2,0,1,0.492389,0.0519,0.3495,0.739
40,65,in,0.6367,2,1,1,0.470871,6.0559,0.3495,0.739
40,65,in,0.6367,2,2,1,0.444791,6.4413,0.3495,0.739
40,65,in,0.6367,3,0,1,0.321040,0.2995,0.1522,5.364
40,65,in,0.6367,3,1,1,0.319598,6.0701,0.1522,5.364
40,65,in,0.6367,3,2,1,0.326067,6.4549,0.1522,5.364
40,65,in,0.6367,4,0,1,0.372462,0.0609,0.3983,1.133
40,65,in,0.6367,4,1,1,0.361884,6.0645,0.3983,1.133
40,65,in,0.6367,4,2,1,0.348928,6.5217,0.3983,1.133
40,65,in,0.6367,5,0,1,0.437153,0.0984,0.5674,0.932
40,65,in,0.6367,5,1,1,0.429164,6.0627,0.4353,0.932
40,65,in,0.6367,5,2,1,0.392482,6.4186,0.4353,0.932
40,65,in,0.6367,6,0,1,0.512484,0.0759,0.8258,0.831
40,65,in,0.6367,6,1,1,0.497110,6.0586,0.8258,0.831
40,65,in,0.6367,6,2,1,0.434529,6.3880,0.8258,0.831
40,65,in,0.6367,7,0,1,0.451995,0.0663,0.1287,5.136
40,65,in,0.6367,7,1,1,0.432914,6.0652,1.8767,5.136
40,65,in,0.6367,7,2,1,0.370098,6.4249,1.8767,5.136
40,65,in,0.6367,8,0,1,0.461287,0.0591,0.4260,0.827
40,65,in,0.6367,8,1,1,0.448207,6.0559,0.5767,0.827
40,65,in,0.6367,8,2,1,0.395100,6.3244,0.5767,0.827
40,65,in,0.6367,9,0,1,0.439817,0.0566,0.3996,0.855
40,65,in,0.6367,9,1,1,0.400941,6.0580,1.6058,0.855
40,65,in,0.6367,9,2,1,0.355687,6.2444,0.6031,0.855
40,65,in,0.6367,10,0,1,0.466501,0.0568,0.2076,0.853
40,65,in,0.6367,10,1,1,0.440574,6.0511,0.2076,0.853
40,65,in,0.6367,10,2,1,0.391861,6.3200,0.2076,0.853
40,65,in,0.6367,11,0,1,0.463748,0.0786,0.8222,5.072
40,65,in,0.6367,11,1,1,0.451415,5.9665,0.8222,5.072
40,65,in,0.6367,11,2,1,0.384791,6.3317,0.8222,5.072
40,66,out,0.2720,0,0,1,0.748372,0.0468,0.0049,554.478
40,66,out,0.2720,0,1,1,0.630102,1.8433,0.0049,554.478
40,66,out,0.2720,0,2,1,0.614802,21.0655,179.5134,554.478
40,66,out,0.2720,0,3,1,0.614241,19.8339,179.5134,554.478
40,66,out,0.2720,0,4,1,0.608812,24.0638,179.5134,554.478
40,66,out,0.2720,0,5,1,0.608203,6.1141,0.0049,554.478
40,66,out,0.2720,0,6,1,0.606439,26.3156,179.5134,554.478
40,66,out,0.2720,0,7,1,0.600117,2.9247,179.4839,554.478
40,66,out,0.2720,1,0,1,0.758330,0.0588,0.3827,2.615
40,66,out,0.2720,1,1,1,0.635631,1.8573,0.3827,2.615
40,66,out,0.2720,1,2,1,0.615396,20.8703,179.8618,2.615
40,66,out,0.2720,1,3,1,0.623281,19.2644,179.8618,2.615
40,66,out,0.2720,1,4,1,0.628988,23.5304,179.8618,2.615
40,66,out,0.2720,1,5,1,0.643656,6.0207,0.3827,2.615
40,66,out,0.2720,1,6,1,0.610058,25.6113,179.1356,2.615
40,66,out,0.2720,1,7,1,0.592678,3.1328,179.8618,2.615
40,66,out,0.2720,2,0,1,0.683567,0.0230,0.1988,2.708
40,66,out,0.2720,2,1,1,0.588941,1.7803,0.1988,2.708
40,66,out,0.2720,2,2,1,0.577536,20.8864,179.3195,2.708
40,66,out,0.2720,2,3,1,0.591440,18.7388,179.3195,2.708
40,66,out,0.2720,2,4,1,0.589141,23.0439,179.6778,2.708
40,66,out,0.2720,2,5,1,0.569464,6.0312,0.1988,2.708
40,66,out,0.2720,2,6,1,0.573001,25.1351,179.6778,2.708
40,66,out,0.2720,2,7,1,0.560743,3.3822,178.6751,2.708
40,66,out,0.2720,3,0,1,0.717504,0.0302,0.5903,2.216
40,66,out,0.2720,3,1,1,0.621678,1.7765,0.5903,2.216
40,66,out,0.2720,3,2,1,0.595197,20.5894,179.9306,2.216
40,66,out,0.2720,3,3,1,0.610612,18.7379,179.9306,2.216
40,66,out,0.2720,3,4,1,0.609023,22.8807,179.9306,2.216
40,66,out,0.2720,3,5,1,0.597877,6.0136,0.5903,2.216
40,66,out,0.2720,3,6,1,0.602267,24.9979,178.9279,2.216
40,66,out,0.2720,3,7,1,0.576018,3.3554,179.9306,2.216
40,66,out,0.2720,4,0,1,0.742347,0.0712,0.3334,2.447
40,66,out,0.2720,4,1,1,0.650461,1.9710,0.3334,2.447
40,66,out,0.2720,4,2,1,0.621361,20.3331,179.8517,2.447
40,66,out,0.2720,4,3,1,0.626226,18.4354,179.8517,2.447
40,66,out,0.2720,4,4,1,0.652847,22.8582,179.8517,2.447
40,66,out,0.2720,4,5,1,0.632311,6.0035,0.3334,2.447
40,66,out,0.2720,4,6,1,0.623421,24.9214,179.8517,2.447
40,66,out,0.2720,4,7,1,0.595103,4.0570,179.8517,2.447
40,66,out,0.2720,5,0,1,0.687817,0.0386,0.6917,2.500
40,66,out,0.2720,5,1,1,0.579581,1.7719,0.6917,2.500
40,66,out,0.2720,5,2,1,0.575321,19.9622,179.8292,2.500
40,66,out,0.2720,5,3,1,0.585789,18.2275,179.8292,2.500
40,66,out,0.2720,5,4,1,0.576693,22.7597,179.8292,2.500
40,66,out,0.2720,5,5,1,0.555510,6.0755,0.3109,2.500
40,66,out,0.2720,5,6,1,0.554259,24.7910,179.8292,2.500
40,66,out,0.2720,5,7,1,0.541101,4.3872,179.8292,2.500
40,66,out,0.2720,6,0,1,0.635900,0.0281,0.2346,2.689
40,66,out,0.2720,6,1,1,0.525932,1.8967,0.2346,2.689
40,66,out,0.2720,6,2,1,0.555859,19.3289,179.2837,2.689
40,66,out,0.2720,6,3,1,0.539281,18.1973,179.7136,2.689
40,66,out,0.2720,6,4,1,0.536778,22.9446,179.2837,2.689
40,66,out,0.2720,6,5,1,0.532758,5.9829,0.2346,2.689
40,66,out,0.2720,6,6,1,0.534612,24.7172,179.2837,2.689
40,66,out,0.2720,6,7,1,0.487855,5.0788,179.7136,2.689
40,66,out,0.2720,7,0,1,0.763971,0.0597,0.6007,1.978
40,66,out,0.2720,7,1,1,0.651225,1.8126,0.6007,1.978
40,66,out,0.2720,7,2,1,0.673864,19.0464,178.9176,1.978
40,66,out,0.2720,7,3,1,0.681848,18.1142,179.9203,1.978
40,66,out,0.2720,7,4,1,0.648757,22.9681,179.9203,1.978
40,66,out,0.2720,7,5,1,0.644737,6.0613,0.6007,1.978
40,66,out,0.2720,7,6,1,0.644994,24.7682,178.9176,1.978
40,66,out,0.2720,7,7,1,0.627570,5.5221,179.9203,1.978
40,66,out,0.2720,8,0,1,0.729798,0.0533,0.3089,2.516
40,66,out,0.2720,8,1,1,0.563458,2.1182,0.3089,2.516
40,66,out,0.2720,8,2,1,0.588256,18.6576,179.8272,2.516
40,66,out,0.2720,8,3,1,0.634740,18.0978,179.8272,2.516
40,66,out,0.2720,8,4,1,0.593660,22.8428,179.8272,2.516
40,66,out,0.2720,8,5,1,0.581073,6.0531,0.3089,2.516
40,66,out,0.2720,8,6,1,0.569773,24.9128,179.8272,2.516
40,66,out,0.2720,8,7,1,0.539940,6.0677,179.1701,2.516
40,66,out,0.2720,9,0,1,0.747673,0.0344,0.2065,2.306
40,66,out,0.2720,9,1,1,0.569264,1.8210,0.2065,2.306
40,66,out,0.2720,9,2,1,0.612931,18.3405,179.6855,2.306
40,66,out,0.2720,9,3,1,0.632516,18.0663,179.6855,2.306
40,66,out,0.2720,9,4,1,0.608023,23.0004,179.3118,2.306
40,66,out,0.2720,9,5,1,0.564132,6.0301,0.2065,2.306
40,66,out,0.2720,9,6,1,0.578279,24.8760,179.3118,2.306
40,66,out,0.2720,9,7,1,0.544900,6.6496,179.3118,2.306
40,66,out,0.2720,10,0,1,0.726924,0.0638,0.4012,2.570
40,66,out,0.2720,10,1,1,0.573275,1.9533,0.6015,2.570
40,66,out,0.2720,10,2,1,0.590673,17.9283,179.8802,2.570
40,66,out,0.2720,10,3,1,0.601299,18.0724,179.8802,2.570
40,66,out,0.2720,10,4,1,0.586153,23.2682,179.8802,2.570
40,66,out,0.2720,10,5,1,0.566182,6.0458,0.4012,2.570
40,66,out,0.2720,10,6,1,0.586964,25.1183,179.8802,2.570
40,66,out,0.2720,10,7,1,0.516810,6.9614,179.1171,2.570
40,66,out,0.2720,11,0,1,0.731223,0.0597,0.5212,2.311
40,66,out,0.2720,11,1,1,0.593999,1.6449,0.4814,2.311
40,66,out,0.2720,11,2,1,0.623777,17.4135,179.0369,2.311
40,66,out,0.2720,11,3,1,0.610014,17.9002,179.9605,2.311
40,66,out,0.2720,11,4,1,0.593757,23.1266,179.9605,2.311
40,66,out,0.2720,11,5,1,0.582259,6.0334,0.4814,2.311
40,66,out,0.2720,11,6,1,0.574158,25.0663,179.9605,2.311
40,66,out,0.2720,11,7,1,0.544138,7.5597,179.0369,2.311
40,67,in,0.3400,0,0,1,0.637836,0.0240,0.3502,845.479
40,67,in,0.3400,0,1,1,0.532888,17.6180,179.8685,845.479
40,67,in,0.3400,0,2,1,0.523394,11.7057,0.3502,845.479
40,67,in,0.3400,0,3,1,0.523165,15.5730,179.8685,845.479
40,67,in,0.3400,0,4,1,0.520706,10.7222,179.1288,845.479
40,67,in,0.3400,0,5,1,0.520003,14.4952,0.3502,845.479
40,67,in,0.3400,0,6,1,0.519474,14.1965,179.8685,845.479
40,67,in,0.3400,0,7,1,0.518047,13.4057,0.3502,845.479
40,67,in,0.3400,1,0,1,0.713277,0.0234,1.0101,6.305
40,67,in,0.3400,1,1,1,0.578502,18.4205,179.4864,6.305
40,67,in,0.3400,1,2,1,0.597120,11.7930,0.0074,6.305
40,67,in,0.3400,1,3,1,0.583255,15.9056,179.5109,6.305
40,67,in,0.3400,1,4,1,0.586721,11.2204,179.5109,6.305
40,67,in,0.3400,1,5,1,0.579257,14.3021,0.0074,6.305
40,67,in,0.3400,1,6,1,0.571283,14.4299,179.5109,6.305
40,67,in,0.3400,1,7,1,0.577535,13.0930,1.0101,6.305
40,67,in,0.3400,2,0,1,0.655277,0.0291,0.5461,2.762
40,67,in,0.3400,2,1,1,0.497688,18.6868,179.9356,2.762
40,67,in,0.3400,2,2,1,0.515589,12.0056,0.5461,2.762
40,67,in,0.3400,2,3,1,0.513287,16.6947,179.9356,2.762
40,67,in,0.3400,2,4,1,0.519911,11.8031,179.9356,2.762
40,67,in,0.3400,2,5,1,0.523689,14.5821,0.5461,2.762
40,67,in,0.3400,2,6,1,0.520323,14.7641,179.9356,2.762
40,67,in,0.3400,2,7,1,0.509875,13.3055,0.4566,2.762
40,67,in,0.3400,3,0,1,0.681656,0.0383,0.1106,2.399
40,67,in,0.3400,3,1,1,0.532410,18.9932,179.3684,2.399
40,67,in,0.3400,3,2,1,0.515510,11.8056,0.1106,2.399
40,67,in,0.3400,3,3,1,0.528618,16.8972,179.6289,2.399
40,67,in,0.3400,3,4,1,0.550249,12.3700,179.3684,2.399
40,67,in,0.3400,3,5,1,0.504451,14.4870,0.8921,2.399
40,67,in,0.3400,3,6,1,0.528642,15.3871,179.6289,2.399
40,67,in,0.3400,3,7,1,0.510613,13.1065,0.1106,2.399
40,67,in,0.3400,4,0,1,0.742300,0.0511,0.4775,2.264
40,67,in,0.3400,4,1,1,0.580281,19.5646,179.0408,2.264
40,67,in,0.3400,4,2,1,0.573481,11.6834,0.4775,2.264
40,67,in,0.3400,4,3,1,0.605168,17.3007,179.9565,2.264
40,67,in,0.3400,4,4,1,0.581560,12.8614,179.9565,2.264
40,67,in,0.3400,4,5,1,0.568896,14.2821,0.5252,2.264
40,67,in,0.3400,4,6,1,0.586464,15.6860,179.9565,2.264
40,67,in,0.3400,4,7,1,0.577020,12.7843,0.5252,2.264
40,67,in,0.3400,5,0,1,0.653703,0.0494,0.5635,3.532
40,67,in,0.3400,5,1,1,0.502282,19.9261,179.0791,3.532
40,67,in,0.3400,5,2,1,0.530124,11.8764,0.4392,3.532
40,67,in,0.3400,5,3,1,0.510588,17.8281,179.9182,3.532
40,67,in,0.3400,5,4,1,0.494834,13.3124,179.9182,3.532
40,67,in,0.3400,5,5,1,0.503725,14.5487,0.5635,3.532
40,67,in,0.3400,5,6,1,0.503572,16.1913,179.9182,3.532
40,67,in,0.3400,5,7,1,0.525156,12.4754,0.5635,3.532
40,67,in,0.3400,6,0,1,0.648664,0.0425,0.7676,3.288
40,67,in,0.3400,6,1,1,0.493454,20.3576,179.7141,3.288
40,67,in,0.3400,6,2,1,0.491690,12.1790,0.7676,3.288
40,67,in,0.3400,6,3,1,0.523078,18.5842,179.7141,3.288
40,67,in,0.3400,6,4,1,0.498421,14.0807,179.7141,3.288
40,67,in,0.3400,6,5,1,0.480170,14.4616,0.2351,3.288
40,67,in,0.3400,6,6,1,0.504466,16.4717,179.7141,3.288
40,67,in,0.3400,6,7,1,0.491689,12.1766,0.7676,3.288
40,67,in,0.3400,7,0,1,0.672742,0.0582,0.5770,2.825
40,67,in,0.3400,7,1,1,0.554785,21.0875,179.0926,2.825
40,67,in,0.3400,7,2,1,0.513041,11.8740,0.5770,2.825
40,67,in,0.3400,7,3,1,0.532539,18.8716,179.9047,2.825
40,67,in,0.3400,7,4,1,0.542692,14.3859,179.9047,2.825
40,67,in,0.3400,7,5,1,0.493416,14.5439,0.5770,2.825
40,67,in,0.3400,7,6,1,0.543434,17.1185,179.9047,2.825
40,67,in,0.3400,7,7,1,0.513041,11.8715,0.5770,2.825
40,67,in,0.3400,8,0,1,0.653403,0.0276,0.1094,2.353
40,67,in,0.3400,8,1,1,0.517691,21.7439,179.6277,2.353
40,67,in,0.3400,8,2,1,0.489785,11.5843,0.1094,2.353
40,67,in,0.3400,8,3,1,0.499723,19.3904,179.3696,2.353
40,67,in,0.3400,8,4,1,0.484632,15.2686,179.6277,2.353
40,67,in,0.3400,8,5,1,0.464529,14.6745,0.1094,2.353
40,67,in,0.3400,8,6,1,0.517237,17.6254,179.3696,2.353
40,67,in,0.3400,8,7,1,0.489785,11.5819,0.1094,2.353
40,67,in,0.3400,9,0,1,0.702517,0.0327,0.1651,2.573
40,67,in,0.3400,9,1,1,0.575390,22.4195,179.6834,2.573
40,67,in,0.3400,9,2,1,0.543209,11.4773,0.8375,2.573
40,67,in,0.3400,9,3,1,0.505258,20.2470,179.6834,2.573
40,67,in,0.3400,9,4,1,0.509787,15.7817,179.3139,2.573
40,67,in,0.3400,9,5,1,0.475635,14.3944,0.1651,2.573
40,67,in,0.3400,9,6,1,0.495725,18.2849,179.6834,2.573
40,67,in,0.3400,9,7,1,0.543862,11.4749,0.8375,2.573
40,67,in,0.3400,10,0,1,0.613361,0.0427,0.0220,3.123
40,67,in,0.3400,10,1,1,0.501889,22.2388,179.4570,3.123
40,67,in,0.3400,10,2,1,0.423891,11.4658,0.0220,3.123
40,67,in,0.3400,10,3,1,0.409917,20.5391,179.5403,3.123
40,67,in,0.3400,10,4,1,0.463126,15.4931,179.4570,3.123
40,67,in,0.3400,10,5,1,0.380362,14.4763,0.0220,3.123
40,67,in,0.3400,10,6,1,0.399503,18.2942,179.4570,3.123
40,67,in,0.3400,10,7,1,0.423891,11.4634,0.0220,3.123
40,67,in,0.3400,11,0,1,0.681307,0.0381,0.2591,2.927
40,67,in,0.3400,11,1,1,0.557877,21.9290,179.7774,2.927
40,67,in,0.3400,11,2,1,0.516162,11.5726,0.2591,2.927
40,67,in,0.3400,11,3,1,0.515561,19.9690,179.2199,2.927
40,67,in,0.3400,11,4,1,0.524582,15.1647,179.2199,2.927
40,67,in,0.3400,11,5,1,0.469357,14.2107,0.2591,2.927
40,67,in,0.3400,11,6,1,0.501075,18.1153,179.7774,2.927
40,67,in,0.3400,11,7,1,0.516162,11.5702,0.2591,2.927
40,68,out,0.0696,0,0,1,0.899140,0.0438,0.3847,527.630
40,68,out,0.0696,0,1,1,0.767860,17.9357,0.6180,527.630
40,68,out,0.0696,0,2,1,0.743322,32.9523,179.8637,527.630
40,68,out,0.0696,0,3,1,0.740050,11.9357,0.6180,527.630
40,68,out,0.0696,0,4,1,0.739606,40.9138,178.8610,527.630
40,68,out,0.0696,0,5,1,0.739271,34.7834,179.8637,527.630
40,68,out,0.0696,0,6,1,0.737330,23.9357,0.6180,527.630
40,68,out,0.0696,0,7,1,0.734439,32.1532,179.8637,527.630
40,68,out,0.0696,1,0,1,0.885705,0.0700,0.8320,1.878
40,68,out,0.0696,1,1,1,0.773234,17.9323,0.8320,1.878
40,68,out,0.0696,1,2,1,0.750301,33.5381,179.6498,1.878
40,68,out,0.0696,1,3,1,0.758483,11.9323,0.8320,1.878
40,68,out,0.0696,1,4,1,0.746536,41.4044,179.6498,1.878
40,68,out,0.0696,1,5,1,0.749892,35.3445,179.6498,1.878
40,68,out,0.0696,1,6,1,0.755142,23.9323,0.8320,1.878
40,68,out,0.0696,1,7,1,0.753133,32.7471,179.6498,1.878
40,68,out,0.0696,2,0,1,0.864551,0.0631,0.1516,1.843
40,68,out,0.0696,2,1,1,0.746791,18.0145,0.1516,1.843
40,68,out,0.0696,2,2,1,0.723545,34.0910,179.3274,1.843
40,68,out,0.0696,2,3,1,0.724338,12.0146,0.1516,1.843
40,68,out,0.0696,2,4,1,0.722811,41.8059,179.6699,1.843
40,68,out,0.0696,2,5,1,0.716996,35.8510,179.6699,1.843
40,68,out,0.0696,2,6,1,0.715866,24.0145,0.1516,1.843
40,68,out,0.0696,2,7,1,0.722974,33.3331,179.6699,1.843
40,68,out,0.0696,3,0,1,0.881432,0.0669,0.2289,1.548
40,68,out,0.0696,3,1,1,0.774869,18.0233,0.2289,1.548
40,68,out,0.0696,3,2,1,0.734901,34.6876,179.7080,1.548
40,68,out,0.0696,3,3,1,0.740986,12.0234,0.2289,1.548
40,68,out,0.0696,3,4,1,0.730662,42.4236,179.7080,1.548
40,68,out,0.0696,3,5,1,0.739532,36.4829,179.7080,1.548
40,68,out,0.0696,3,6,1,0.729838,23.9233,0.7738,1.548
40,68,out,0.0696,3,7,1,0.740305,33.9188,179.7080,1.548
40,68,out,0.0696,4,0,1,0.916071,0.0542,0.0711,1.631
40,68,out,0.0696,4,1,1,0.811185,17.9229,0.0711,1.631
40,68,out,0.0696,4,2,1,0.770884,35.3684,179.5894,1.631
40,68,out,0.0696,4,3,1,0.787840,11.9229,0.0711,1.631
40,68,out,0.0696,4,4,1,0.732519,42.9418,179.5894,1.631
40,68,out,0.0696,4,5,1,0.767288,37.1249,179.5894,1.631
40,68,out,0.0696,4,6,1,0.764936,23.9182,0.0711,1.631
40,68,out,0.0696,4,7,1,0.766739,34.5780,179.5894,1.631
40,68,out,0.0696,5,0,1,0.886558,0.0495,0.0360,1.627
40,68,out,0.0696,5,1,1,0.789600,17.9273,0.0360,1.627
40,68,out,0.0696,5,2,1,0.761317,35.9420,179.5150,1.627
40,68,out,0.0696,5,3,1,0.774093,11.9273,0.0360,1.627
40,68,out,0.0696,5,4,1,0.744164,43.5905,179.4823,1.627
40,68,out,0.0696,5,5,1,0.757214,37.7394,179.5150,1.627
40,68,out,0.0696,5,6,1,0.765206,23.9226,0.0360,1.627
40,68,out,0.0696,5,7,1,0.761456,35.0917,179.5150,1.627
40,68,out,0.0696,6,0,1,0.905360,0.0445,0.3851,1.799
40,68,out,0.0696,6,1,1,0.788169,17.9198,0.6176,1.799
40,68,out,0.0696,6,2,1,0.781872,36.5420,179.8641,1.799
40,68,out,0.0696,6,3,1,0.759978,12.0198,0.3851,1.799
40,68,out,0.0696,6,4,1,0.732156,44.1678,178.8615,1.799
40,68,out,0.0696,6,5,1,0.777993,38.3286,179.8641,1.799
40,68,out,0.0696,6,6,1,0.766083,23.9151,0.6176,1.799
40,68,out,0.0696,6,7,1,0.772800,35.6935,179.8641,1.799
40,68,out,0.0696,7,0,1,0.878552,0.0326,0.1643,1.927
40,68,out,0.0696,7,1,1,0.723569,18.0066,0.1643,1.927
40,68,out,0.0696,7,2,1,0.704754,37.0531,179.6434,1.927
40,68,out,0.0696,7,3,1,0.701455,12.0117,0.1643,1.927
40,68,out,0.0696,7,4,1,0.674681,44.6904,179.6434,1.927
40,68,out,0.0696,7,5,1,0.700525,38.8824,179.6434,1.927
40,68,out,0.0696,7,6,1,0.685437,24.0018,0.1643,1.927
40,68,out,0.0696,7,7,1,0.696313,36.1792,179.3540,1.927
40,68,out,0.0696,8,0,1,0.858978,0.0440,0.4381,1.572
40,68,out,0.0696,8,1,1,0.716577,17.9071,0.4381,1.572
40,68,out,0.0696,8,2,1,0.758836,37.7263,179.9564,1.572
40,68,out,0.0696,8,3,1,0.708058,11.9123,0.4381,1.572
40,68,out,0.0696,8,4,1,0.729411,45.3488,179.9564,1.572
40,68,out,0.0696,8,5,1,0.759390,39.5258,179.9564,1.572
40,68,out,0.0696,8,6,1,0.689253,23.9024,0.4381,1.572
40,68,out,0.0696,8,7,1,0.734366,36.8297,179.9564,1.572
40,68,out,0.0696,9,0,1,0.864438,0.0434,0.5001,1.615
40,68,out,0.0696,9,1,1,0.702776,17.9091,0.5026,1.615
40,68,out,0.0696,9,2,1,0.740765,38.3193,179.9791,1.615
40,68,out,0.0696,9,3,1,0.707282,12.0143,0.5026,1.615
40,68,out,0.0696,9,4,1,0.712003,45.9331,179.9791,1.615
40,68,out,0.0696,9,5,1,0.728786,40.1263,179.9791,1.615
40,68,out,0.0696,9,6,1,0.671266,24.0044,0.5026,1.615
40,68,out,0.0696,9,7,1,0.696247,37.4002,179.9791,1.615
40,68,out,0.0696,10,0,1,0.879074,0.0387,0.2621,2.080
40,68,out,0.0696,10,1,1,0.699841,18.0056,0.2621,2.080
40,68,out,0.0696,10,2,1,0.693208,38.9078,179.7804,2.080
40,68,out,0.0696,10,3,1,0.688114,12.0108,0.2621,2.080
40,68,out,0.0696,10,4,1,0.670257,46.5308,179.7804,2.080
40,68,out,0.0696,10,5,1,0.694254,40.7289,179.7804,2.080
40,68,out,0.0696,10,6,1,0.682893,24.0008,0.2621,2.080
40,68,out,0.0696,10,7,1,0.670803,37.8684,179.2170,2.080
40,68,out,0.0696,11,0,1,0.907362,0.0536,0.3616,1.875
40,68,out,0.0696,11,1,1,0.719387,18.1166,0.3616,1.875
40,68,out,0.0696,11,2,1,0.713573,39.4490,179.8407,1.875
40,68,out,0.0696,11,3,1,0.735264,12.0218,0.3616,1.875
40,68,out,0.0696,11,4,1,0.705914,47.1041,179.8407,1.875
40,68,out,0.0696,11,5,1,0.709326,41.2917,179.8407,1.875
40,68,out,0.0696,11,6,1,0.667489,24.0119,0.6411,1.875
40,68,out,0.0696,11,7,1,0.683280,38.4633,179.8407,1.875
40,69,out,0.2353,0,0,1,0.728444,0.0698,0.3293,693.471
40,69,out,0.2353,0,1,1,0.697385,3.1637,0.3293,693.471
40,69,out,0.2353,0,2,1,0.689891,5.4636,0.3293,693.471
40,69,out,0.2353,0,3,1,0.686269,2.2649,179.8084,693.471
40,69,out,0.2353,0,4,1,0.685566,6.5636,0.3293,693.471
40,69,out,0.2353,0,5,1,0.684231,8.4636,0.3293,693.471
40,69,out,0.2353,0,6,1,0.680288,6.3365,0.3293,693.471
40,69,out,0.2353,0,7,1,0.678166,9.9636,0.3293,693.471
40,69,out,0.2353,1,0,1,0.749949,0.0471,0.0194,6.929
40,69,out,0.2353,1,1,1,0.714176,3.4617,0.0194,6.929
40,69,out,0.2353,1,2,1,0.700508,5.1616,0.0194,6.929
40,69,out,0.2353,1,3,1,0.719467,2.6483,179.4989,6.929
40,69,out,0.2353,1,4,1,0.702537,6.3616,0.0194,6.929
40,69,out,0.2353,1,5,1,0.692996,8.1616,0.0194,6.929
40,69,out,0.2353,1,6,1,0.698554,6.0385,0.0194,6.929
40,69,out,0.2353,1,7,1,0.680043,10.1616,0.0194,6.929
40,69,out,0.2353,2,0,1,0.747310,0.0508,0.1464,1.968
40,69,out,0.2353,2,1,1,0.704477,3.5526,0.1464,1.968
40,69,out,0.2353,2,2,1,0.696774,4.8526,0.1464,1.968
40,69,out,0.2353,2,3,1,0.719035,3.0506,179.6647,1.968
40,69,out,0.2353,2,4,1,0.708709,6.6525,0.1464,1.968
40,69,out,0.2353,2,5,1,0.692715,7.8525,0.1464,1.968
40,69,out,0.2353,2,6,1,0.710609,6.2475,0.1464,1.968
40,69,out,0.2353,2,7,1,0.677215,10.4525,0.1464,1.968
40,69,out,0.2353,3,0,1,0.765496,0.0575,0.0848,1.964
40,69,out,0.2353,3,1,1,0.703220,3.5437,0.0848,1.964
40,69,out,0.2353,3,2,1,0.705168,4.7437,0.0848,1.964
40,69,out,0.2353,3,3,1,0.707902,3.0615,179.4335,1.964
40,69,out,0.2353,3,4,1,0.696368,6.3437,0.0848,1.964
40,69,out,0.2353,3,5,1,0.695774,7.6437,0.0848,1.964
40,69,out,0.2353,3,6,1,0.697834,6.5564,0.0848,1.964
40,69,out,0.2353,3,7,1,0.684733,10.1437,0.0848,1.964
40,69,out,0.2353,4,0,1,0.776325,0.0734,0.2728,3.922
40,69,out,0.2353,4,1,1,0.730002,3.8273,0.2728,3.922
40,69,out,0.2353,4,2,1,0.738906,4.4273,0.2728,3.922
40,69,out,0.2353,4,3,1,0.744454,3.4853,179.7518,3.922
40,69,out,0.2353,4,4,1,0.731878,6.5273,0.2728,3.922
40,69,out,0.2353,4,5,1,0.716220,7.4273,0.2728,3.922
40,69,out,0.2353,4,6,1,0.705225,6.8728,0.2728,3.922
40,69,out,0.2353,4,7,1,0.701737,10.1273,0.2728,3.922
40,69,out,0.2353,5,0,1,0.760533,0.0102,0.2619,3.655
40,69,out,0.2353,5,1,1,0.721239,3.5074,0.2619,3.655
40,69,out,0.2353,5,2,1,0.720699,4.7074,0.2619,3.655
40,69,out,0.2353,5,3,1,0.706501,3.9155,179.7409,3.655
40,69,out,0.2353,5,4,1,0.716450,6.2074,0.2619,3.655
40,69,out,0.2353,5,5,1,0.698795,7.1074,0.2619,3.655
40,69,out,0.2353,5,6,1,0.707564,6.5926,0.7408,3.655
40,69,out,0.2353,5,7,1,0.728863,10.0074,0.2619,3.655
40,69,out,0.2353,6,0,1,0.795458,0.0072,0.2554,1.531
40,69,out,0.2353,6,1,1,0.751355,3.2940,0.2554,1.531
40,69,out,0.2353,6,2,1,0.745906,4.9940,0.2554,1.531
40,69,out,0.2353,6,3,1,0.758058,4.4439,179.7737,1.531
40,69,out,0.2353,6,4,1,0.731043,5.8940,0.2554,1.531
40,69,out,0.2353,6,5,1,0.715044,6.7940,0.2554,1.531
40,69,out,0.2353,6,6,1,0.734298,6.3060,0.2554,1.531
40,69,out,0.2353,6,7,1,0.740346,9.6940,0.2554,1.531
40,69,out,0.2353,7,0,1,0.824228,0.0236,0.2337,4.370
40,69,out,0.2353,7,1,1,0.771170,3.3815,0.2337,4.370
40,69,out,0.2353,7,2,1,0.757257,4.6815,0.2337,4.370
40,69,out,0.2353,7,3,1,0.743944,4.9948,179.7520,4.370
40,69,out,0.2353,7,4,1,0.750619,5.5815,0.2337,4.370
40,69,out,0.2353,7,5,1,0.736141,6.7815,0.2337,4.370
40,69,out,0.2353,7,6,1,0.740442,6.2186,0.2337,4.370
40,69,out,0.2353,7,7,1,0.768076,9.3815,0.2337,4.370
40,69,out,0.2353,8,0,1,0.777124,0.0241,0.0569,2.743
40,69,out,0.2353,8,1,1,0.736837,3.3809,0.0569,2.743
40,69,out,0.2353,8,2,1,0.716822,4.3809,0.0569,2.743
40,69,out,0.2353,8,3,1,0.711470,5.5384,179.5752,2.743
40,69,out,0.2353,8,4,1,0.716521,5.8808,0.0569,2.743
40,69,out,0.2353,8,5,1,0.702805,6.4808,0.0569,2.743
40,69,out,0.2353,8,6,1,0.718737,6.5192,0.0569,2.743
40,69,out,0.2353,8,7,1,0.729240,9.3808,0.0569,2.743
40,69,out,0.2353,9,0,1,0.777173,0.0296,0.3952,1.792
40,69,out,0.2353,9,1,1,0.725274,3.0732,0.6075,1.792
40,69,out,0.2353,9,2,1,0.693551,4.0732,0.6075,1.792
40,69,out,0.2353,9,3,1,0.712089,6.1192,179.8742,1.792
40,69,out,0.2353,9,4,1,0.690310,6.1732,0.3952,1.792
40,69,out,0.2353,9,5,1,0.697305,6.7732,0.3952,1.792
40,69,out,0.2353,9,6,1,0.698770,6.2269,0.3952,1.792
40,69,out,0.2353,9,7,1,0.707733,9.0732,0.3952,1.792
40,69,out,0.2353,10,0,1,0.746954,0.0346,0.3453,1.758
40,69,out,0.2353,10,1,1,0.683643,2.7682,0.3453,1.758
40,69,out,0.2353,10,2,1,0.680506,3.7682,0.3453,1.758
40,69,out,0.2353,10,3,1,0.687651,6.7202,179.8636,1.758
40,69,out,0.2353,10,4,1,0.666141,6.4670,0.3453,1.758
40,69,out,0.2353,10,5,1,0.667793,6.5670,0.3453,1.758
40,69,out,0.2353,10,6,1,0.694356,6.4330,0.3453,1.758
40,69,out,0.2353,10,7,1,0.689671,8.7670,0.3453,1.758
40,69,out,0.2353,11,0,1,0.772105,0.0631,0.3910,1.757
40,69,out,0.2353,11,1,1,0.719246,3.0639,0.3910,1.757
40,69,out,0.2353,11,2,1,0.723198,3.4639,0.3910,1.757
40,69,out,0.2353,11,3,1,0.717948,6.6316,179.9093,1.757
40,69,out,0.2353,11,4,1,0.705682,6.7628,0.3910,1.757
40,69,out,0.2353,11,5,1,0.705682,6.7628,0.3910,1.757
40,69,out,0.2353,11,6,1,0.721793,6.1373,0.3910,1.757
40,69,out,0.2353,11,7,1,0.730149,8.7628,0.3910,1.757
40,70,in,0.5553,0,0,1,0.513824,0.0683,0.0612,1409.625
40,70,in,0.5553,0,1,1,0.467020,15.0500,1.0639,1409.625
40,70,in,0.5553,0,2,1,0.465111,13.6368,178.4152,1409.625
40,70,in,0.5553,0,3,1,0.463896,8.0273,177.4125,1409.625
40,70,in,0.5553,0,4,1,0.462831,17.4913,179.5795,1409.625
40,70,in,0.5553,0,5,1,0.462504,20.4492,2.1058,1409.625
40,70,in,0.5553,0,6,1,0.456324,18.7935,1.0639,1409.625
40,70,in,0.5553,0,7,1,0.456278,20.9897,0.9415,1409.625
40,70,in,0.5553,1,0,1,0.538760,0.0513,0.0971,3.574
40,70,in,0.5553,1,1,1,0.434203,15.0552,1.0997,3.574
40,70,in,0.5553,1,2,1,0.417705,13.5364,178.5734,3.574
40,70,in,0.5553,1,3,1,0.460678,8.9220,179.4212,3.574
40,70,in,0.5553,1,4,1,0.431667,18.1349,179.5761,3.574
40,70,in,0.5553,1,5,1,0.423694,20.6026,2.0631,3.574
40,70,in,0.5553,1,6,1,0.431161,18.5683,0.9056,3.574
40,70,in,0.5553,1,7,1,0.444179,20.9359,1.0997,3.574
40,70,in,0.5553,2,0,1,0.448017,0.0641,1.2625,3.696
40,70,in,0.5553,2,1,1,0.426858,15.2618,0.7428,3.696
40,70,in,0.5553,2,2,1,0.392479,13.7136,179.7389,3.696
40,70,in,0.5553,2,3,1,0.399566,9.3852,178.2558,3.696
40,70,in,0.5553,2,4,1,0.395605,18.8612,178.7362,3.696
40,70,in,0.5553,2,5,1,0.399417,20.7697,0.7821,3.696
40,70,in,0.5553,2,6,1,0.397174,18.6731,1.7455,3.696
40,70,in,0.5553,2,7,1,0.393243,20.8090,1.7455,3.696
40,70,in,0.5553,3,0,1,0.521451,0.0841,0.2474,3.375
40,70,in,0.5553,3,1,1,0.438034,15.0877,0.2474,3.375
40,70,in,0.5553,3,2,1,0.432192,13.8403,179.7264,3.375
40,70,in,0.5553,3,3,1,0.479626,9.9482,179.7264,3.375
40,70,in,0.5553,3,4,1,0.437108,19.2740,179.2709,3.375
40,70,in,0.5553,3,5,1,0.451693,20.9263,0.2081,3.375
40,70,in,0.5553,3,6,1,0.427383,18.4560,0.2474,3.375
40,70,in,0.5553,3,7,1,0.450599,20.9189,0.2474,3.375
40,70,in,0.5553,4,0,1,0.430604,0.0533,0.1062,4.402
40,70,in,0.5553,4,1,1,0.353807,15.1087,3.1142,4.402
40,70,in,0.5553,4,2,1,0.330144,13.9598,177.3675,4.402
40,70,in,0.5553,4,3,1,0.365761,10.6201,179.3729,4.402
40,70,in,0.5553,4,4,1,0.357722,19.8340,179.3729,4.402
40,70,in,0.5553,4,5,1,0.328436,20.8752,0.8572,4.402
40,70,in,0.5553,4,6,1,0.350500,18.5351,4.1169,4.402
40,70,in,0.5553,4,7,1,0.328935,20.9181,0.8965,4.402
40,70,in,0.5553,5,0,1,0.471850,0.0337,0.3699,3.420
40,70,in,0.5553,5,1,1,0.440353,15.0344,0.3699,3.420
40,70,in,0.5553,5,2,1,0.412120,14.2273,178.1458,3.420
40,70,in,0.5553,5,3,1,0.396732,11.1983,179.8489,3.420
40,70,in,0.5553,5,4,1,0.404297,20.3814,179.8489,3.420
40,70,in,0.5553,5,5,1,0.389965,21.0209,0.3306,3.420
40,70,in,0.5553,5,6,1,0.391868,18.4688,3.6408,3.420
40,70,in,0.5553,5,7,1,0.395099,21.0648,0.3699,3.420
40,70,in,0.5553,6,0,1,0.515262,0.0257,0.6899,10.789
40,70,in,0.5553,6,1,1,0.409787,15.0914,0.6899,10.789
40,70,in,0.5553,6,2,1,0.404037,14.4500,179.7918,10.789
40,70,in,0.5553,6,3,1,0.448264,11.6905,178.7891,10.789
40,70,in,0.5553,6,4,1,0.432471,20.7181,178.7891,10.789
40,70,in,0.5553,6,5,1,0.403816,21.1543,4.7399,10.789
40,70,in,0.5553,6,6,1,0.409409,18.4095,0.3127,10.789
40,70,in,0.5553,6,7,1,0.405165,21.1466,4.7007,10.789
40,70,in,0.5553,7,0,1,0.470701,0.0381,0.4468,4.771
40,70,in,0.5553,7,1,1,0.366157,15.2220,0.5558,4.771
40,70,in,0.5553,7,2,1,0.374860,14.5250,179.0322,4.771
40,70,in,0.5553,7,3,1,0.411236,12.2653,178.0295,4.771
40,70,in,0.5553,7,4,1,0.374670,21.1852,177.9598,4.771
40,70,in,0.5553,7,5,1,0.353361,20.9433,0.4861,4.771
40,70,in,0.5553,7,6,1,0.412269,18.6309,0.5558,4.771
40,70,in,0.5553,7,7,1,0.354241,20.9354,0.4468,4.771
40,70,in,0.5553,8,0,1,0.471638,0.0502,0.1692,8.006
40,70,in,0.5553,8,1,1,0.397865,15.3354,3.1772,8.006
40,70,in,0.5553,8,2,1,0.378808,14.5258,175.6375,8.006
40,70,in,0.5553,8,3,1,0.410018,12.9943,179.6482,8.006
40,70,in,0.5553,8,4,1,0.377084,21.4379,178.6455,8.006
40,70,in,0.5553,8,5,1,0.386981,20.9549,5.1433,8.006
40,70,in,0.5553,8,6,1,0.386309,18.8021,4.1799,8.006
40,70,in,0.5553,8,7,1,0.387193,20.9468,5.1825,8.006
40,70,in,0.5553,9,0,1,0.505462,0.0422,0.1668,4.768
40,70,in,0.5553,9,1,1,0.368373,15.5918,0.1668,4.768
40,70,in,0.5553,9,2,1,0.371331,14.6262,174.6324,4.768
40,70,in,0.5553,9,3,1,0.420659,13.4849,177.6404,4.768
40,70,in,0.5553,9,4,1,0.381697,22.0138,178.6431,4.768
40,70,in,0.5553,9,5,1,0.380065,20.8512,1.1302,4.768
40,70,in,0.5553,9,6,1,0.384456,18.6237,0.1668,4.768
40,70,in,0.5553,9,7,1,0.377888,20.8430,1.1694,4.768
40,70,in,0.5553,10,0,1,0.463764,0.0280,0.0996,4.027
40,70,in,0.5553,10,1,1,0.335361,15.8725,1.9057,4.027
40,70,in,0.5553,10,2,1,0.347271,14.8765,179.4187,4.027
40,70,in,0.5553,10,3,1,0.382637,14.1927,179.4187,4.027
40,70,in,0.5553,10,4,1,0.343535,22.3989,179.4187,4.027
40,70,in,0.5553,10,5,1,0.348243,20.7597,1.0630,4.027
40,70,in,0.5553,10,6,1,0.361858,18.7996,0.0996,4.027
40,70,in,0.5553,10,7,1,0.346299,20.7513,1.1023,4.027
40,70,in,0.5553,11,0,1,0.556337,0.0252,0.6583,3.434
40,70,in,0.5553,11,1,1,0.395948,15.9266,0.6583,3.434
40,70,in,0.5553,11,2,1,0.390471,14.8778,179.1346,3.434
40,70,in,0.5553,11,3,1,0.444961,14.7782,179.8627,3.434
40,70,in,0.5553,11,4,1,0.436386,23.0571,179.8627,3.434
40,70,in,0.5553,11,5,1,0.414582,20.8095,0.3837,3.434
40,70,in,0.5553,11,6,1,0.408572,19.0319,0.3444,3.434
40,70,in,0.5553,11,7,1,0.410033,20.8873,0.3444,3.434
40,71,in,0.1356,0,0,1,0.848473,0.0901,0.1427,505.182
40,71,in,0.1356,0,1,1,0.752121,8.7346,179.3756,505.182
40,71,in,0.1356,0,2,1,0.747668,10.1934,179.6217,505.182
40,71,in,0.1356,0,3,1,0.731600,9.4060,0.1427,505.182
40,71,in,0.1356,0,4,1,0.717555,6.7784,179.6217,505.182
40,71,in,0.1356,0,5,1,0.708476,8.0412,0.1427,505.182
40,71,in,0.1356,0,6,1,0.699494,12.0848,0.1427,505.182
40,71,in,0.1356,0,7,1,0.697015,18.0219,179.6217,505.182
40,71,in,0.1356,1,0,1,0.829775,0.0398,0.1626,2.826
40,71,in,0.1356,1,1,1,0.683384,8.3223,179.6809,2.826
40,71,in,0.1356,1,2,1,0.680101,9.7055,179.6809,2.826
40,71,in,0.1356,1,3,1,0.687462,9.4811,0.1626,2.826
40,71,in,0.1356,1,4,1,0.640371,6.3482,179.3164,2.826
40,71,in,0.1356,1,5,1,0.675204,8.1072,0.1626,2.826
40,71,in,0.1356,1,6,1,0.662302,11.9998,0.1626,2.826
40,71,in,0.1356,1,7,1,0.619584,17.6517,179.6809,2.826
40,71,in,0.1356,2,0,1,0.858311,0.0269,0.3884,2.539
40,71,in,0.1356,2,1,1,0.710489,8.0235,179.8674,2.539
40,71,in,0.1356,2,2,1,0.712145,9.3312,179.8674,2.539
40,71,in,0.1356,2,3,1,0.721316,9.4716,0.3884,2.539
40,71,in,0.1356,2,4,1,0.640627,6.0862,179.8674,2.539
40,71,in,0.1356,2,5,1,0.709228,8.0964,0.3884,2.539
40,71,in,0.1356,2,6,1,0.659537,12.0862,0.3884,2.539
40,71,in,0.1356,2,7,1,0.622883,17.3082,179.8674,2.539
40,71,in,0.1356,3,0,1,0.834580,0.0334,0.0821,1.919
40,71,in,0.1356,3,1,1,0.679059,8.0158,179.4362,1.919
40,71,in,0.1356,3,2,1,0.642440,9.3232,179.4362,1.919
40,71,in,0.1356,3,3,1,0.679001,9.4796,0.0821,1.919
40,71,in,0.1356,3,4,1,0.593704,6.1208,179.5611,1.919
40,71,in,0.1356,3,5,1,0.642019,8.1042,0.0821,1.919
40,71,in,0.1356,3,6,1,0.625773,12.0913,0.0821,1.919
40,71,in,0.1356,3,7,1,0.606384,17.3003,179.4362,1.919
40,71,in,0.1356,4,0,1,0.885951,0.0623,0.2442,2.036
40,71,in,0.1356,4,1,1,0.690811,8.6132,179.7625,2.036
40,71,in,0.1356,4,2,1,0.670283,9.9023,179.7625,2.036
40,71,in,0.1356,4,3,1,0.682595,9.4719,0.2442,2.036
40,71,in,0.1356,4,4,1,0.660393,5.6263,179.7625,2.036
40,71,in,0.1356,4,5,1,0.666458,8.0990,0.2442,2.036
40,71,in,0.1356,4,6,1,0.662436,12.0972,0.2442,2.036
40,71,in,0.1356,4,7,1,0.624289,17.8866,179.7625,2.036
40,71,in,0.1356,5,0,1,0.805253,0.0358,0.4603,2.665
40,71,in,0.1356,5,1,1,0.631351,9.1914,179.9786,2.665
40,71,in,0.1356,5,2,1,0.626474,10.4505,179.9786,2.665
40,71,in,0.1356,5,3,1,0.645101,9.4742,0.4603,2.665
40,71,in,0.1356,5,4,1,0.622333,5.3147,179.9786,2.665
40,71,in,0.1356,5,5,1,0.633796,8.1006,0.4603,2.665
40,71,in,0.1356,5,6,1,0.624126,12.0956,0.4603,2.665
40,71,in,0.1356,5,7,1,0.591272,18.4437,179.9786,2.665
40,71,in,0.1356,6,0,1,0.870828,0.0158,0.1997,1.844
40,71,in,0.1356,6,1,1,0.678813,9.8091,179.6787,1.844
40,71,in,0.1356,6,2,1,0.683832,11.0536,179.6787,1.844
40,71,in,0.1356,6,3,1,0.698422,9.4565,0.1997,1.844
40,71,in,0.1356,6,4,1,0.727650,5.0282,179.6787,1.844
40,71,in,0.1356,6,5,1,0.689365,8.0814,0.1997,1.844
40,71,in,0.1356,6,6,1,0.693344,12.0749,0.1997,1.844
40,71,in,0.1356,6,7,1,0.651221,19.0507,179.6787,1.844
40,71,in,0.1356,7,0,1,0.810018,0.0293,0.2838,2.257
40,71,in,0.1356,7,1,1,0.626260,10.3881,179.8021,2.257
40,71,in,0.1356,7,2,1,0.628622,11.6879,179.8021,2.257
40,71,in,0.1356,7,3,1,0.644164,9.4733,0.2838,2.257
40,71,in,0.1356,7,4,1,0.671889,4.7987,179.8021,2.257
40,71,in,0.1356,7,5,1,0.645126,8.0983,0.2838,2.257
40,71,in,0.1356,7,6,1,0.668917,12.0887,0.2838,2.257
40,71,in,0.1356,7,7,1,0.592426,19.5501,179.1953,2.257
40,71,in,0.1356,8,0,1,0.876830,0.0247,0.4732,2.370
40,71,in,0.1356,8,1,1,0.659902,10.9888,179.9915,2.370
40,71,in,0.1356,8,2,1,0.697435,12.4138,179.9915,2.370
40,71,in,0.1356,8,3,1,0.685822,9.4737,0.4732,2.370
40,71,in,0.1356,8,4,1,0.763171,4.6317,179.9915,2.370
40,71,in,0.1356,8,5,1,0.713701,8.0969,0.4732,2.370
40,71,in,0.1356,8,6,1,0.733373,12.0798,0.4732,2.370
40,71,in,0.1356,8,7,1,0.649315,20.2066,179.9915,2.370
40,71,in,0.1356,9,0,1,0.849904,0.0268,0.1190,2.375
40,71,in,0.1356,9,1,1,0.615203,11.5233,179.5981,2.375
40,71,in,0.1356,9,2,1,0.613290,12.9416,179.5981,2.375
40,71,in,0.1356,9,3,1,0.664399,9.5533,0.1190,2.375
40,71,in,0.1356,9,4,1,0.718210,4.6725,179.5981,2.375
40,71,in,0.1356,9,5,1,0.674816,8.1662,0.1190,2.375
40,71,in,0.1356,9,6,1,0.674853,12.0816,0.1190,2.375
40,71,in,0.1356,9,7,1,0.593622,20.6694,179.5981,2.375
40,71,in,0.1356,10,0,1,0.868097,0.0285,0.1454,2.192
40,71,in,0.1356,10,1,1,0.631536,12.2100,179.6637,2.192
40,71,in,0.1356,10,2,1,0.659191,13.3882,179.6637,2.192
40,71,in,0.1356,10,3,1,0.673309,9.4771,0.1454,2.192
40,71,in,0.1356,10,4,1,0.739513,4.9161,179.6637,2.192
40,71,in,0.1356,10,5,1,0.721696,8.1006,0.1454,2.192
40,71,in,0.1356,10,6,1,0.711799,12.0840,0.1454,2.192
40,71,in,0.1356,10,7,1,0.643008,21.3874,179.6637,2.192
40,71,in,0.1356,11,0,1,0.817698,0.0117,0.1151,2.609
40,71,in,0.1356,11,1,1,0.619657,12.8214,179.6334,2.609
40,71,in,0.1356,11,2,1,0.628855,13.9420,179.6334,2.609
40,71,in,0.1356,11,3,1,0.655783,9.4478,0.1151,2.609
40,71,in,0.1356,11,4,1,0.719889,5.1951,179.6334,2.609
40,71,in,0.1356,11,5,1,0.693740,7.9402,0.1151,2.609
40,71,in,0.1356,11,6,1,0.715572,12.0410,0.1151,2.609
40,71,in,0.1356,11,7,1,0.602748,21.8726,179.6334,2.609
40,72,in,0.2564,0,0,1,0.719093,0.0640,0.3945,655.783
40,72,in,0.2564,0,1,1,0.588267,12.4061,179.8735,655.783
40,72,in,0.2564,0,2,1,0.581884,3.5715,179.8735,655.783
40,72,in,0.2564,0,3,1,0.577736,9.0336,0.3945,655.783
40,72,in,0.2564,0,4,1,0.576429,7.4177,0.6082,655.783
40,72,in,0.2564,0,5,1,0.574869,5.2415,179.8735,655.783
40,72,in,0.2564,0,6,1,0.574241,3.9189,179.8735,655.783
40,72,in,0.2564,0,7,1,0.574096,3.2655,179.8735,655.783
40,72,in,0.2564,1,0,1,0.741164,0.0523,0.4529,2.763
40,72,in,0.2564,1,1,1,0.586173,12.2882,179.9319,2.763
40,72,in,0.2564,1,2,1,0.584952,2.9622,179.9319,2.763
40,72,in,0.2564,1,3,1,0.563111,8.8105,0.5498,2.763
40,72,in,0.2564,1,4,1,0.578488,7.4076,0.5498,2.763
40,72,in,0.2564,1,5,1,0.595538,5.1153,179.9319,2.763
40,72,in,0.2564,1,6,1,0.609732,4.1510,179.9319,2.763
40,72,in,0.2564,1,7,1,0.594380,3.8693,179.9319,2.763
40,72,in,0.2564,2,0,1,0.773265,0.0251,0.4144,2.741
40,72,in,0.2564,2,1,1,0.623444,12.5133,179.9327,2.741
40,72,in,0.2564,2,2,1,0.594734,2.4518,179.9327,2.741
40,72,in,0.2564,2,3,1,0.575464,8.5612,0.4144,2.741
40,72,in,0.2564,2,4,1,0.612391,7.4586,1.4171,2.741
40,72,in,0.2564,2,5,1,0.610766,5.2447,179.9327,2.741
40,72,in,0.2564,2,6,1,0.611090,4.3577,179.9327,2.741
40,72,in,0.2564,2,7,1,0.591154,4.5080,179.9327,2.741
40,72,in,0.2564,3,0,1,0.727748,0.0209,0.3004,2.449
40,72,in,0.2564,3,1,1,0.573717,12.5365,179.8187,2.449
40,72,in,0.2564,3,2,1,0.547271,1.9741,179.8187,2.449
40,72,in,0.2564,3,3,1,0.543883,8.4018,0.7022,2.449
40,72,in,0.2564,3,4,1,0.581404,7.4369,0.3004,2.449
40,72,in,0.2564,3,5,1,0.551339,5.2657,179.8187,2.449
40,72,in,0.2564,3,6,1,0.549549,4.6115,179.8187,2.449
40,72,in,0.2564,3,7,1,0.499565,5.2287,179.8187,2.449
40,72,in,0.2564,4,0,1,0.737604,0.0183,0.0312,2.520
40,72,in,0.2564,4,1,1,0.617319,12.4637,179.4871,2.520
40,72,in,0.2564,4,2,1,0.555338,2.0321,179.4871,2.520
40,72,in,0.2564,4,3,1,0.546582,8.4095,0.0312,2.520
40,72,in,0.2564,4,4,1,0.619982,7.5620,0.0312,2.520
40,72,in,0.2564,4,5,1,0.574032,5.3676,179.5102,2.520
40,72,in,0.2564,4,6,1,0.562137,4.7563,179.4871,2.520
40,72,in,0.2564,4,7,1,0.542946,5.3803,179.4871,2.520
40,72,in,0.2564,5,0,1,0.765598,0.0096,0.1259,2.231
40,72,in,0.2564,5,1,1,0.600376,12.0172,179.6442,2.231
40,72,in,0.2564,5,2,1,0.544615,2.2048,179.6442,2.231
40,72,in,0.2564,5,3,1,0.527282,8.6199,0.1259,2.231
40,72,in,0.2564,5,4,1,0.573088,7.4206,0.1259,2.231
40,72,in,0.2564,5,5,1,0.548021,5.6010,179.3531,2.231
40,72,in,0.2564,5,6,1,0.542372,5.0392,179.3531,2.231
40,72,in,0.2564,5,7,1,0.531679,5.1074,179.3531,2.231
40,72,in,0.2564,6,0,1,0.808106,0.0145,0.5822,2.179
40,72,in,0.2564,6,1,1,0.643887,11.5039,179.8995,2.179
40,72,in,0.2564,6,2,1,0.566104,2.5199,179.8995,2.179
40,72,in,0.2564,6,3,1,0.570610,8.4019,0.4205,2.179
40,72,in,0.2564,6,4,1,0.608988,7.4382,0.5822,2.179
40,72,in,0.2564,6,5,1,0.609589,6.2446,179.8995,2.179
40,72,in,0.2564,6,6,1,0.598221,5.2523,179.8995,2.179
40,72,in,0.2564,6,7,1,0.540179,5.0074,179.8995,2.179
40,72,in,0.2564,7,0,1,0.753780,0.0277,0.5195,2.397
40,72,in,0.2564,7,1,1,0.609382,10.9239,178.9987,2.397
40,72,in,0.2564,7,2,1,0.554003,2.9087,178.9987,2.397
40,72,in,0.2564,7,3,1,0.548135,8.5363,1.5222,2.397
40,72,in,0.2564,7,4,1,0.585007,7.5484,1.5222,2.397
40,72,in,0.2564,7,5,1,0.571141,6.8635,179.9986,2.397
40,72,in,0.2564,7,6,1,0.581256,5.7271,179.9986,2.397
40,72,in,0.2564,7,7,1,0.496314,5.0397,179.9986,2.397
40,72,in,0.2564,8,0,1,0.727152,0.0695,0.1594,6.554
40,72,in,0.2564,8,1,1,0.607303,10.3172,178.3562,6.554
40,72,in,0.2564,8,2,1,0.597024,3.4316,179.3589,6.554
40,72,in,0.2564,8,3,1,0.599548,8.6622,0.1594,6.554
40,72,in,0.2564,8,4,1,0.585643,7.5929,1.1621,6.554
40,72,in,0.2564,8,5,1,0.557383,7.5265,179.6384,6.554
40,72,in,0.2564,8,6,1,0.616209,6.3189,179.3589,6.554
40,72,in,0.2564,8,7,1,0.495443,5.2858,179.3589,6.554
40,72,in,0.2564,9,0,1,0.763246,0.0127,0.4053,2.359
40,72,in,0.2564,9,1,1,0.567625,9.8899,179.9236,2.359
40,72,in,0.2564,9,2,1,0.543484,3.5748,179.9236,2.359
40,72,in,0.2564,9,3,1,0.612344,8.6091,0.5973,2.359
40,72,in,0.2564,9,4,1,0.555723,7.4103,0.5973,2.359
40,72,in,0.2564,9,5,1,0.525860,8.2511,179.9236,2.359
40,72,in,0.2564,9,6,1,0.588721,6.9742,179.9236,2.359
40,72,in,0.2564,9,7,1,0.508654,5.8505,179.9236,2.359
40,72,in,0.2564,10,0,1,0.752957,0.0141,0.1448,6.410
40,72,in,0.2564,10,1,1,0.546608,9.0839,179.6631,6.410
40,72,in,0.2564,10,2,1,0.518553,3.9533,179.6631,6.410
40,72,in,0.2564,10,3,1,0.597271,8.5349,0.1448,6.410
40,72,in,0.2564,10,4,1,0.550688,7.4682,0.1448,6.410
40,72,in,0.2564,10,5,1,0.504657,9.0632,179.6631,6.410
40,72,in,0.2564,10,6,1,0.567463,7.5186,179.6631,6.410
40,72,in,0.2564,10,7,1,0.484057,6.4359,179.6631,6.410
40,72,in,0.2564,11,0,1,0.765909,0.0095,0.1002,2.240
40,72,in,0.2564,11,1,1,0.544883,8.5468,179.6185,2.240
40,72,in,0.2564,11,2,1,0.533437,4.2872,179.6185,2.240
40,72,in,0.2564,11,3,1,0.607504,8.5459,0.1002,2.240
40,72,in,0.2564,11,4,1,0.545823,7.6173,0.1002,2.240
40,72,in,0.2564,11,5,1,0.512845,9.4834,179.3788,2.240
40,72,in,0.2564,11,6,1,0.551822,8.1079,179.6185,2.240
40,72,in,0.2564,11,7,1,0.491293,7.0651,179.6185,2.240
40,73,in,0.0399,0,0,1,0.924401,0.0666,0.0912,474.299
40,73,in,0.0399,0,1,1,0.833704,12.0590,0.0912,474.299
40,73,in,0.0399,0,2,1,0.822141,17.4465,179.4271,474.299
40,73,in,0.0399,0,3,1,0.820955,4.3985,179.5702,474.299
40,73,in,0.0399,0,4,1,0.809736,9.4693,0.0912,474.299
40,73,in,0.0399,0,5,1,0.804904,12.5938,0.0912,474.299
40,73,in,0.0399,0,6,1,0.802052,12.6098,179.4271,474.299
40,73,in,0.0399,0,7,1,0.801995,11.2767,179.4271,474.299
40,73,in,0.0399,1,0,1,0.913681,0.0925,0.3642,2.149
40,73,in,0.0399,1,1,1,0.831703,12.0609,0.3642,2.149
40,73,in,0.0399,1,2,1,0.822076,17.4721,179.8432,2.149
40,73,in,0.0399,1,3,1,0.830499,4.3974,179.8432,2.149
40,73,in,0.0399,1,4,1,0.789090,9.3700,0.3642,2.149
40,73,in,0.0399,1,5,1,0.803964,12.5952,0.3642,2.149
40,73,in,0.0399,1,6,1,0.807647,12.6610,179.8432,2.149
40,73,in,0.0399,1,7,1,0.795479,11.2786,179.8432,2.149
40,73,in,0.0399,2,0,1,0.918543,0.0666,0.0679,5.885
40,73,in,0.0399,2,1,1,0.829249,12.0593,0.0679,5.885
40,73,in,0.0399,2,2,1,0.812078,17.4466,179.4504,5.885
40,73,in,0.0399,2,3,1,0.814849,4.3978,179.5469,5.885
40,73,in,0.0399,2,4,1,0.791627,9.2698,0.0679,5.885
40,73,in,0.0399,2,5,1,0.790668,12.5939,0.0679,5.885
40,73,in,0.0399,2,6,1,0.789625,12.6097,179.4504,5.885
40,73,in,0.0399,2,7,1,0.794171,11.2771,179.4504,5.885
40,73,in,0.0399,3,0,1,0.906033,0.0684,0.0641,1.920
40,73,in,0.0399,3,1,1,0.818964,12.0591,0.0641,1.920
40,73,in,0.0399,3,2,1,0.814712,17.4474,179.5824,1.920
40,73,in,0.0399,3,3,1,0.809365,4.3050,179.5824,1.920
40,73,in,0.0399,3,4,1,0.786260,9.2656,0.0641,1.920
40,73,in,0.0399,3,5,1,0.794393,12.5948,0.0641,1.920
40,73,in,0.0399,3,6,1,0.801452,12.6617,179.5824,1.920
40,73,in,0.0399,3,7,1,0.796496,11.2759,179.5824,1.920
40,73,in,0.0399,4,0,1,0.930283,0.0593,0.2247,6.080
40,73,in,0.0399,4,1,1,0.823660,12.0547,0.2247,6.080
40,73,in,0.0399,4,2,1,0.792656,17.2778,179.7037,6.080
40,73,in,0.0399,4,3,1,0.807859,4.9624,179.7037,6.080
40,73,in,0.0399,4,4,1,0.784188,9.3772,0.2247,6.080
40,73,in,0.0399,4,5,1,0.779162,12.5874,0.2247,6.080
40,73,in,0.0399,4,6,1,0.782572,12.5808,179.2936,6.080
40,73,in,0.0399,4,7,1,0.779564,10.8415,179.2936,6.080
40,73,in,0.0399,5,0,1,0.899862,0.0663,0.0600,2.183
40,73,in,0.0399,5,1,1,0.779564,12.0633,0.0600,2.183
40,73,in,0.0399,5,2,1,0.753152,17.1251,179.4582,2.183
40,73,in,0.0399,5,3,1,0.795425,5.5428,179.4582,2.183
40,73,in,0.0399,5,4,1,0.762602,9.5805,0.0600,2.183
40,73,in,0.0399,5,5,1,0.734073,12.5946,0.0600,2.183
40,73,in,0.0399,5,6,1,0.754803,12.6956,179.4582,2.183
40,73,in,0.0399,5,7,1,0.750861,10.4681,179.4582,2.183
40,73,in,0.0399,6,0,1,0.942393,0.0546,0.2230,6.154
40,73,in,0.0399,6,1,1,0.800028,12.0474,0.2230,6.154
40,73,in,0.0399,6,2,1,0.776543,16.7761,179.7413,6.154
40,73,in,0.0399,6,3,1,0.818414,6.0571,179.7413,6.154
40,73,in,0.0399,6,4,1,0.792698,9.3730,0.2230,6.154
40,73,in,0.0399,6,5,1,0.752355,12.6713,0.2230,6.154
40,73,in,0.0399,6,6,1,0.762289,12.5255,179.7413,6.154
40,73,in,0.0399,6,7,1,0.752278,9.9256,179.7413,6.154
40,73,in,0.0399,7,0,1,0.922540,0.0410,0.0894,2.561
40,73,in,0.0399,7,1,1,0.758134,11.9742,0.0894,2.561
40,73,in,0.0399,7,2,1,0.728300,16.4580,179.6077,2.561
40,73,in,0.0399,7,3,1,0.786458,6.6427,179.3896,2.561
40,73,in,0.0399,7,4,1,0.762907,9.2682,0.0894,2.561
40,73,in,0.0399,7,5,1,0.706865,12.5128,0.0894,2.561
40,73,in,0.0399,7,6,1,0.734759,12.2858,179.6077,2.561
40,73,in,0.0399,7,7,1,0.741440,9.3811,179.6077,2.561
40,73,in,0.0399,8,0,1,0.925971,0.0374,0.3941,6.321
40,73,in,0.0399,8,1,1,0.734092,11.9694,0.3941,6.321
40,73,in,0.0399,8,2,1,0.718084,16.3185,179.8731,6.321
40,73,in,0.0399,8,3,1,0.772932,7.2146,179.8731,6.321
40,73,in,0.0399,8,4,1,0.727924,8.9786,0.6086,6.321
40,73,in,0.0399,8,5,1,0.685150,12.5052,0.6086,6.321
40,73,in,0.0399,8,6,1,0.729940,12.4454,179.8731,6.321
40,73,in,0.0399,8,7,1,0.727091,8.9668,179.8731,6.321
40,73,in,0.0399,9,0,1,0.935077,0.0495,0.4922,2.112
40,73,in,0.0399,9,1,1,0.722805,11.9650,0.5105,2.112
40,73,in,0.0399,9,2,1,0.716154,16.0374,179.9712,2.112
40,73,in,0.0399,9,3,1,0.806561,7.7841,179.9712,2.112
40,73,in,0.0399,9,4,1,0.747080,9.2691,0.4922,2.112
40,73,in,0.0399,9,5,1,0.674633,12.5002,0.5105,2.112
40,73,in,0.0399,9,6,1,0.746310,12.4959,179.9712,2.112
40,73,in,0.0399,9,7,1,0.729718,8.5038,179.9712,2.112
40,73,in,0.0399,10,0,1,0.904696,0.0364,0.3940,6.046
40,73,in,0.0399,10,1,1,0.696805,11.9746,0.3940,6.046
40,73,in,0.0399,10,2,1,0.682353,15.7877,179.9123,6.046
40,73,in,0.0399,10,3,1,0.755293,8.2982,179.9123,6.046
40,73,in,0.0399,10,4,1,0.732704,9.5755,0.6087,6.046
40,73,in,0.0399,10,5,1,0.678660,12.4778,0.3940,6.046
40,73,in,0.0399,10,6,1,0.743329,12.3377,179.9123,6.046
40,73,in,0.0399,10,7,1,0.723459,8.0198,179.9123,6.046
40,73,in,0.0399,11,0,1,0.933072,0.0350,0.3101,10.301
40,73,in,0.0399,11,1,1,0.714186,11.9719,0.3101,10.301
40,73,in,0.0399,11,2,1,0.713824,15.4118,179.7892,10.301
40,73,in,0.0399,11,3,1,0.791729,8.7777,179.7892,10.301
40,73,in,0.0399,11,4,1,0.761678,9.2751,0.3101,10.301
40,73,in,0.0399,11,5,1,0.680373,12.5025,0.3101,10.301
40,73,in,0.0399,11,6,1,0.753592,12.0127,179.7892,10.301
40,73,in,0.0399,11,7,1,0.729907,7.4794,179.7892,10.301
40,74,in,0.2995,0,0,1,0.624583,0.0586,0.1308,863.299
40,74,in,0.2995,0,1,1,0.567359,14.4638,179.6099,863.299
40,74,in,0.2995,0,2,1,0.560542,5.3392,0.1308,863.299
40,74,in,0.2995,0,3,1,0.557103,4.0470,179.6099,863.299
40,74,in,0.2995,0,4,1,0.555249,5.1337,179.6099,863.299
40,74,in,0.2995,0,5,1,0.554040,8.3391,0.1308,863.299
40,74,in,0.2995,0,6,1,0.549862,8.0643,0.1308,863.299
40,74,in,0.2995,0,7,1,0.548953,10.2989,0.1308,863.299
40,74,in,0.2995,1,0,1,0.660631,0.0698,0.2699,3.289
40,74,in,0.2995,1,1,1,0.595682,14.7172,179.7882,3.289
40,74,in,0.2995,1,2,1,0.561612,5.0458,0.2699,3.289
40,74,in,0.2995,1,3,1,0.542613,4.2605,179.7882,3.289
40,74,in,0.2995,1,4,1,0.564458,5.8175,179.7882,3.289
40,74,in,0.2995,1,5,1,0.555981,8.0458,0.2699,3.289
40,74,in,0.2995,1,6,1,0.578891,8.0028,0.7328,3.289
40,74,in,0.2995,1,7,1,0.565313,10.3854,0.2699,3.289
40,74,in,0.2995,2,0,1,0.654364,0.0757,0.0778,3.043
40,74,in,0.2995,2,1,1,0.533233,14.9457,179.4405,3.043
40,74,in,0.2995,2,2,1,0.549760,4.7397,0.0778,3.043
40,74,in,0.2995,2,3,1,0.525568,4.4618,179.5568,3.043
40,74,in,0.2995,2,4,1,0.552949,6.1261,179.5568,3.043
40,74,in,0.2995,2,5,1,0.531650,7.7395,0.0778,3.043
40,74,in,0.2995,2,6,1,0.544264,8.2034,0.0778,3.043
40,74,in,0.2995,2,7,1,0.537886,10.3056,0.0778,3.043
40,74,in,0.2995,3,0,1,0.699473,0.0678,0.1307,2.501
40,74,in,0.2995,3,1,1,0.594150,15.2865,179.6098,2.501
40,74,in,0.2995,3,2,1,0.594199,5.0442,0.8719,2.501
40,74,in,0.2995,3,3,1,0.579053,4.6644,179.6098,2.501
40,74,in,0.2995,3,4,1,0.587987,6.9100,179.6098,2.501
40,74,in,0.2995,3,5,1,0.591529,7.4441,0.8719,2.501
40,74,in,0.2995,3,6,1,0.590957,8.0045,0.8719,2.501
40,74,in,0.2995,3,7,1,0.589193,10.0662,0.8719,2.501
40,74,in,0.2995,4,0,1,0.717336,0.0655,0.5611,2.836
40,74,in,0.2995,4,1,1,0.605460,15.6625,179.9599,2.836
40,74,in,0.2995,4,2,1,0.617163,5.0383,0.5611,2.836
40,74,in,0.2995,4,3,1,0.564322,4.9578,179.9599,2.836
40,74,in,0.2995,4,4,1,0.597004,7.7797,179.9599,2.836
40,74,in,0.2995,4,5,1,0.584794,7.5382,0.4416,2.836
40,74,in,0.2995,4,6,1,0.611684,8.2039,0.5611,2.836
40,74,in,0.2995,4,7,1,0.592834,10.0644,0.4416,2.836
40,74,in,0.2995,5,0,1,0.678124,0.0660,0.0861,3.961
40,74,in,0.2995,5,1,1,0.593440,15.9613,179.3929,3.961
40,74,in,0.2995,5,2,1,0.573164,5.3499,0.0861,3.961
40,74,in,0.2995,5,3,1,0.517479,5.4660,179.3929,3.961
40,74,in,0.2995,5,4,1,0.576621,8.1044,179.3929,3.961
40,74,in,0.2995,5,5,1,0.552798,7.8487,0.0861,3.961
40,74,in,0.2995,5,6,1,0.587168,8.0728,0.0861,3.961
40,74,in,0.2995,5,7,1,0.592696,9.9922,0.0861,3.961
40,74,in,0.2995,6,0,1,0.677651,0.0718,0.6000,4.174
40,74,in,0.2995,6,1,1,0.556698,16.3157,179.8817,4.174
40,74,in,0.2995,6,2,1,0.550199,5.0385,0.6000,4.174
40,74,in,0.2995,6,3,1,0.523224,5.8664,179.8817,4.174
40,74,in,0.2995,6,4,1,0.546156,8.7820,179.8817,4.174
40,74,in,0.2995,6,5,1,0.537762,8.1372,0.6000,4.174
40,74,in,0.2995,6,6,1,0.561206,7.8658,0.6000,4.174
40,74,in,0.2995,6,7,1,0.550233,10.2201,0.6000,4.174
40,74,in,0.2995,7,0,1,0.716990,0.0802,0.7340,3.313
40,74,in,0.2995,7,1,1,0.641364,16.7141,179.7477,3.313
40,74,in,0.2995,7,2,1,0.628667,5.1307,0.7340,3.313
40,74,in,0.2995,7,3,1,0.595656,6.1496,179.7477,3.313
40,74,in,0.2995,7,4,1,0.614343,9.3752,179.7477,3.313
40,74,in,0.2995,7,5,1,0.618269,8.1294,0.7340,3.313
40,74,in,0.2995,7,6,1,0.639501,7.9929,0.7340,3.313
40,74,in,0.2995,7,7,1,0.619827,10.2158,0.7340,3.313
40,74,in,0.2995,8,0,1,0.732430,0.0969,0.5760,3.464
40,74,in,0.2995,8,1,1,0.611572,17.2680,179.9057,3.464
40,74,in,0.2995,8,2,1,0.601288,5.3291,0.5760,3.464
40,74,in,0.2995,8,3,1,0.552064,6.4877,179.9057,3.464
40,74,in,0.2995,8,4,1,0.594426,9.9719,179.9057,3.464
40,74,in,0.2995,8,5,1,0.600841,8.0278,0.5760,3.464
40,74,in,0.2995,8,6,1,0.616624,7.8811,0.5760,3.464
40,74,in,0.2995,8,7,1,0.609298,10.0687,0.5760,3.464
40,74,in,0.2995,9,0,1,0.729147,0.0772,0.1485,2.722
40,74,in,0.2995,9,1,1,0.627723,17.8211,179.6667,2.722
40,74,in,0.2995,9,2,1,0.617050,5.0225,0.1485,2.722
40,74,in,0.2995,9,3,1,0.526264,6.5146,179.6667,2.722
40,74,in,0.2995,9,4,1,0.618450,10.8042,179.3306,2.722
40,74,in,0.2995,9,5,1,0.627960,8.3208,1.1511,2.722
40,74,in,0.2995,9,6,1,0.642059,7.8813,0.1485,2.722
40,74,in,0.2995,9,7,1,0.636436,10.1467,0.1485,2.722
40,74,in,0.2995,10,0,1,0.696385,0.0179,0.3464,2.954
40,74,in,0.2995,10,1,1,0.601502,18.2957,179.8255,2.954
40,74,in,0.2995,10,2,1,0.571682,4.7106,0.6562,2.954
40,74,in,0.2995,10,3,1,0.541966,6.5244,179.8255,2.954
40,74,in,0.2995,10,4,1,0.572439,11.5874,179.8255,2.954
40,74,in,0.2995,10,5,1,0.573565,8.1054,0.6562,2.954
40,74,in,0.2995,10,6,1,0.590369,8.0037,0.6562,2.954
40,74,in,0.2995,10,7,1,0.569397,10.2477,0.6562,2.954
40,74,in,0.2995,11,0,1,0.712025,0.0241,0.2301,3.309
40,74,in,0.2995,11,1,1,0.583086,18.3859,179.7092,3.309
40,74,in,0.2995,11,2,1,0.587343,4.5153,0.7725,3.309
40,74,in,0.2995,11,3,1,0.547338,6.2345,179.7092,3.309
40,74,in,0.2995,11,4,1,0.571061,11.8630,179.7092,3.309
40,74,in,0.2995,11,5,1,0.572878,7.9100,0.2301,3.309
40,74,in,0.2995,11,6,1,0.575988,7.8077,0.7725,3.309
40,74,in,0.2995,11,7,1,0.567112,10.2491,0.2301,3.309
40,75,in,0.1783,0,0,1,0.847614,0.0357,0.3035,519.826
40,75,in,0.1783,0,1,1,0.704542,12.4316,0.3035,519.826
40,75,in,0.1783,0,2,1,0.703782,18.7456,0.3035,519.826
40,75,in,0.1783,0,3,1,0.702451,15.4414,179.2148,519.826
40,75,in,0.1783,0,4,1,0.699792,26.3665,179.2148,519.826
40,75,in,0.1783,0,5,1,0.695358,18.4316,0.3035,519.826
40,75,in,0.1783,0,6,1,0.693865,12.9470,0.3035,519.826
40,75,in,0.1783,0,7,1,0.686050,2.4169,0.3035,519.826
40,75,in,0.1783,1,0,1,0.764527,0.0369,0.4255,7.632
40,75,in,0.1783,1,1,1,0.484858,12.1372,2.5826,7.632
40,75,in,0.1783,1,2,1,0.509652,18.4912,2.5826,7.632
40,75,in,0.1783,1,3,1,0.632526,14.9358,179.9438,7.632
40,75,in,0.1783,1,4,1,0.475085,26.1099,177.9384,7.632
40,75,in,0.1783,1,5,1,0.484619,18.1371,2.5826,7.632
40,75,in,0.1783,1,6,1,0.485260,13.2641,0.4255,7.632
40,75,in,0.1783,1,7,1,0.644565,2.6032,0.4255,7.632
40,75,in,0.1783,2,0,1,0.736460,0.0307,0.5021,8.076
40,75,in,0.1783,2,1,1,0.507853,12.4275,0.5021,8.076
40,75,in,0.1783,2,2,1,0.568331,18.7206,0.5005,8.076
40,75,in,0.1783,2,3,1,0.566977,14.5787,179.9796,8.076
40,75,in,0.1783,2,4,1,0.521010,25.2477,179.9796,8.076
40,75,in,0.1783,2,5,1,0.489259,18.4274,0.5005,8.076
40,75,in,0.1783,2,6,1,0.560645,12.9075,0.5005,8.076
40,75,in,0.1783,2,7,1,0.394283,2.3930,2.5059,8.076
40,75,in,0.1783,3,0,1,0.781373,0.0496,0.3307,2.803
40,75,in,0.1783,3,1,1,0.489258,12.4453,0.3307,2.803
40,75,in,0.1783,3,2,1,0.589851,18.7569,0.3307,2.803
40,75,in,0.1783,3,3,1,0.607871,14.0199,179.8490,2.803
40,75,in,0.1783,3,4,1,0.518137,24.7301,179.8490,2.803
40,75,in,0.1783,3,5,1,0.503154,18.3484,0.6720,2.803
40,75,in,0.1783,3,6,1,0.574602,12.9807,0.6720,2.803
40,75,in,0.1783,3,7,1,0.579319,2.6009,0.3307,2.803
40,75,in,0.1783,4,0,1,0.788726,0.0493,0.1727,2.941
40,75,in,0.1783,4,1,1,0.513918,12.3514,0.1727,2.941
40,75,in,0.1783,4,2,1,0.612945,18.7572,0.1727,2.941
40,75,in,0.1783,4,3,1,0.588768,13.4732,179.6517,2.941
40,75,in,0.1783,4,4,1,0.513351,24.2017,179.3456,2.941
40,75,in,0.1783,4,5,1,0.525456,18.3472,0.1727,2.941
40,75,in,0.1783,4,6,1,0.590847,13.0722,0.1727,2.941
40,75,in,0.1783,4,7,1,0.668518,2.4982,0.1727,2.941
40,75,in,0.1783,5,0,1,0.836445,0.0512,0.0090,7.835
40,75,in,0.1783,5,1,1,0.470352,12.3647,0.0090,7.835
40,75,in,0.1783,5,2,1,0.536411,18.7658,0.0090,7.835
40,75,in,0.1783,5,3,1,0.547061,13.0917,179.5093,7.835
40,75,in,0.1783,5,4,1,0.477937,23.5569,179.5093,7.835
40,75,in,0.1783,5,5,1,0.465114,18.3575,0.0090,7.835
40,75,in,0.1783,5,6,1,0.530114,12.9914,0.0090,7.835
40,75,in,0.1783,5,7,1,0.670358,2.3913,0.0090,7.835
40,75,in,0.1783,6,0,1,0.839859,0.0414,0.2629,6.477
40,75,in,0.1783,6,1,1,0.538447,12.3745,0.2629,6.477
40,75,in,0.1783,6,2,1,0.561605,18.6775,0.7398,6.477
40,75,in,0.1783,6,3,1,0.628609,12.5873,179.7419,6.477
40,75,in,0.1783,6,4,1,0.531330,22.9167,179.7419,6.477
40,75,in,0.1783,6,5,1,0.523034,18.3671,0.2629,6.477
40,75,in,0.1783,6,6,1,0.572171,12.9945,0.2629,6.477
40,75,in,0.1783,6,7,1,0.698426,2.4942,0.2629,6.477
40,75,in,0.1783,7,0,1,0.768744,0.0771,0.1680,7.468
40,75,in,0.1783,7,1,1,0.498172,12.3694,0.1680,7.468
40,75,in,0.1783,7,2,1,0.472883,18.6930,0.1680,7.468
40,75,in,0.1783,7,3,1,0.524818,12.0456,179.6470,7.468
40,75,in,0.1783,7,4,1,0.511486,22.3289,179.3503,7.468
40,75,in,0.1783,7,5,1,0.492659,18.3703,0.1680,7.468
40,75,in,0.1783,7,6,1,0.487596,12.9637,1.8374,7.468
40,75,in,0.1783,7,7,1,0.588994,2.1816,0.1680,7.468
40,75,in,0.1783,8,0,1,0.855548,0.0662,0.2677,6.920
40,75,in,0.1783,8,1,1,0.527852,12.0563,0.2677,6.920
40,75,in,0.1783,8,2,1,0.523614,18.6816,0.2677,6.920
40,75,in,0.1783,8,3,1,0.564033,11.4795,178.2087,6.920
40,75,in,0.1783,8,4,1,0.548678,22.0319,179.7860,6.920
40,75,in,0.1783,8,5,1,0.538416,18.0585,0.2677,6.920
40,75,in,0.1783,8,6,1,0.515276,12.8869,1.2704,6.920
40,75,in,0.1783,8,7,1,0.640428,2.0833,0.7350,6.920
40,75,in,0.1783,9,0,1,0.773194,0.0669,0.4334,2.788
40,75,in,0.1783,9,1,1,0.530320,12.0369,0.4334,2.788
40,75,in,0.1783,9,2,1,0.508254,18.3638,0.4334,2.788
40,75,in,0.1783,9,3,1,0.553254,11.0339,179.9124,2.788
40,75,in,0.1783,9,4,1,0.516924,21.4910,179.9124,2.788
40,75,in,0.1783,9,5,1,0.528200,18.0391,0.4334,2.788
40,75,in,0.1783,9,6,1,0.505197,12.5828,0.5693,2.788
40,75,in,0.1783,9,7,1,0.639291,2.0652,0.4334,2.788
40,75,in,0.1783,10,0,1,0.791766,0.0648,0.2276,6.866
40,75,in,0.1783,10,1,1,0.530277,12.1408,1.7777,6.866
40,75,in,0.1783,10,2,1,0.512268,18.4075,0.2276,6.866
40,75,in,0.1783,10,3,1,0.529827,10.4600,178.7433,6.866
40,75,in,0.1783,10,4,1,0.514594,20.7946,178.7433,6.866
40,75,in,0.1783,10,5,1,0.522357,18.0430,0.2276,6.866
40,75,in,0.1783,10,6,1,0.517499,12.5722,0.2276,6.866
40,75,in,0.1783,10,7,1,0.639052,2.0706,0.2276,6.866
40,75,in,0.1783,11,0,1,0.783960,0.0595,0.1992,10.814
40,75,in,0.1783,11,1,1,0.543201,12.0456,0.1992,10.814
40,75,in,0.1783,11,2,1,0.546665,18.3697,0.1992,10.814
40,75,in,0.1783,11,3,1,0.529625,9.8331,179.7175,10.814
40,75,in,0.1783,11,4,1,0.498555,20.2946,179.7175,10.814
40,75,in,0.1783,11,5,1,0.536855,18.0460,0.1992,10.814
40,75,in,0.1783,11,6,1,0.532842,12.4888,0.1992,10.814
40,75,in,0.1783,11,7,1,0.590359,2.1604,0.1992,10.814
40,76,out,0.3289,0,0,1,0.631940,0.0016,0.2306,2060.978
40,76,out,0.3289,0,1,1,0.542359,18.0002,0.2306,2060.978
40,76,out,0.3289,0,2,1,0.540614,12.0002,0.2306,2060.978
40,76,out,0.3289,0,3,1,0.538865,35.5140,179.7097,2060.978
40,76,out,0.3289,0,4,1,0.534015,34.1005,179.7097,2060.978
40,76,out,0.3289,0,5,1,0.533023,24.0002,0.2306,2060.978
40,76,out,0.3289,0,6,1,0.530279,33.7111,179.7097,2060.978
40,76,out,0.3289,0,7,1,0.525988,6.0002,0.2306,2060.978
40,76,out,0.3289,1,0,1,0.737264,0.0194,0.2217,11.827
40,76,out,0.3289,1,1,1,0.622971,18.0171,0.2217,11.827
40,76,out,0.3289,1,2,1,0.606951,12.0171,0.2217,11.827
40,76,out,0.3289,1,3,1,0.609684,35.1915,179.7007,11.827
40,76,out,0.3289,1,4,1,0.612932,33.7015,179.7007,11.827
40,76,out,0.3289,1,5,1,0.600009,24.0171,0.2217,11.827
40,76,out,0.3289,1,6,1,0.607430,33.2437,179.7007,11.827
40,76,out,0.3289,1,7,1,0.604010,6.0171,0.2217,11.827
40,76,out,0.3289,2,0,1,0.674439,0.0098,0.4006,11.853
40,76,out,0.3289,2,1,1,0.590115,18.0094,0.4006,11.853
40,76,out,0.3289,2,2,1,0.570487,12.0094,0.4006,11.853
40,76,out,0.3289,2,3,1,0.565947,34.8491,179.8796,11.853
40,76,out,0.3289,2,4,1,0.576473,33.2789,179.8796,11.853
40,76,out,0.3289,2,5,1,0.589613,24.0094,0.4006,11.853
40,76,out,0.3289,2,6,1,0.592574,32.7492,179.8796,11.853
40,76,out,0.3289,2,7,1,0.571149,6.0094,0.4006,11.853
40,76,out,0.3289,3,0,1,0.656778,0.0257,0.3569,11.842
40,76,out,0.3289,3,1,1,0.594663,18.0236,0.6458,11.842
40,76,out,0.3289,3,2,1,0.577380,12.0236,0.6458,11.842
40,76,out,0.3289,3,3,1,0.574414,34.5941,179.8359,11.842
40,76,out,0.3289,3,4,1,0.577479,32.9382,179.8359,11.842
40,76,out,0.3289,3,5,1,0.577415,24.0236,0.3569,11.842
40,76,out,0.3289,3,6,1,0.584735,32.3280,179.8359,11.842
40,76,out,0.3289,3,7,1,0.575520,6.0236,0.3569,11.842
40,76,out,0.3289,4,0,1,0.714953,0.0176,0.0608,11.400
40,76,out,0.3289,4,1,1,0.591586,18.0119,0.0608,11.400
40,76,out,0.3289,4,2,1,0.558024,12.0119,0.0608,11.400
40,76,out,0.3289,4,3,1,0.571124,34.4095,179.5791,11.400
40,76,out,0.3289,4,4,1,0.564853,32.6577,179.5791,11.400
40,76,out,0.3289,4,5,1,0.568115,24.0152,0.0608,11.400
40,76,out,0.3289,4,6,1,0.588807,31.9536,179.4182,11.400
40,76,out,0.3289,4,7,1,0.566315,6.0152,0.0608,11.400
40,76,out,0.3289,5,0,1,0.708450,0.0250,0.3523,12.303
40,76,out,0.3289,5,1,1,0.620051,18.0183,0.3523,12.303
40,76,out,0.3289,5,2,1,0.603574,12.0183,0.3523,12.303
40,76,out,0.3289,5,3,1,0.605168,34.2448,179.8706,12.303
40,76,out,0.3289,5,4,1,0.592018,32.3983,179.8706,12.303
40,76,out,0.3289,5,5,1,0.577849,24.0217,0.3523,12.303
40,76,out,0.3289,5,6,1,0.591231,31.6046,179.8706,12.303
40,76,out,0.3289,5,7,1,0.601709,6.0217,0.3523,12.303
40,76,out,0.3289,6,0,1,0.657820,0.0184,0.1868,3.129
40,76,out,0.3289,6,1,1,0.549996,18.0114,0.1868,3.129
40,76,out,0.3289,6,2,1,0.536451,12.0114,0.1868,3.129
40,76,out,0.3289,6,3,1,0.537493,34.2267,179.6658,3.129
40,76,out,0.3289,6,4,1,0.537029,32.2770,179.6658,3.129
40,76,out,0.3289,6,5,1,0.538368,24.0147,0.1868,3.129
40,76,out,0.3289,6,6,1,0.539255,31.3753,179.6658,3.129
40,76,out,0.3289,6,7,1,0.527182,6.0148,0.1868,3.129
40,76,out,0.3289,7,0,1,0.688948,0.0058,0.0640,15.408
40,76,out,0.3289,7,1,1,0.631521,18.0004,0.0640,15.408
40,76,out,0.3289,7,2,1,0.610626,12.0004,0.0640,15.408
40,76,out,0.3289,7,3,1,0.605128,34.3775,179.4543,15.408
40,76,out,0.3289,7,4,1,0.595171,32.3253,179.4543,15.408
40,76,out,0.3289,7,5,1,0.572845,24.1037,0.0640,15.408
40,76,out,0.3289,7,6,1,0.608629,31.3097,179.4543,15.408
40,76,out,0.3289,7,7,1,0.604076,6.0037,0.0640,15.408
40,76,out,0.3289,8,0,1,0.657504,0.0838,0.3930,7.515
40,76,out,0.3289,8,1,1,0.596947,17.9138,0.3930,7.515
40,76,out,0.3289,8,2,1,0.602237,11.9138,0.3930,7.515
40,76,out,0.3289,8,3,1,0.594846,34.5386,179.8720,7.515
40,76,out,0.3289,8,4,1,0.597459,32.3896,179.8720,7.515
40,76,out,0.3289,8,5,1,0.587996,23.9171,0.3930,7.515
40,76,out,0.3289,8,6,1,0.599181,31.2655,179.8720,7.515
40,76,out,0.3289,8,7,1,0.581762,5.9171,0.3930,7.515
40,76,out,0.3289,9,0,1,0.670495,0.0043,0.0159,7.229
40,76,out,0.3289,9,1,1,0.605875,17.9934,0.0159,7.229
40,76,out,0.3289,9,2,1,0.586565,11.9934,0.0159,7.229
40,76,out,0.3289,9,3,1,0.602785,34.6340,179.5024,7.229
40,76,out,0.3289,9,4,1,0.609767,32.3815,179.5024,7.229
40,76,out,0.3289,9,5,1,0.609489,23.9967,0.0159,7.229
40,76,out,0.3289,9,6,1,0.586816,31.1429,179.5024,7.229
40,76,out,0.3289,9,7,1,0.583415,5.9967,0.0159,7.229
40,76,out,0.3289,10,0,1,0.657899,0.0241,0.0952,7.495
40,76,out,0.3289,10,1,1,0.617529,17.9194,0.0952,7.495
40,76,out,0.3289,10,2,1,0.583245,11.9194,0.0952,7.495
40,76,out,0.3289,10,3,1,0.589145,34.7356,179.4231,7.495
40,76,out,0.3289,10,4,1,0.592080,32.3880,179.4231,7.495
40,76,out,0.3289,10,5,1,0.583393,23.9227,0.0952,7.495
40,76,out,0.3289,10,6,1,0.576392,31.0431,179.4231,7.495
40,76,out,0.3289,10,7,1,0.565768,5.9227,0.0952,7.495
40,76,out,0.3289,11,0,1,0.725325,0.0820,0.3619,6.660
40,76,out,0.3289,11,1,1,0.679181,17.9153,0.3619,6.660
40,76,out,0.3289,11,2,1,0.670663,11.9153,0.3619,6.660
40,76,out,0.3289,11,3,1,0.659926,34.9378,179.8409,6.660
40,76,out,0.3289,11,4,1,0.669653,32.4951,179.8409,6.660
40,76,out,0.3289,11,5,1,0.654010,23.9187,0.3619,6.660
40,76,out,0.3289,11,6,1,0.656747,31.0402,179.8409,6.660
40,76,out,0.3289,11,7,1,0.639698,5.9193,0.3619,6.660
40,77,in,0.3942,0,0,1,0.630043,0.0324,0.1590,2371.891
40,77,in,0.3942,0,1,1,0.538899,16.2410,179.3593,2371.891
40,77,in,0.3942,0,2,1,0.535024,12.7713,179.6380,2371.891
40,77,in,0.3942,0,3,1,0.533438,6.1205,179.3593,2371.891
40,77,in,0.3942,0,4,1,0.524008,7.8415,179.3593,2371.891
40,77,in,0.3942,0,5,1,0.523335,6.0324,0.1590,2371.891
40,77,in,0.3942,0,6,1,0.516147,7.3397,179.3593,2371.891
40,77,in,0.3942,0,7,1,0.507814,11.6443,179.3593,2371.891
40,77,in,0.3942,1,0,1,0.584679,0.0358,0.0652,8.668
40,77,in,0.3942,1,1,1,0.479328,15.9447,179.4531,8.668
40,77,in,0.3942,1,2,1,0.499538,12.4774,179.4531,8.668
40,77,in,0.3942,1,3,1,0.497892,6.1207,179.4531,8.668
40,77,in,0.3942,1,4,1,0.458087,8.4226,179.4531,8.668
40,77,in,0.3942,1,5,1,0.472441,6.0315,0.0652,8.668
40,77,in,0.3942,1,6,1,0.482908,7.1729,179.4531,8.668
40,77,in,0.3942,1,7,1,0.451742,11.1645,179.5443,8.668
40,77,in,0.3942,2,0,1,0.641589,0.0570,0.4824,8.894
40,77,in,0.3942,2,1,1,0.526097,15.8105,179.9993,8.894
40,77,in,0.3942,2,2,1,0.515691,12.6401,179.9993,8.894
40,77,in,0.3942,2,3,1,0.520009,6.1184,179.9993,8.894
40,77,in,0.3942,2,4,1,0.474056,8.5296,179.9993,8.894
40,77,in,0.3942,2,5,1,0.496659,5.9449,0.4824,8.894
40,77,in,0.3942,2,6,1,0.509009,6.9291,179.9993,8.894
40,77,in,0.3942,2,7,1,0.473299,11.1751,179.9993,8.894
40,77,in,0.3942,3,0,1,0.608018,0.0371,0.2297,13.218
40,77,in,0.3942,3,1,1,0.503052,16.4789,179.7087,13.218
40,77,in,0.3942,3,2,1,0.508799,13.0456,179.7087,13.218
40,77,in,0.3942,3,3,1,0.521837,5.8097,178.2859,13.218
40,77,in,0.3942,3,4,1,0.447549,8.2836,179.7087,13.218
40,77,in,0.3942,3,5,1,0.482377,6.0312,0.2297,13.218
40,77,in,0.3942,3,6,1,0.502270,6.6511,178.2859,13.218
40,77,in,0.3942,3,7,1,0.440447,11.5505,179.7087,13.218
40,77,in,0.3942,4,0,1,0.572743,0.0598,0.2171,7.874
40,77,in,0.3942,4,1,1,0.499655,16.9763,179.7354,7.874
40,77,in,0.3942,4,2,1,0.537354,13.5331,179.2620,7.874
40,77,in,0.3942,4,3,1,0.502561,5.5044,179.7354,7.874
40,77,in,0.3942,4,4,1,0.463217,7.9935,179.7354,7.874
40,77,in,0.3942,4,5,1,0.482318,6.0403,0.2171,7.874
40,77,in,0.3942,4,6,1,0.504135,6.3189,179.7354,7.874
40,77,in,0.3942,4,7,1,0.465447,12.0465,179.7354,7.874
40,77,in,0.3942,5,0,1,0.601637,0.0298,0.1531,12.767
40,77,in,0.3942,5,1,1,0.512384,17.6275,178.6687,12.767
40,77,in,0.3942,5,2,1,0.529133,13.9447,178.6687,12.767
40,77,in,0.3942,5,3,1,0.518532,4.8368,179.3259,12.767
40,77,in,0.3942,5,4,1,0.520275,7.6596,179.6714,12.767
40,77,in,0.3942,5,5,1,0.511646,6.0272,0.1531,12.767
40,77,in,0.3942,5,6,1,0.512471,6.1253,179.6714,12.767
40,77,in,0.3942,5,7,1,0.508555,12.5501,179.6714,12.767
40,77,in,0.3942,6,0,1,0.662428,0.0327,0.0833,9.751
40,77,in,0.3942,6,1,1,0.540304,18.1403,179.5624,9.751
40,77,in,0.3942,6,2,1,0.538397,14.8238,179.4350,9.751
40,77,in,0.3942,6,3,1,0.534659,3.9609,179.4350,9.751
40,77,in,0.3942,6,4,1,0.506626,7.4326,179.4350,9.751
40,77,in,0.3942,6,5,1,0.552773,6.0263,0.0833,9.751
40,77,in,0.3942,6,6,1,0.524061,5.8996,179.4350,9.751
40,77,in,0.3942,6,7,1,0.546540,13.0316,179.5624,9.751
40,77,in,0.3942,7,0,1,0.628476,0.0288,0.3490,14.288
40,77,in,0.3942,7,1,1,0.499971,18.8246,179.8281,14.288
40,77,in,0.3942,7,2,1,0.503221,15.7091,179.8281,14.288
40,77,in,0.3942,7,3,1,0.529212,3.3573,179.8281,14.288
40,77,in,0.3942,7,4,1,0.475223,7.1361,179.8281,14.288
40,77,in,0.3942,7,5,1,0.532367,6.0270,0.3490,14.288
40,77,in,0.3942,7,6,1,0.509708,5.8110,179.8281,14.288
40,77,in,0.3942,7,7,1,0.530069,13.5753,179.8281,14.288
40,77,in,0.3942,8,0,1,0.666096,0.0409,0.3317,9.825
40,77,in,0.3942,8,1,1,0.564697,19.3556,179.1473,9.825
40,77,in,0.3942,8,2,1,0.568224,16.2875,179.1473,9.825
40,77,in,0.3942,8,3,1,0.578365,2.8732,179.1473,9.825
40,77,in,0.3942,8,4,1,0.556287,6.9727,179.8500,9.825
40,77,in,0.3942,8,5,1,0.568066,5.9596,0.3317,9.825
40,77,in,0.3942,8,6,1,0.580922,5.7437,179.1473,9.825
40,77,in,0.3942,8,7,1,0.552782,14.0568,179.1473,9.825
40,77,in,0.3942,9,0,1,0.586872,0.0417,0.0496,13.789
40,77,in,0.3942,9,1,1,0.505721,19.9518,179.5286,13.789
40,77,in,0.3942,9,2,1,0.488193,16.5853,179.4687,13.789
40,77,in,0.3942,9,3,1,0.465624,2.3891,179.5286,13.789
40,77,in,0.3942,9,4,1,0.492760,6.7583,179.5286,13.789
40,77,in,0.3942,9,5,1,0.524684,5.9594,0.0496,13.789
40,77,in,0.3942,9,6,1,0.492137,5.8069,179.5286,13.789
40,77,in,0.3942,9,7,1,0.494444,14.6179,179.5286,13.789
40,77,in,0.3942,10,0,1,0.579163,0.0603,0.6024,9.829
40,77,in,0.3942,10,1,1,0.482489,20.5171,179.8793,9.829
40,77,in,0.3942,10,2,1,0.502390,16.9917,179.8793,9.829
40,77,in,0.3942,10,3,1,0.468782,1.5418,179.8793,9.829
40,77,in,0.3942,10,4,1,0.468953,6.4267,178.8766,9.829
40,77,in,0.3942,10,5,1,0.508563,6.0569,0.6024,9.829
40,77,in,0.3942,10,6,1,0.471353,6.0783,178.8766,9.829
40,77,in,0.3942,10,7,1,0.496092,15.2683,178.8766,9.829
40,77,in,0.3942,11,0,1,0.625325,0.0572,0.5923,14.073
40,77,in,0.3942,11,1,1,0.536177,21.1271,179.0686,14.073
40,77,in,0.3942,11,2,1,0.518179,17.5499,179.0686,14.073
40,77,in,0.3942,11,3,1,0.508881,1.0859,179.0686,14.073
40,77,in,0.3942,11,4,1,0.501845,6.1988,179.0686,14.073
40,77,in,0.3942,11,5,1,0.527837,5.9485,0.5923,14.073
40,77,in,0.3942,11,6,1,0.498980,6.2760,179.0686,14.073
40,77,in,0.3942,11,7,1,0.533965,15.8401,179.0686,14.073
40,78,in,0.0875,0,0,1,0.889379,0.0470,0.0520,314.830
40,78,in,0.0875,0,1,1,0.780630,12.9191,179.5703,314.830
40,78,in,0.0875,0,2,1,0.772650,10.9876,179.5703,314.830
40,78,in,0.0875,0,3,1,0.771815,6.2498,179.5703,314.830
40,78,in,0.0875,0,4,1,0.758317,9.2599,0.0520,314.830
40,78,in,0.0875,0,5,1,0.745101,11.8926,179.5703,314.830
40,78,in,0.0875,0,6,1,0.743533,11.8275,179.5703,314.830
40,78,in,0.0875,0,7,1,0.741790,9.6721,179.5703,314.830
40,78,in,0.0875,1,0,1,0.886422,0.0333,0.0702,2.089
40,78,in,0.0875,1,1,1,0.786404,12.1554,179.4481,2.089
40,78,in,0.0875,1,2,1,0.783444,10.4180,179.4481,2.089
40,78,in,0.0875,1,3,1,0.764883,5.7553,179.4481,2.089
40,78,in,0.0875,1,4,1,0.770437,9.1629,0.0702,2.089
40,78,in,0.0875,1,5,1,0.745288,11.3094,179.4481,2.089
40,78,in,0.0875,1,6,1,0.738266,11.2766,179.4481,2.089
40,78,in,0.0875,1,7,1,0.738753,9.4732,179.4481,2.089
40,78,in,0.0875,2,0,1,0.897631,0.0239,0.2956,2.228
40,78,in,0.0875,2,1,1,0.768007,11.6644,179.8139,2.228
40,78,in,0.0875,2,2,1,0.760268,9.9300,179.8139,2.228
40,78,in,0.0875,2,3,1,0.755953,5.2382,179.8139,2.228
40,78,in,0.0875,2,4,1,0.757791,9.1648,0.2956,2.228
40,78,in,0.0875,2,5,1,0.738004,10.8560,179.8139,2.228
40,78,in,0.0875,2,6,1,0.737175,10.6800,179.8139,2.228
40,78,in,0.0875,2,7,1,0.749893,9.3863,179.8139,2.228
40,78,in,0.0875,3,0,1,0.893837,0.0306,0.2736,2.187
40,78,in,0.0875,3,1,1,0.764099,11.1425,179.7919,2.187
40,78,in,0.0875,3,2,1,0.757472,9.6277,179.7919,2.187
40,78,in,0.0875,3,3,1,0.763815,4.4073,179.7919,2.187
40,78,in,0.0875,3,4,1,0.747435,9.4006,0.2736,2.187
40,78,in,0.0875,3,5,1,0.727170,10.6570,179.7919,2.187
40,78,in,0.0875,3,6,1,0.737365,9.8815,179.7919,2.187
40,78,in,0.0875,3,7,1,0.753204,9.4050,179.7919,2.187
40,78,in,0.0875,4,0,1,0.921279,0.0262,0.0462,2.290
40,78,in,0.0875,4,1,1,0.767580,10.6755,179.4721,2.290
40,78,in,0.0875,4,2,1,0.758459,9.0591,179.5253,2.290
40,78,in,0.0875,4,3,1,0.756671,4.0696,179.5253,2.290
40,78,in,0.0875,4,4,1,0.778397,9.2394,0.0462,2.290
40,78,in,0.0875,4,5,1,0.721524,10.3307,179.4721,2.290
40,78,in,0.0875,4,6,1,0.728965,9.3001,179.4721,2.290
40,78,in,0.0875,4,7,1,0.751970,9.4013,179.4721,2.290
40,78,in,0.0875,5,0,1,0.898196,0.0302,0.1441,6.259
40,78,in,0.0875,5,1,1,0.750460,10.2912,179.6624,6.259
40,78,in,0.0875,5,2,1,0.746147,8.6833,179.6624,6.259
40,78,in,0.0875,5,3,1,0.736241,3.3038,179.6624,6.259
40,78,in,0.0875,5,4,1,0.746858,9.4018,0.1441,6.259
40,78,in,0.0875,5,5,1,0.682946,9.7730,179.6624,6.259
40,78,in,0.0875,5,6,1,0.734335,8.6158,179.6624,6.259
40,78,in,0.0875,5,7,1,0.764553,9.3796,179.6624,6.259
40,78,in,0.0875,6,0,1,0.888743,0.0353,0.3600,1.934
40,78,in,0.0875,6,1,1,0.733464,9.5057,179.8390,1.934
40,78,in,0.0875,6,2,1,0.744965,7.9890,179.8390,1.934
40,78,in,0.0875,6,3,1,0.746259,2.5767,179.8390,1.934
40,78,in,0.0875,6,4,1,0.748226,9.3295,0.6427,1.934
40,78,in,0.0875,6,5,1,0.687089,9.7918,179.8390,1.934
40,78,in,0.0875,6,6,1,0.706102,8.4853,179.8390,1.934
40,78,in,0.0875,6,7,1,0.765244,9.1147,179.8390,1.934
40,78,in,0.0875,7,0,1,0.891420,0.0307,0.5279,1.724
40,78,in,0.0875,7,1,1,0.754211,9.4505,179.9931,1.724
40,78,in,0.0875,7,2,1,0.774841,8.0254,179.9931,1.724
40,78,in,0.0875,7,3,1,0.762740,2.7430,179.9931,1.724
40,78,in,0.0875,7,4,1,0.748417,9.0975,0.4748,1.724
40,78,in,0.0875,7,5,1,0.689131,9.6164,179.9931,1.724
40,78,in,0.0875,7,6,1,0.711765,8.4901,179.9931,1.724
40,78,in,0.0875,7,7,1,0.789163,9.1146,179.9931,1.724
40,78,in,0.0875,8,0,1,0.890240,0.0346,0.0095,6.420
40,78,in,0.0875,8,1,1,0.759390,9.5304,179.5088,6.420
40,78,in,0.0875,8,2,1,0.755419,8.0146,179.5088,6.420
40,78,in,0.0875,8,3,1,0.759211,3.1470,179.5088,6.420
40,78,in,0.0875,8,4,1,0.733950,9.0858,0.0095,6.420
40,78,in,0.0875,8,5,1,0.704433,10.1384,179.5088,6.420
40,78,in,0.0875,8,6,1,0.711199,8.7365,179.5088,6.420
40,78,in,0.0875,8,7,1,0.776217,8.6329,179.5088,6.420
40,78,in,0.0875,9,0,1,0.912165,0.0274,0.0176,6.249
40,78,in,0.0875,9,1,1,0.746079,9.8007,179.5007,6.249
40,78,in,0.0875,9,2,1,0.769396,8.0535,179.5007,6.249
40,78,in,0.0875,9,3,1,0.759936,3.5856,179.4966,6.249
40,78,in,0.0875,9,4,1,0.765438,9.2966,0.0176,6.249
40,78,in,0.0875,9,5,1,0.695668,10.8321,179.5007,6.249
40,78,in,0.0875,9,6,1,0.708673,9.5620,179.5007,6.249
40,78,in,0.0875,9,7,1,0.777773,8.1584,179.5007,6.249
40,78,in,0.0875,10,0,1,0.873449,0.0251,0.1616,1.634
40,78,in,0.0875,10,1,1,0.714461,9.8006,179.3567,1.634
40,78,in,0.0875,10,2,1,0.725205,8.0087,179.3567,1.634
40,78,in,0.0875,10,3,1,0.728101,3.5842,179.6406,1.634
40,78,in,0.0875,10,4,1,0.728538,9.3735,0.1616,1.634
40,78,in,0.0875,10,5,1,0.678985,10.9193,179.3567,1.634
40,78,in,0.0875,10,6,1,0.676250,9.2626,179.3567,1.634
40,78,in,0.0875,10,7,1,0.756726,8.1608,179.6406,1.634
40,78,in,0.0875,11,0,1,0.948235,0.0149,0.0880,6.137
40,78,in,0.0875,11,1,1,0.784788,10.2734,179.4303,6.137
40,78,in,0.0875,11,2,1,0.796658,8.6954,179.4303,6.137
40,78,in,0.0875,11,3,1,0.781873,4.1244,179.5671,6.137
40,78,in,0.0875,11,4,1,0.809628,9.2890,0.0880,6.137
40,78,in,0.0875,11,5,1,0.729744,10.8036,179.4303,6.137
40,78,in,0.0875,11,6,1,0.742939,9.4995,179.4303,6.137
40,78,in,0.0875,11,7,1,0.795340,8.6258,179.4303,6.137
40,79,out,0.4049,0,0,1,0.613728,20.6482,179.9342,657.362
40,79,out,0.4049,0,1,1,0.611021,25.0800,179.9342,657.362
40,79,out,0.4049,0,2,1,0.594977,0.0421,0.4552,657.362
40,79,out,0.4049,0,3,1,0.591559,23.7200,179.9342,657.362
40,79,out,0.4049,0,4,1,0.582857,24.4302,0.4552,657.362
40,79,out,0.4049,0,5,1,0.582437,17.5406,179.9342,657.362
40,79,out,0.4049,0,6,1,0.581937,28.9926,179.9342,657.362
40,79,out,0.4049,0,7,1,0.581274,22.2155,179.9342,657.362
40,79,out,0.4049,1,0,1,0.541361,21.4182,179.8691,7.936
40,79,out,0.4049,1,1,1,0.534768,25.6785,179.8691,7.936
40,79,out,0.4049,1,2,1,0.558548,0.0382,0.3901,7.936
40,79,out,0.4049,1,3,1,0.534623,24.1718,179.8691,7.936
40,79,out,0.4049,1,4,1,0.533893,24.4306,0.3901,7.936
40,79,out,0.4049,1,5,1,0.508498,18.2835,179.8691,7.936
40,79,out,0.4049,1,6,1,0.558600,29.6224,179.8691,7.936
40,79,out,0.4049,1,7,1,0.540325,22.6557,179.8691,7.936
40,79,out,0.4049,2,0,1,0.537787,22.0510,179.6738,7.884
40,79,out,0.4049,2,1,1,0.560912,26.2050,179.6738,7.884
40,79,out,0.4049,2,2,1,0.584504,0.0472,0.1555,7.884
40,79,out,0.4049,2,3,1,0.529041,24.9429,179.6738,7.884
40,79,out,0.4049,2,4,1,0.562222,24.4385,0.1555,7.884
40,79,out,0.4049,2,5,1,0.547320,18.9504,179.6738,7.884
40,79,out,0.4049,2,6,1,0.547618,30.1866,179.6738,7.884
40,79,out,0.4049,2,7,1,0.573967,23.1122,179.6738,7.884
40,79,out,0.4049,3,0,1,0.528664,22.4973,179.4380,7.772
40,79,out,0.4049,3,1,1,0.508351,26.6836,179.4380,7.772
40,79,out,0.4049,3,2,1,0.549091,0.0560,0.0803,7.772
40,79,out,0.4049,3,3,1,0.529219,25.2784,179.4380,7.772
40,79,out,0.4049,3,4,1,0.500067,24.4420,0.0803,7.772
40,79,out,0.4049,3,5,1,0.522611,19.7385,179.5593,7.772
40,79,out,0.4049,3,6,1,0.518285,30.7040,179.4380,7.772
40,79,out,0.4049,3,7,1,0.500871,23.6122,179.5593,7.772
40,79,out,0.4049,4,0,1,0.515905,23.0989,179.8537,7.963
40,79,out,0.4049,4,1,1,0.522368,27.1753,179.8537,7.963
40,79,out,0.4049,4,2,1,0.545095,0.0485,0.3354,7.963
40,79,out,0.4049,4,3,1,0.525308,26.0116,179.8537,7.963
40,79,out,0.4049,4,4,1,0.512633,24.4293,0.6673,7.963
40,79,out,0.4049,4,5,1,0.512545,20.5368,179.8537,7.963
40,79,out,0.4049,4,6,1,0.521147,31.3060,179.8537,7.963
40,79,out,0.4049,4,7,1,0.520132,23.9449,179.8537,7.963
40,79,out,0.4049,5,0,1,0.555391,23.5266,179.7910,8.275
40,79,out,0.4049,5,1,1,0.557215,27.7797,179.2063,8.275
40,79,out,0.4049,5,2,1,0.612613,0.0479,0.3119,8.275
40,79,out,0.4049,5,3,1,0.560550,26.6998,179.7910,8.275
40,79,out,0.4049,5,4,1,0.575414,24.4174,0.3119,8.275
40,79,out,0.4049,5,5,1,0.546376,20.8596,179.7910,8.275
40,79,out,0.4049,5,6,1,0.554947,31.8696,179.7910,8.275
40,79,out,0.4049,5,7,1,0.563398,24.5816,179.7910,8.275
40,79,out,0.4049,6,0,1,0.474319,23.8916,179.7124,9.150
40,79,out,0.4049,6,1,1,0.516065,28.3816,179.7124,9.150
40,79,out,0.4049,6,2,1,0.534909,0.0449,0.2333,9.150
40,79,out,0.4049,6,3,1,0.456195,27.0103,179.2850,9.150
40,79,out,0.4049,6,4,1,0.505519,24.4151,0.2333,9.150
40,79,out,0.4049,6,5,1,0.478950,21.6060,179.7124,9.150
40,79,out,0.4049,6,6,1,0.509916,32.5007,179.7124,9.150
40,79,out,0.4049,6,7,1,0.510145,25.0435,179.7124,9.150
40,79,out,0.4049,7,0,1,0.511074,24.6173,179.4878,7.993
40,79,out,0.4049,7,1,1,0.522458,28.9576,179.4878,7.993
40,79,out,0.4049,7,2,1,0.584943,0.0336,0.0305,7.993
40,79,out,0.4049,7,3,1,0.484393,27.7506,179.4878,7.993
40,79,out,0.4049,7,4,1,0.531120,24.3978,0.0305,7.993
40,79,out,0.4049,7,5,1,0.482497,21.9116,179.4878,7.993
40,79,out,0.4049,7,6,1,0.533506,33.0259,179.5095,7.993
40,79,out,0.4049,7,7,1,0.539578,25.5723,179.4878,7.993
40,79,out,0.4049,8,0,1,0.584607,25.0892,179.6588,7.766
40,79,out,0.4049,8,1,1,0.608097,29.3847,179.6588,7.766
40,79,out,0.4049,8,2,1,0.645401,0.0195,0.1405,7.766
40,79,out,0.4049,8,3,1,0.589413,28.0306,179.3385,7.766
40,79,out,0.4049,8,4,1,0.600613,24.4906,0.1405,7.766
40,79,out,0.4049,8,5,1,0.550340,22.6170,179.6588,7.766
40,79,out,0.4049,8,6,1,0.589918,33.5628,179.3385,7.766
40,79,out,0.4049,8,7,1,0.581527,25.9437,179.3385,7.766
40,79,out,0.4049,9,0,1,0.528142,25.7129,179.7513,8.129
40,79,out,0.4049,9,1,1,0.565591,29.9020,179.7513,8.129
40,79,out,0.4049,9,2,1,0.598761,0.0186,0.2723,8.129
40,79,out,0.4049,9,3,1,0.527316,28.3438,179.7513,8.129
40,79,out,0.4049,9,4,1,0.556998,24.4865,0.7304,8.129
40,79,out,0.4049,9,5,1,0.523312,23.2921,179.7513,8.129
40,79,out,0.4049,9,6,1,0.555278,34.0526,179.7513,8.129
40,79,out,0.4049,9,7,1,0.564525,26.3161,179.7513,8.129
40,79,out,0.4049,10,0,1,0.622699,26.3101,179.8300,7.514
40,79,out,0.4049,10,1,1,0.642742,30.4781,179.8300,7.514
40,79,out,0.4049,10,2,1,0.669282,0.0791,0.3117,7.514
40,79,out,0.4049,10,3,1,0.613163,29.0005,179.1674,7.514
40,79,out,0.4049,10,4,1,0.641819,24.4795,0.3117,7.514
40,79,out,0.4049,10,5,1,0.596394,23.6067,179.1674,7.514
40,79,out,0.4049,10,6,1,0.628417,34.7146,179.8300,7.514
40,79,out,0.4049,10,7,1,0.641760,26.9383,179.8300,7.514
40,79,out,0.4049,11,0,1,0.555791,27.1006,180.0000,7.823
40,79,out,0.4049,11,1,1,0.567385,31.0567,180.0000,7.823
40,79,out,0.4049,11,2,1,0.598326,0.0222,0.5209,7.823
40,79,out,0.4049,11,3,1,0.570707,29.5864,180.0000,7.823
40,79,out,0.4049,11,4,1,0.560456,24.4867,0.4817,7.823
40,79,out,0.4049,11,5,1,0.529544,23.9330,180.0000,7.823
40,79,out,0.4049,11,6,1,0.576023,35.3083,180.0000,7.823
40,79,out,0.4049,11,7,1,0.563170,27.4829,180.0000,7.823
80,0,out,0.3173,0,0,1,0.681055,0.0233,0.3603,4242.388
80,0,out,0.3173,0,1,1,0.662392,27.0659,178.8759,4242.388
80,0,out,0.3173,0,2,1,0.656777,49.6696,179.8786,4242.388
80,0,out,0.3173,0,3,1,0.652555,28.7927,0.6424,4242.388
80,0,out,0.3173,0,4,1,0.651192,57.9481,0.6424,4242.388
80,0,out,0.3173,0,5,1,0.649649,49.1821,179.8786,4242.388
80,0,out,0.3173,0,6,1,0.648063,29.8221,179.8786,4242.388
80,0,out,0.3173,0,7,1,0.647974,47.9410,179.8786,4242.388
80,0,out,0.3173,1,0,1,0.674909,0.0206,0.3973,3.077
80,0,out,0.3173,1,1,1,0.639100,26.6991,179.9156,3.077
80,0,out,0.3173,1,2,1,0.626324,49.7686,179.9156,3.077
80,0,out,0.3173,1,3,1,0.634615,28.9696,0.3973,3.077
80,0,out,0.3173,1,4,1,0.624313,57.8495,0.6054,3.077
80,0,out,0.3173,1,5,1,0.621073,49.0609,179.9156,3.077
80,0,out,0.3173,1,6,1,0.627611,29.7548,179.9156,3.077
80,0,out,0.3173,1,7,1,0.611145,47.6827,179.9156,3.077
80,0,out,0.3173,2,0,1,0.782882,0.0139,0.0046,2.741
80,0,out,0.3173,2,1,1,0.726538,26.7508,179.5229,2.741
80,0,out,0.3173,2,2,1,0.717367,49.7282,179.4744,2.741
80,0,out,0.3173,2,3,1,0.739961,28.8075,0.0046,2.741
80,0,out,0.3173,2,4,1,0.712730,57.9642,0.0046,2.741
80,0,out,0.3173,2,5,1,0.721883,49.1053,179.5229,2.741
80,0,out,0.3173,2,6,1,0.722500,29.5409,179.5229,2.741
80,0,out,0.3173,2,7,1,0.704818,47.3612,179.5229,2.741
80,0,out,0.3173,3,0,1,0.722777,0.0247,0.1211,2.720
80,0,out,0.3173,3,1,1,0.664359,26.8741,179.3971,2.720
80,0,out,0.3173,3,2,1,0.651868,49.9858,179.3971,2.720
80,0,out,0.3173,3,3,1,0.672075,28.6730,0.1211,2.720
80,0,out,0.3173,3,4,1,0.650731,57.8055,0.1211,2.720
80,0,out,0.3173,3,5,1,0.663368,49.0836,179.3971,2.720
80,0,out,0.3173,3,6,1,0.658048,29.5528,179.6002,2.720
80,0,out,0.3173,3,7,1,0.650282,47.3931,179.6002,2.720
80,0,out,0.3173,4,0,1,0.687525,0.0265,0.4179,2.857
80,0,out,0.3173,4,1,1,0.636201,27.0366,179.8970,2.857
80,0,out,0.3173,4,2,1,0.634331,49.8570,179.8970,2.857
80,0,out,0.3173,4,3,1,0.636202,28.7556,0.4179,2.857
80,0,out,0.3173,4,4,1,0.625887,58.0071,0.4179,2.857
80,0,out,0.3173,4,5,1,0.629755,49.0856,179.8970,2.857
80,0,out,0.3173,4,6,1,0.617902,29.4984,179.8970,2.857
80,0,out,0.3173,4,7,1,0.616922,47.3262,179.8970,2.857
80,0,out,0.3173,5,0,1,0.728419,0.0185,0.3228,3.329
80,0,out,0.3173,5,1,1,0.637468,26.6194,179.8411,3.329
80,0,out,0.3173,5,2,1,0.638432,49.4173,179.8411,3.329
80,0,out,0.3173,5,3,1,0.659035,28.7564,0.3228,3.329
80,0,out,0.3173,5,4,1,0.631629,58.0780,0.3228,3.329
80,0,out,0.3173,5,5,1,0.633320,48.4354,179.8411,3.329
80,0,out,0.3173,5,6,1,0.630312,29.1442,179.8411,3.329
80,0,out,0.3173,5,7,1,0.625509,47.0875,179.8411,3.329
80,0,out,0.3173,6,0,1,0.699136,0.0215,0.4131,1.901
80,0,out,0.3173,6,1,1,0.662485,26.0602,179.8922,1.901
80,0,out,0.3173,6,2,1,0.645179,48.9777,179.8922,1.901
80,0,out,0.3173,6,3,1,0.662888,28.9208,0.4131,1.901
80,0,out,0.3173,6,4,1,0.653737,58.0352,0.4131,1.901
80,0,out,0.3173,6,5,1,0.660568,47.9092,179.8922,1.901
80,0,out,0.3173,6,6,1,0.655022,28.6996,179.8922,1.901
80,0,out,0.3173,6,7,1,0.679743,46.8457,179.8922,1.901
80,0,out,0.3173,7,0,1,0.597976,0.0141,0.3560,1.793
80,0,out,0.3173,7,1,1,0.590098,25.6243,179.8351,1.793
80,0,out,0.3173,7,2,1,0.562877,48.4883,179.8351,1.793
80,0,out,0.3173,7,3,1,0.586757,28.7986,0.3560,1.793
80,0,out,0.3173,7,4,1,0.570272,58.0612,0.3560,1.793
80,0,out,0.3173,7,5,1,0.575060,47.4736,179.8351,1.793
80,0,out,0.3173,7,6,1,0.588029,28.4105,179.8351,1.793
80,0,out,0.3173,7,7,1,0.570104,46.5355,179.8351,1.793
80,0,out,0.3173,8,0,1,0.724835,0.0047,0.4413,1.807
80,0,out,0.3173,8,1,1,0.660139,25.4555,179.9203,1.807
80,0,out,0.3173,8,2,1,0.661690,48.2245,179.9203,1.807
80,0,out,0.3173,8,3,1,0.681231,28.7975,0.4413,1.807
80,0,out,0.3173,8,4,1,0.642540,58.0636,0.4413,1.807
80,0,out,0.3173,8,5,1,0.649277,47.2416,179.9203,1.807
80,0,out,0.3173,8,6,1,0.650869,28.7458,179.9203,1.807
80,0,out,0.3173,8,7,1,0.653691,46.3951,179.9203,1.807
80,0,out,0.3173,9,0,1,0.705382,0.0719,0.2291,1.804
80,0,out,0.3173,9,1,1,0.632765,25.2743,179.7474,1.804
80,0,out,0.3173,9,2,1,0.617459,47.8249,179.7474,1.804
80,0,out,0.3173,9,3,1,0.643450,28.8985,0.2291,1.804
80,0,out,0.3173,9,4,1,0.607425,58.0598,0.2291,1.804
80,0,out,0.3173,9,5,1,0.616173,46.9632,179.7474,1.804
80,0,out,0.3173,9,6,1,0.611976,29.0767,179.7474,1.804
80,0,out,0.3173,9,7,1,0.623419,46.4520,179.7474,1.804
80,0,out,0.3173,10,0,1,0.680797,0.0798,0.5344,1.715
80,0,out,0.3173,10,1,1,0.626503,25.1982,179.9866,1.715
80,0,out,0.3173,10,2,1,0.612478,47.5225,179.9866,1.715
80,0,out,0.3173,10,3,1,0.629785,29.0836,0.5344,1.715
80,0,out,0.3173,10,4,1,0.627390,57.9690,0.5344,1.715
80,0,out,0.3173,10,5,1,0.618181,46.7665,179.9866,1.715
80,0,out,0.3173,10,6,1,0.611399,29.3947,179.9866,1.715
80,0,out,0.3173,10,7,1,0.624823,46.2348,179.9866,1.715
80,0,out,0.3173,11,0,1,0.694433,0.0520,0.2781,1.756
80,0,out,0.3173,11,1,1,0.638855,24.9802,179.7571,1.756
80,0,out,0.3173,11,2,1,0.621592,47.2493,179.7571,1.756
80,0,out,0.3173,11,3,1,0.641157,28.8992,0.2781,1.756
80,0,out,0.3173,11,4,1,0.633743,58.0684,0.2781,1.756
80,0,out,0.3173,11,5,1,0.618739,46.5011,179.7571,1.756
80,0,out,0.3173,11,6,1,0.609776,29.3921,179.7571,1.756
80,0,out,0.3173,11,7,1,0.603934,46.1136,179.7571,1.756
80,1,in,0.7077,0,-1,0,0,0,0,21698.697
80,1,in,0.7077,1,-1,0,0,0,0,0.000
80,1,in,0.7077,2,-1,0,0,0,0,0.000
80,1,in,0.7077,3,-1,0,0,0,0,0.000
80,1,in,0.7077,4,-1,0,0,0,0,0.000
80,1,in,0.7077,5,-1,0,0,0,0,0.000
80,1,in,0.7077,6,-1,0,0,0,0,0.000
80,1,in,0.7077,7,-1,0,0,0,0,0.000
80,1,in,0.7077,8,-1,0,0,0,0,0.000
80,1,in,0.7077,9,-1,0,0,0,0,0.000
80,1,in,0.7077,10,-1,0,0,0,0,0.000
80,1,in,0.7077,11,-1,0,0,0,0,0.000
80,2,out,0.6192,0,0,1,0.428322,27.8312,179.3486,10070.249
80,2,out,0.6192,0,1,1,0.423699,43.6380,0.1697,10070.249
80,2,out,0.6192,0,2,1,0.422494,26.9461,179.6488,10070.249
80,2,out,0.6192,0,3,1,0.419071,44.4879,0.1697,10070.249
80,2,out,0.6192,0,4,1,0.415048,25.3979,179.6488,10070.249
80,2,out,0.6192,0,5,1,0.414427,30.5209,0.1697,10070.249
80,2,out,0.6192,0,6,1,0.412726,43.8117,179.6488,10070.249
80,2,out,0.6192,0,7,1,0.412528,23.2833,1.1724,10070.249
80,2,out,0.6192,1,0,1,0.384145,28.0964,176.5248,7.276
80,2,out,0.6192,1,1,1,0.388773,43.6081,0.0145,7.276
80,2,out,0.6192,1,2,1,0.413429,27.7512,179.5328,7.276
80,2,out,0.6192,1,3,1,0.393565,44.4513,0.9882,7.276
80,2,out,0.6192,1,4,1,0.387872,25.7588,177.5275,7.276
80,2,out,0.6192,1,5,1,0.382041,30.6936,2.9935,7.276
80,2,out,0.6192,1,6,1,0.375641,44.5219,178.5301,7.276
80,2,out,0.6192,1,7,1,0.413669,23.0160,0.0145,7.276
80,2,out,0.6192,2,0,1,0.406435,28.2702,179.4492,6.710
80,2,out,0.6192,2,1,1,0.406241,43.5474,1.0325,6.710
80,2,out,0.6192,2,2,1,0.435718,28.0741,179.4492,6.710
80,2,out,0.6192,2,3,1,0.420741,44.5095,0.0298,6.710
80,2,out,0.6192,2,4,1,0.411363,25.9229,179.4492,6.710
80,2,out,0.6192,2,5,1,0.422463,30.7221,0.0298,6.710
80,2,out,0.6192,2,6,1,0.408741,45.0250,179.4492,6.710
80,2,out,0.6192,2,7,1,0.420929,22.7785,0.0298,6.710
80,2,out,0.6192,3,0,1,0.382038,28.6467,178.3250,7.031
80,2,out,0.6192,3,1,1,0.379176,43.6404,0.1513,7.031
80,2,out,0.6192,3,2,1,0.417330,28.6022,179.3277,7.031
80,2,out,0.6192,3,3,1,0.377976,44.4284,0.1513,7.031
80,2,out,0.6192,3,4,1,0.389478,26.1935,179.6696,7.031
80,2,out,0.6192,3,5,1,0.376633,30.8021,0.1513,7.031
80,2,out,0.6192,3,6,1,0.370143,45.7123,179.3277,7.031
80,2,out,0.6192,3,7,1,0.430811,22.6303,0.1513,7.031
80,2,out,0.6192,4,0,1,0.400725,29.1491,179.9948,7.083
80,2,out,0.6192,4,1,1,0.369663,43.5907,0.5158,7.083
80,2,out,0.6192,4,2,1,0.443296,28.9631,179.9948,7.083
80,2,out,0.6192,4,3,1,0.390431,44.5307,1.4895,7.083
80,2,out,0.6192,4,4,1,0.432132,26.4577,179.0025,7.083
80,2,out,0.6192,4,5,1,0.423920,30.4959,1.5185,7.083
80,2,out,0.6192,4,6,1,0.373132,45.9768,179.9948,7.083
80,2,out,0.6192,4,7,1,0.439638,22.6250,0.5158,7.083
80,2,out,0.6192,5,0,1,0.422610,29.8334,179.9153,6.481
80,2,out,0.6192,5,1,1,0.421745,43.6431,2.4023,6.481
80,2,out,0.6192,5,2,1,0.465368,29.4328,179.0821,6.481
80,2,out,0.6192,5,3,1,0.416671,44.5866,0.6057,6.481
80,2,out,0.6192,5,4,1,0.452811,26.9957,179.9153,6.481
80,2,out,0.6192,5,5,1,0.462680,30.4967,3.6137,6.481
80,2,out,0.6192,5,6,1,0.391460,46.4094,177.0767,6.481
80,2,out,0.6192,5,7,1,0.467584,22.6233,1.3997,6.481
80,2,out,0.6192,6,0,1,0.376128,30.1136,178.8095,5.950
80,2,out,0.6192,6,1,1,0.363136,43.6999,1.6722,5.950
80,2,out,0.6192,6,2,1,0.386064,29.1780,178.8095,5.950
80,2,out,0.6192,6,3,1,0.387643,44.6222,1.6722,5.950
80,2,out,0.6192,6,4,1,0.399566,26.9956,177.8068,5.950
80,2,out,0.6192,6,5,1,0.372944,30.4970,0.6696,5.950
80,2,out,0.6192,6,6,1,0.361461,46.1088,177.8068,5.950
80,2,out,0.6192,6,7,1,0.406037,22.8779,1.6722,5.950
80,2,out,0.6192,7,0,1,0.391799,29.8987,178.9403,12.767
80,2,out,0.6192,7,1,1,0.374294,43.7911,0.4247,12.767
80,2,out,0.6192,7,2,1,0.399773,29.4316,179.9430,12.767
80,2,out,0.6192,7,3,1,0.403287,44.5288,0.5780,12.767
80,2,out,0.6192,7,4,1,0.399816,27.2407,179.9430,12.767
80,2,out,0.6192,7,5,1,0.403491,30.5801,1.5807,12.767
80,2,out,0.6192,7,6,1,0.350189,46.3482,179.9430,12.767
80,2,out,0.6192,7,7,1,0.422768,23.1351,0.4247,12.767
80,2,out,0.6192,8,0,1,0.387380,29.7643,179.1704,15.133
80,2,out,0.6192,8,1,1,0.361309,43.7800,0.3086,15.133
80,2,out,0.6192,8,2,1,0.414382,29.6042,176.8189,15.133
80,2,out,0.6192,8,3,1,0.378839,44.5609,0.3086,15.133
80,2,out,0.6192,8,4,1,0.402618,26.9960,178.8242,15.133
80,2,out,0.6192,8,5,1,0.418980,30.4971,1.6968,15.133
80,2,out,0.6192,8,6,1,0.366451,46.4901,178.1678,15.133
80,2,out,0.6192,8,7,1,0.400261,23.2183,2.6994,15.133
80,2,out,0.6192,9,0,1,0.386332,30.1058,176.8518,6.590
80,2,out,0.6192,9,1,1,0.377213,43.7942,0.3416,6.590
80,2,out,0.6192,9,2,1,0.423517,29.3364,179.8599,6.590
80,2,out,0.6192,9,3,1,0.378243,44.5052,3.6691,6.590
80,2,out,0.6192,9,4,1,0.408336,27.0987,176.8518,6.590
80,2,out,0.6192,9,5,1,0.407919,30.6126,2.6665,6.590
80,2,out,0.6192,9,6,1,0.372378,46.1770,179.8599,6.590
80,2,out,0.6192,9,7,1,0.401797,22.8706,2.6665,6.590
80,2,out,0.6192,10,0,1,0.349122,30.0338,179.8506,7.158
80,2,out,0.6192,10,1,1,0.338784,43.7835,0.3323,7.158
80,2,out,0.6192,10,2,1,0.393223,29.5099,179.8506,7.158
80,2,out,0.6192,10,3,1,0.341651,44.6324,0.6704,7.158
80,2,out,0.6192,10,4,1,0.374972,26.9622,179.1468,7.158
80,2,out,0.6192,10,5,1,0.373020,30.5060,0.6704,7.158
80,2,out,0.6192,10,6,1,0.331970,46.1591,179.8506,7.158
80,2,out,0.6192,10,7,1,0.375538,22.7163,0.6704,7.158
80,2,out,0.6192,11,0,1,0.362816,29.3625,176.4937,7.566
80,2,out,0.6192,11,1,1,0.352006,43.8620,0.0166,7.566
80,2,out,0.6192,11,2,1,0.364889,29.0852,177.4963,7.566
80,2,out,0.6192,11,3,1,0.360416,44.4461,0.0166,7.566
80,2,out,0.6192,11,4,1,0.388010,26.3050,176.4937,7.566
80,2,out,0.6192,11,5,1,0.374210,30.5902,0.9861,7.566
80,2,out,0.6192,11,6,1,0.347193,45.7391,176.4937,7.566
80,2,out,0.6192,11,7,1,0.390309,22.4649,3.0246,7.566
80,3,out,0.6635,0,0,1,0.461803,16.0371,0.3883,11171.133
80,3,out,0.6635,0,1,1,0.461656,33.8129,0.3883,11171.133
80,3,out,0.6635,0,2,1,0.460559,32.4617,0.3883,11171.133
80,3,out,0.6635,0,3,1,0.460405,23.7756,0.3883,11171.133
80,3,out,0.6635,0,4,1,0.457482,32.8922,179.8674,11171.133
80,3,out,0.6635,0,5,1,0.456628,18.5044,0.3883,11171.133
80,3,out,0.6635,0,6,1,0.456337,36.2542,0.3883,11171.133
80,3,out,0.6635,0,7,1,0.454343,24.2800,179.8674,11171.133
80,3,out,0.6635,1,0,1,0.397257,15.7793,0.6234,5.838
80,3,out,0.6635,1,1,1,0.425901,33.8484,0.6234,5.838
80,3,out,0.6635,1,2,1,0.427078,32.1793,0.6234,5.838
80,3,out,0.6635,1,3,1,0.434077,24.0770,0.6234,5.838
80,3,out,0.6635,1,4,1,0.425738,33.0657,179.8583,5.838
80,3,out,0.6635,1,5,1,0.416493,18.6394,0.6234,5.838
80,3,out,0.6635,1,6,1,0.445758,36.5468,0.6234,5.838
80,3,out,0.6635,1,7,1,0.444518,23.7124,179.8583,5.838
80,3,out,0.6635,2,0,1,0.420682,15.8195,0.1546,5.281
80,3,out,0.6635,2,1,1,0.423553,33.6174,0.1546,5.281
80,3,out,0.6635,2,2,1,0.430223,31.8650,0.1546,5.281
80,3,out,0.6635,2,3,1,0.429764,24.1478,0.1546,5.281
80,3,out,0.6635,2,4,1,0.463320,33.2732,179.6729,5.281
80,3,out,0.6635,2,5,1,0.410098,18.5894,0.1546,5.281
80,3,out,0.6635,2,6,1,0.445301,36.4178,0.1546,5.281
80,3,out,0.6635,2,7,1,0.405058,23.2012,179.6729,5.281
80,3,out,0.6635,3,0,1,0.430021,15.7654,0.5243,7.415
80,3,out,0.6635,3,1,1,0.416538,33.8499,0.4784,7.415
80,3,out,0.6635,3,2,1,0.439144,31.5800,0.5243,7.415
80,3,out,0.6635,3,3,1,0.429899,24.2611,0.5243,7.415
80,3,out,0.6635,3,4,1,0.412210,32.8574,178.9547,7.415
80,3,out,0.6635,3,5,1,0.420322,18.7217,0.4784,7.415
80,3,out,0.6635,3,6,1,0.425400,36.6943,1.4811,7.415
80,3,out,0.6635,3,7,1,0.415185,22.5888,179.0399,7.415
80,3,out,0.6635,4,0,1,0.468805,15.5060,0.1650,6.650
80,3,out,0.6635,4,1,1,0.474214,33.9021,0.1650,6.650
80,3,out,0.6635,4,2,1,0.472184,31.6914,0.1650,6.650
80,3,out,0.6635,4,3,1,0.487520,24.3704,0.1650,6.650
80,3,out,0.6635,4,4,1,0.468841,33.0524,179.3533,6.650
80,3,out,0.6635,4,5,1,0.446337,18.7453,0.1650,6.650
80,3,out,0.6635,4,6,1,0.495493,36.4648,0.1650,6.650
80,3,out,0.6635,4,7,1,0.451230,21.8961,179.6440,6.650
80,3,out,0.6635,5,0,1,0.383638,15.7815,0.5635,6.589
80,3,out,0.6635,5,1,1,0.397934,33.8454,0.5635,6.589
80,3,out,0.6635,5,2,1,0.397484,31.3924,0.5635,6.589
80,3,out,0.6635,5,3,1,0.395576,24.6565,0.5635,6.589
80,3,out,0.6635,5,4,1,0.397189,32.9197,179.9575,6.589
80,3,out,0.6635,5,5,1,0.405863,18.8241,0.5635,6.589
80,3,out,0.6635,5,6,1,0.395463,36.1768,0.5635,6.589
80,3,out,0.6635,5,7,1,0.391149,21.3574,179.9575,6.589
80,3,out,0.6635,6,0,1,0.423672,15.5192,0.0772,6.234
80,3,out,0.6635,6,1,1,0.455714,33.6879,0.0772,6.234
80,3,out,0.6635,6,2,1,0.417308,31.0986,0.0772,6.234
80,3,out,0.6635,6,3,1,0.453983,24.6557,0.0772,6.234
80,3,out,0.6635,6,4,1,0.423618,32.7411,179.4018,6.234
80,3,out,0.6635,6,5,1,0.429728,18.8900,0.0772,6.234
80,3,out,0.6635,6,6,1,0.440498,35.8907,0.0772,6.234
80,3,out,0.6635,6,7,1,0.447174,20.8207,179.5955,6.234
80,3,out,0.6635,7,0,1,0.443395,15.2525,2.0787,6.489
80,3,out,0.6635,7,1,1,0.453887,33.8325,0.0734,6.489
80,3,out,0.6635,7,2,1,0.454495,31.4045,1.0761,6.489
80,3,out,0.6635,7,3,1,0.450783,24.7642,0.0734,6.489
80,3,out,0.6635,7,4,1,0.455431,32.7539,178.4422,6.489
80,3,out,0.6635,7,5,1,0.430572,18.9886,0.0734,6.489
80,3,out,0.6635,7,6,1,0.468734,35.8079,2.0787,6.489
80,3,out,0.6635,7,7,1,0.442392,20.2333,179.4449,6.489
80,3,out,0.6635,8,0,1,0.442911,15.3137,2.4045,7.276
80,3,out,0.6635,8,1,1,0.429751,33.7454,0.6035,7.276
80,3,out,0.6635,8,2,1,0.454542,31.1381,2.4045,7.276
80,3,out,0.6635,8,3,1,0.456000,24.5738,2.6089,7.276
80,3,out,0.6635,8,4,1,0.442828,33.2888,177.8728,7.276
80,3,out,0.6635,8,5,1,0.442105,19.0906,1.4018,7.276
80,3,out,0.6635,8,6,1,0.454275,36.1050,0.3991,7.276
80,3,out,0.6635,8,7,1,0.434600,19.6953,179.1192,7.276
80,3,out,0.6635,9,0,1,0.365246,15.2348,4.0746,8.862
80,3,out,0.6635,9,1,1,0.402058,33.8488,3.0719,8.862
80,3,out,0.6635,9,2,1,0.367124,31.4884,4.0746,8.862
80,3,out,0.6635,9,3,1,0.440151,24.8813,0.9388,8.862
80,3,out,0.6635,9,4,1,0.439122,33.3726,179.5429,8.862
80,3,out,0.6635,9,5,1,0.378434,19.0999,3.0719,8.862
80,3,out,0.6635,9,6,1,0.408116,36.4046,2.0692,8.862
80,3,out,0.6635,9,7,1,0.386824,19.7095,176.4464,8.862
80,3,out,0.6635,10,0,1,0.387436,15.4014,2.0389,12.232
80,3,out,0.6635,10,1,1,0.370208,34.0198,0.0335,12.232
80,3,out,0.6635,10,2,1,0.366845,31.1521,4.0442,12.232
80,3,out,0.6635,10,3,1,0.370754,24.6108,0.9691,12.232
80,3,out,0.6635,10,4,1,0.374839,34.2210,177.4794,12.232
80,3,out,0.6635,10,5,1,0.367674,19.2330,0.9691,12.232
80,3,out,0.6635,10,6,1,0.370881,36.3310,4.0442,12.232
80,3,out,0.6635,10,7,1,0.360951,19.9309,175.4741,12.232
80,3,out,0.6635,11,0,1,0.382337,15.3578,0.2652,17.303
80,3,out,0.6635,11,1,1,0.396249,34.1400,0.2652,17.303
80,3,out,0.6635,11,2,1,0.396473,31.4329,0.2652,17.303
80,3,out,0.6635,11,3,1,0.398766,24.3101,0.2652,17.303
80,3,out,0.6635,11,4,1,0.379973,34.8014,177.2085,17.303
80,3,out,0.6635,11,5,1,0.388137,19.2772,5.2786,17.303
80,3,out,0.6635,11,6,1,0.389906,36.4122,1.2679,17.303
80,3,out,0.6635,11,7,1,0.387509,20.2035,179.7835,17.303
80,4,out,0.6234,0,0,1,0.499834,37.1696,179.7692,7882.540
80,4,out,0.6234,0,1,1,0.497061,28.3352,0.7125,7882.540
80,4,out,0.6234,0,2,1,0.494038,38.8963,179.7692,7882.540
80,4,out,0.6234,0,3,1,0.493956,43.9086,0.7125,7882.540
80,4,out,0.6234,0,4,1,0.493567,27.9456,179.7692,7882.540
80,4,out,0.6234,0,5,1,0.493499,50.0421,179.7692,7882.540
80,4,out,0.6234,0,6,1,0.492865,15.2353,0.7125,7882.540
80,4,out,0.6234,0,7,1,0.492586,46.6905,179.7692,7882.540
80,4,out,0.6234,1,0,1,0.426853,36.8272,179.9007,5.917
80,4,out,0.6234,1,1,1,0.420425,28.0232,0.5810,5.917
80,4,out,0.6234,1,2,1,0.439759,38.3869,179.9007,5.917
80,4,out,0.6234,1,3,1,0.423891,43.9300,0.4216,5.917
80,4,out,0.6234,1,4,1,0.425620,28.0064,179.9007,5.917
80,4,out,0.6234,1,5,1,0.410269,49.5637,179.9007,5.917
80,4,out,0.6234,1,6,1,0.427719,15.2232,0.4216,5.917
80,4,out,0.6234,1,7,1,0.436268,46.4060,179.9007,5.917
80,4,out,0.6234,2,0,1,0.403263,36.7338,179.6047,6.545
80,4,out,0.6234,2,1,1,0.400131,27.9252,0.0864,6.545
80,4,out,0.6234,2,2,1,0.402472,37.9504,179.3926,6.545
80,4,out,0.6234,2,3,1,0.385339,44.0097,0.0864,6.545
80,4,out,0.6234,2,4,1,0.401933,27.8129,178.6020,6.545
80,4,out,0.6234,2,5,1,0.380182,49.2147,179.3926,6.545
80,4,out,0.6234,2,6,1,0.405255,15.1205,0.0864,6.545
80,4,out,0.6234,2,7,1,0.400976,45.9943,179.6047,6.545
80,4,out,0.6234,3,0,1,0.473872,36.1082,179.1075,6.528
80,4,out,0.6234,3,1,1,0.475260,28.1369,0.3716,6.528
80,4,out,0.6234,3,2,1,0.477380,37.7166,179.1075,6.528
80,4,out,0.6234,3,3,1,0.470921,44.1887,0.3716,6.528
80,4,out,0.6234,3,4,1,0.480898,27.6742,179.1075,6.528
80,4,out,0.6234,3,5,1,0.460767,49.0107,179.1075,6.528
80,4,out,0.6234,3,6,1,0.462867,14.9323,0.3716,6.528
80,4,out,0.6234,3,7,1,0.465903,45.6954,179.1075,6.528
80,4,out,0.6234,4,0,1,0.381074,35.8486,179.2441,14.851
80,4,out,0.6234,4,1,1,0.362693,27.8451,0.2742,14.851
80,4,out,0.6234,4,2,1,0.379758,37.4113,179.7532,14.851
80,4,out,0.6234,4,3,1,0.379555,44.1858,0.2742,14.851
80,4,out,0.6234,4,4,1,0.390429,27.8385,178.2414,14.851
80,4,out,0.6234,4,5,1,0.354646,48.8641,179.2441,14.851
80,4,out,0.6234,4,6,1,0.375828,14.6404,0.2742,14.851
80,4,out,0.6234,4,7,1,0.359138,45.2243,179.7532,14.851
80,4,out,0.6234,5,0,1,0.447490,35.4057,179.7618,8.786
80,4,out,0.6234,5,1,1,0.450196,27.5470,0.7592,8.786
80,4,out,0.6234,5,2,1,0.447958,37.3630,179.7618,8.786
80,4,out,0.6234,5,3,1,0.433927,44.1968,0.7592,8.786
80,4,out,0.6234,5,4,1,0.446217,27.8970,179.7618,8.786
80,4,out,0.6234,5,5,1,0.431588,48.8583,179.7618,8.786
80,4,out,0.6234,5,6,1,0.451827,14.9423,0.7592,8.786
80,4,out,0.6234,5,7,1,0.455389,44.7951,179.7618,8.786
80,4,out,0.6234,6,0,1,0.418034,35.2025,179.5071,18.983
80,4,out,0.6234,6,1,1,0.405855,27.8523,0.0112,18.983
80,4,out,0.6234,6,2,1,0.421315,37.2015,179.5071,18.983
80,4,out,0.6234,6,3,1,0.413327,44.2736,0.0112,18.983
80,4,out,0.6234,6,4,1,0.412719,27.6662,179.5071,18.983
80,4,out,0.6234,6,5,1,0.411779,48.5240,179.5071,18.983
80,4,out,0.6234,6,6,1,0.410135,14.6476,0.0112,18.983
80,4,out,0.6234,6,7,1,0.406727,44.3701,179.5071,18.983
80,4,out,0.6234,7,0,1,0.479662,34.7847,179.2412,8.312
80,4,out,0.6234,7,1,1,0.459575,27.5481,0.2771,8.312
80,4,out,0.6234,7,2,1,0.457517,36.8047,179.2412,8.312
80,4,out,0.6234,7,3,1,0.446667,44.3126,0.2771,8.312
80,4,out,0.6234,7,4,1,0.475443,27.5232,179.7561,8.312
80,4,out,0.6234,7,5,1,0.450455,48.6245,179.2412,8.312
80,4,out,0.6234,7,6,1,0.456988,14.9433,0.2771,8.312
80,4,out,0.6234,7,7,1,0.440968,43.9667,179.2412,8.312
80,4,out,0.6234,8,0,1,0.423901,34.9437,179.8762,14.720
80,4,out,0.6234,8,1,1,0.405124,27.8422,0.6055,14.720
80,4,out,0.6234,8,2,1,0.416085,36.9534,178.8736,14.720
80,4,out,0.6234,8,3,1,0.374030,44.4150,0.6055,14.720
80,4,out,0.6234,8,4,1,0.407367,27.8542,179.8762,14.720
80,4,out,0.6234,8,5,1,0.404259,48.9505,178.8736,14.720
80,4,out,0.6234,8,6,1,0.401800,15.2375,0.6055,14.720
80,4,out,0.6234,8,7,1,0.437909,44.1634,179.8762,14.720
80,4,out,0.6234,9,0,1,0.441578,34.9337,179.6665,15.968
80,4,out,0.6234,9,1,1,0.444993,28.1384,0.8152,15.968
80,4,out,0.6234,9,2,1,0.455257,36.9605,179.6665,15.968
80,4,out,0.6234,9,3,1,0.443063,44.3054,0.8152,15.968
80,4,out,0.6234,9,4,1,0.452976,28.0243,179.6665,15.968
80,4,out,0.6234,9,5,1,0.446263,49.5393,179.6665,15.968
80,4,out,0.6234,9,6,1,0.452623,15.0337,0.8152,15.968
80,4,out,0.6234,9,7,1,0.441195,44.1673,178.6638,15.968
80,4,out,0.6234,10,0,1,0.430433,35.4096,178.6474,15.653
80,4,out,0.6234,10,1,1,0.417083,27.8508,1.8343,15.653
80,4,out,0.6234,10,2,1,0.434319,37.2723,177.6448,15.653
80,4,out,0.6234,10,3,1,0.403538,44.3905,1.8343,15.653
80,4,out,0.6234,10,4,1,0.426240,28.3477,177.6448,15.653
80,4,out,0.6234,10,5,1,0.414035,49.9946,177.6448,15.653
80,4,out,0.6234,10,6,1,0.420179,15.0461,0.1711,15.653
80,4,out,0.6234,10,7,1,0.420544,44.2632,178.6474,15.653
80,4,out,0.6234,11,0,1,0.479123,35.4536,179.8513,5.561
80,4,out,0.6234,11,1,1,0.487210,28.1670,0.6304,5.561
80,4,out,0.6234,11,2,1,0.503524,37.5419,179.8513,5.561
80,4,out,0.6234,11,3,1,0.479538,44.2765,1.6331,5.561
80,4,out,0.6234,11,4,1,0.497002,28.6370,179.8513,5.561
80,4,out,0.6234,11,5,1,0.473373,50.1759,179.8513,5.561
80,4,out,0.6234,11,6,1,0.508934,15.2593,0.6304,5.561
80,4,out,0.6234,11,7,1,0.484194,44.5852,179.8513,5.561
80,5,out,0.2353,0,0,1,0.740130,0.0393,0.5765,6512.209
80,5,out,0.2353,0,1,1,0.643800,75.5667,89.7036,6512.209
80,5,out,0.2353,0,2,1,0.572361,30.1746,89.7036,6512.209
80,5,out,0.2353,0,3,1,0.569304,34.4615,0.5765,6512.209
80,5,out,0.2353,0,4,1,0.560819,86.2795,179.9445,6512.209
80,5,out,0.2353,0,5,1,0.556762,75.6126,89.8147,6512.209
80,5,out,0.2353,0,6,1,0.542686,74.7153,179.9445,6512.209
80,5,out,0.2353,0,7,1,0.542076,25.7966,0.5765,6512.209
80,5,out,0.2353,1,0,1,0.808604,0.0394,0.4667,2.172
80,5,out,0.2353,1,1,1,0.699487,75.9959,89.8135,2.172
80,5,out,0.2353,1,2,1,0.656414,30.6047,89.8135,2.172
80,5,out,0.2353,1,3,1,0.584853,34.4606,0.4667,2.172
80,5,out,0.2353,1,4,1,0.599667,86.8921,179.9457,2.172
80,5,out,0.2353,1,5,1,0.640498,76.0321,89.7048,2.172
80,5,out,0.2353,1,6,1,0.607658,75.0984,179.9457,2.172
80,5,out,0.2353,1,7,1,0.576788,25.7926,0.4667,2.172
80,5,out,0.2353,2,0,1,0.735661,0.0276,0.0980,2.626
80,5,out,0.2353,2,1,1,0.611430,76.4051,90.3781,2.626
80,5,out,0.2353,2,2,1,0.530832,31.1145,90.3781,2.626
80,5,out,0.2353,2,3,1,0.572185,34.4276,0.0980,2.626
80,5,out,0.2353,2,4,1,0.525278,87.3759,179.3810,2.626
80,5,out,0.2353,2,5,1,0.556216,76.3728,90.1429,2.626
80,5,out,0.2353,2,6,1,0.557352,75.4058,179.6163,2.626
80,5,out,0.2353,2,7,1,0.479883,25.7642,0.9047,2.626
80,5,out,0.2353,3,0,1,0.734813,0.0315,0.4251,2.557
80,5,out,0.2353,3,1,1,0.603556,76.7944,89.8550,2.557
80,5,out,0.2353,3,2,1,0.544650,31.4071,89.8550,2.557
80,5,out,0.2353,3,3,1,0.550942,34.4312,0.4251,2.557
80,5,out,0.2353,3,4,1,0.523936,87.8954,179.9041,2.557
80,5,out,0.2353,3,5,1,0.523590,76.7603,89.6633,2.557
80,5,out,0.2353,3,6,1,0.541613,75.6352,179.9041,2.557
80,5,out,0.2353,3,7,1,0.533888,25.7693,0.4251,2.557
80,5,out,0.2353,4,0,1,0.748162,0.0235,0.2696,2.482
80,5,out,0.2353,4,1,1,0.607959,77.1801,90.0105,2.482
80,5,out,0.2353,4,2,1,0.533210,31.9969,90.0105,2.482
80,5,out,0.2353,4,3,1,0.554553,34.5229,0.2696,2.482
80,5,out,0.2353,4,4,1,0.504329,88.2231,179.2487,2.482
80,5,out,0.2353,4,5,1,0.546372,77.1520,90.5105,2.482
80,5,out,0.2353,4,6,1,0.556490,75.8561,179.2487,2.482
80,5,out,0.2353,4,7,1,0.530783,25.8111,3.2776,2.482
80,5,out,0.2353,5,0,1,0.738723,0.0308,0.0423,2.493
80,5,out,0.2353,5,1,1,0.612529,77.6002,89.2351,2.493
80,5,out,0.2353,5,2,1,0.552484,32.4218,90.2378,2.493
80,5,out,0.2353,5,3,1,0.579560,34.5308,1.0450,2.493
80,5,out,0.2353,5,4,1,0.512746,88.8024,178.4733,2.493
80,5,out,0.2353,5,5,1,0.577728,77.6582,90.2832,2.493
80,5,out,0.2353,5,6,1,0.535554,76.0897,179.4760,2.493
80,5,out,0.2353,5,7,1,0.533977,25.9030,1.0450,2.493
80,5,out,0.2353,6,0,1,0.767448,0.0656,0.6682,2.852
80,5,out,0.2353,6,1,1,0.631515,77.6054,89.6119,2.852
80,5,out,0.2353,6,2,1,0.567877,32.3269,89.6119,2.852
80,5,out,0.2353,6,3,1,0.576208,34.4344,0.6682,2.852
80,5,out,0.2353,6,4,1,0.501151,88.6340,173.8367,2.852
80,5,out,0.2353,6,5,1,0.581543,77.6544,89.9064,2.852
80,5,out,0.2353,6,6,1,0.569170,76.0947,179.8528,2.852
80,5,out,0.2353,6,7,1,0.535958,25.9525,5.6816,2.852
80,5,out,0.2353,7,0,1,0.743344,0.0369,0.4181,2.619
80,5,out,0.2353,7,1,1,0.628810,77.6187,89.8620,2.619
80,5,out,0.2353,7,2,1,0.552308,32.3299,89.8620,2.619
80,5,out,0.2353,7,3,1,0.532101,34.4360,0.4181,2.619
80,5,out,0.2353,7,4,1,0.446887,88.9601,177.0949,2.619
80,5,out,0.2353,7,5,1,0.595545,77.6763,90.6589,2.619
80,5,out,0.2353,7,6,1,0.500531,76.6187,179.8971,2.619
80,5,out,0.2353,7,7,1,0.528383,25.7981,3.4261,2.619
80,5,out,0.2353,8,0,1,0.755501,0.0327,0.1620,2.321
80,5,out,0.2353,8,1,1,0.627726,77.5451,90.1181,2.321
80,5,out,0.2353,8,2,1,0.513671,32.2483,90.1181,2.321
80,5,out,0.2353,8,3,1,0.528024,34.4310,1.1646,2.321
80,5,out,0.2353,8,4,1,0.439999,89.0693,179.6410,2.321
80,5,out,0.2353,8,5,1,0.570186,77.5133,90.4028,2.321
80,5,out,0.2353,8,6,1,0.488536,76.9496,179.3563,2.321
80,5,out,0.2353,8,7,1,0.486964,25.8298,7.1807,2.321
80,5,out,0.2353,9,0,1,0.723248,0.0394,0.1346,3.267
80,5,out,0.2353,9,1,1,0.609112,77.4395,89.1429,3.267
80,5,out,0.2353,9,2,1,0.526535,32.0402,89.1429,3.267
80,5,out,0.2353,9,3,1,0.490161,34.4322,0.1346,3.267
80,5,out,0.2353,9,4,1,0.446835,89.0791,179.6136,3.267
80,5,out,0.2353,9,5,1,0.584355,77.5129,90.3754,3.267
80,5,out,0.2353,9,6,1,0.469516,77.2485,179.3837,3.267
80,5,out,0.2353,9,7,1,0.478237,25.7553,3.1426,3.267
80,5,out,0.2353,10,0,1,0.721000,0.0472,0.0459,2.303
80,5,out,0.2353,10,1,1,0.617895,77.3213,90.2342,2.303
80,5,out,0.2353,10,2,1,0.536644,32.0214,90.2342,2.303
80,5,out,0.2353,10,3,1,0.522521,34.4568,0.9568,2.303
80,5,out,0.2353,10,4,1,0.502968,89.1528,179.5249,2.303
80,5,out,0.2353,10,5,1,0.605753,77.3737,90.2867,2.303
80,5,out,0.2353,10,6,1,0.498303,77.5200,179.5249,2.303
80,5,out,0.2353,10,7,1,0.470637,25.7172,1.0486,2.303
80,5,out,0.2353,11,0,1,0.751779,0.0561,0.5709,2.143
80,5,out,0.2353,11,1,1,0.663888,77.2006,89.7093,2.143
80,5,out,0.2353,11,2,1,0.564344,31.9032,89.7093,2.143
80,5,out,0.2353,11,3,1,0.545955,34.4494,0.5709,2.143
80,5,out,0.2353,11,4,1,0.537112,89.0961,179.9501,2.143
80,5,out,0.2353,11,5,1,0.593388,77.2655,89.8090,2.143
80,5,out,0.2353,11,6,1,0.540306,77.7929,179.9501,2.143
80,5,out,0.2353,11,7,1,0.404697,25.9195,4.4425,2.143
80,6,out,0.0044,0,0,1,0.964815,0.0354,0.0488,2887.286
80,6,out,0.0044,0,1,1,0.862116,31.6325,179.5671,2887.286
80,6,out,0.0044,0,2,1,0.853805,48.4130,0.0488,2887.286
80,6,out,0.0044,0,3,1,0.849131,45.6245,0.0488,2887.286
80,6,out,0.0044,0,4,1,0.848127,17.9786,0.0488,2887.286
80,6,out,0.0044,0,5,1,0.847746,56.1520,0.0488,2887.286
80,6,out,0.0044,0,6,1,0.847574,51.1990,0.0488,2887.286
80,6,out,0.0044,0,7,1,0.846383,54.2353,0.0488,2887.286
80,6,out,0.0044,1,0,1,0.970954,0.0158,0.0798,6.741
80,6,out,0.0044,1,1,1,0.868258,31.6963,179.5981,6.741
80,6,out,0.0044,1,2,1,0.849679,48.4366,0.0798,6.741
80,6,out,0.0044,1,3,1,0.849242,45.6030,0.0798,6.741
80,6,out,0.0044,1,4,1,0.846365,17.9847,0.0798,6.741
80,6,out,0.0044,1,5,1,0.847693,56.1663,0.0798,6.741
80,6,out,0.0044,1,6,1,0.846782,51.2504,0.0798,6.741
80,6,out,0.0044,1,7,1,0.841599,54.2346,0.0798,6.741
80,6,out,0.0044,2,0,1,0.985228,0.0062,0.1125,6.948
80,6,out,0.0044,2,1,1,0.876597,31.9426,179.4058,6.948
80,6,out,0.0044,2,2,1,0.867963,48.4325,0.1125,6.948
80,6,out,0.0044,2,3,1,0.855819,45.6116,0.1125,6.948
80,6,out,0.0044,2,4,1,0.862101,17.9941,0.1125,6.948
80,6,out,0.0044,2,5,1,0.864700,56.2031,0.1125,6.948
80,6,out,0.0044,2,6,1,0.860036,51.2592,0.1125,6.948
80,6,out,0.0044,2,7,1,0.853549,54.2441,0.1125,6.948
80,6,out,0.0044,3,0,1,0.984731,0.0141,0.0965,3.093
80,6,out,0.0044,3,1,1,0.874656,32.1828,179.6148,3.093
80,6,out,0.0044,3,2,1,0.859849,48.4442,0.0965,3.093
80,6,out,0.0044,3,3,1,0.861501,45.6059,0.0965,3.093
80,6,out,0.0044,3,4,1,0.847533,17.9952,0.0965,3.093
80,6,out,0.0044,3,5,1,0.865171,56.1714,0.0965,3.093
80,6,out,0.0044,3,6,1,0.858894,51.2541,0.0965,3.093
80,6,out,0.0044,3,7,1,0.853803,54.2428,0.0965,3.093
80,6,out,0.0044,4,0,1,0.979303,0.0193,0.1362,2.550
80,6,out,0.0044,4,1,1,0.882433,32.4873,179.3821,2.550
80,6,out,0.0044,4,2,1,0.877777,48.4360,0.1362,2.550
80,6,out,0.0044,4,3,1,0.868552,45.5981,0.1362,2.550
80,6,out,0.0044,4,4,1,0.869844,17.9863,0.1362,2.550
80,6,out,0.0044,4,5,1,0.875448,56.1634,0.1362,2.550
80,6,out,0.0044,4,6,1,0.870877,51.2463,0.1362,2.550
80,6,out,0.0044,4,7,1,0.860864,54.2252,0.1362,2.550
80,6,out,0.0044,5,0,1,0.977756,0.0045,0.1548,13.290
80,6,out,0.0044,5,1,1,0.895546,32.7114,179.3635,13.290
80,6,out,0.0044,5,2,1,0.885455,48.4371,0.1548,13.290
80,6,out,0.0044,5,3,1,0.885947,45.6164,0.1548,13.290
80,6,out,0.0044,5,4,1,0.878713,17.9987,0.1548,13.290
80,6,out,0.0044,5,5,1,0.886181,56.1801,0.1548,13.290
80,6,out,0.0044,5,6,1,0.883672,51.2640,0.1548,13.290
80,6,out,0.0044,5,7,1,0.877781,54.2298,0.1548,13.290
80,6,out,0.0044,6,0,1,0.980748,0.0871,0.0497,2.119
80,6,out,0.0044,6,1,1,0.902657,32.9800,179.5680,2.119
80,6,out,0.0044,6,2,1,0.888932,48.4274,0.0497,2.119
80,6,out,0.0044,6,3,1,0.889513,45.5710,0.0497,2.119
80,6,out,0.0044,6,4,1,0.882640,17.9886,0.0497,2.119
80,6,out,0.0044,6,5,1,0.896877,56.1722,0.0497,2.119
80,6,out,0.0044,6,6,1,0.887214,51.2220,0.0497,2.119
80,6,out,0.0044,6,7,1,0.879037,54.2196,0.0497,2.119
80,6,out,0.0044,7,0,1,0.975178,0.0126,0.1278,1.718
80,6,out,0.0044,7,1,1,0.894565,33.1648,179.6068,1.718
80,6,out,0.0044,7,2,1,0.889204,48.4450,0.1278,1.718
80,6,out,0.0044,7,3,1,0.884408,45.6126,0.1278,1.718
80,6,out,0.0044,7,4,1,0.874829,17.9932,0.1278,1.718
80,6,out,0.0044,7,5,1,0.884712,56.1480,0.1278,1.718
80,6,out,0.0044,7,6,1,0.879526,51.2249,0.1278,1.718
80,6,out,0.0044,7,7,1,0.878002,54.2332,0.1278,1.718
80,6,out,0.0044,8,0,1,0.960379,0.0122,0.3210,2.108
80,6,out,0.0044,8,1,1,0.912628,33.3661,179.8393,2.108
80,6,out,0.0044,8,2,1,0.907423,48.4495,0.3210,2.108
80,6,out,0.0044,8,3,1,0.900246,45.6261,0.3210,2.108
80,6,out,0.0044,8,4,1,0.887200,18.0143,0.3210,2.108
80,6,out,0.0044,8,5,1,0.903187,56.1912,0.3210,2.108
80,6,out,0.0044,8,6,1,0.900225,51.2742,0.3210,2.108
80,6,out,0.0044,8,7,1,0.892358,54.2613,0.3210,2.108
80,6,out,0.0044,9,0,1,0.957398,0.0195,0.5465,1.900
80,6,out,0.0044,9,1,1,0.890137,33.4687,179.9352,1.900
80,6,out,0.0044,9,2,1,0.875498,48.4654,0.5465,1.900
80,6,out,0.0044,9,3,1,0.879093,45.6650,0.5465,1.900
80,6,out,0.0044,9,4,1,0.869909,18.0158,0.5465,1.900
80,6,out,0.0044,9,5,1,0.876936,56.1922,0.5465,1.900
80,6,out,0.0044,9,6,1,0.885992,51.2744,0.5465,1.900
80,6,out,0.0044,9,7,1,0.873337,54.2738,0.5465,1.900
80,6,out,0.0044,10,0,1,0.970953,0.0108,0.2896,6.647
80,6,out,0.0044,10,1,1,0.915251,33.4701,179.7686,6.647
80,6,out,0.0044,10,2,1,0.889034,48.4829,0.7131,6.647
80,6,out,0.0044,10,3,1,0.879755,45.6562,0.7131,6.647
80,6,out,0.0044,10,4,1,0.890125,18.0073,0.7131,6.647
80,6,out,0.0044,10,5,1,0.882241,56.1827,0.7131,6.647
80,6,out,0.0044,10,6,1,0.889619,51.2653,0.7131,6.647
80,6,out,0.0044,10,7,1,0.875061,54.2538,0.7131,6.647
80,6,out,0.0044,11,0,1,0.967596,0.0022,0.4442,6.385
80,6,out,0.0044,11,1,1,0.914648,33.4645,179.9625,6.385
80,6,out,0.0044,11,2,1,0.892691,48.4778,0.4442,6.385
80,6,out,0.0044,11,3,1,0.888268,45.6536,0.4442,6.385
80,6,out,0.0044,11,4,1,0.892966,17.9998,0.4442,6.385
80,6,out,0.0044,11,5,1,0.889679,56.1789,0.4442,6.385
80,6,out,0.0044,11,6,1,0.899414,51.2623,0.4442,6.385
80,6,out,0.0044,11,7,1,0.881696,54.2389,0.4442,6.385
80,7,out,0.2049,0,0,1,0.804431,0.0830,0.1281,3526.564
80,7,out,0.2049,0,1,1,0.721500,28.9558,0.1281,3526.564
80,7,out,0.2049,0,2,1,0.719501,8.7816,179.6464,3526.564
80,7,out,0.2049,0,3,1,0.718087,39.9934,0.1281,3526.564
80,7,out,0.2049,0,4,1,0.713339,43.2015,179.6464,3526.564
80,7,out,0.2049,0,5,1,0.709462,18.6531,0.1281,3526.564
80,7,out,0.2049,0,6,1,0.706117,13.7807,179.6464,3526.564
80,7,out,0.2049,0,7,1,0.705247,48.0685,0.1281,3526.564
80,7,out,0.2049,1,0,1,0.800541,0.0709,0.2845,2.509
80,7,out,0.2049,1,1,1,0.725885,28.8671,0.2845,2.509
80,7,out,0.2049,1,2,1,0.727001,8.5110,179.8028,2.509
80,7,out,0.2049,1,3,1,0.723430,39.8725,0.2845,2.509
80,7,out,0.2049,1,4,1,0.721793,42.7400,179.8028,2.509
80,7,out,0.2049,1,5,1,0.717083,18.6542,0.7182,2.509
80,7,out,0.2049,1,6,1,0.713456,14.1045,179.8028,2.509
80,7,out,0.2049,1,7,1,0.708407,48.0726,0.2845,2.509
80,7,out,0.2049,2,0,1,0.742118,0.0250,0.2845,3.156
80,7,out,0.2049,2,1,1,0.654315,28.8684,0.2845,3.156
80,7,out,0.2049,2,2,1,0.648549,8.5553,179.2338,3.156
80,7,out,0.2049,2,3,1,0.645233,39.8248,0.2845,3.156
80,7,out,0.2049,2,4,1,0.626330,42.2299,178.2311,3.156
80,7,out,0.2049,2,5,1,0.638181,18.9359,1.2871,3.156
80,7,out,0.2049,2,6,1,0.648687,14.4737,179.7635,3.156
80,7,out,0.2049,2,7,1,0.608860,48.0788,0.2845,3.156
80,7,out,0.2049,3,0,1,0.818762,0.0245,0.1676,2.507
80,7,out,0.2049,3,1,1,0.756615,28.9230,0.1676,2.507
80,7,out,0.2049,3,2,1,0.730780,8.5408,179.6467,2.507
80,7,out,0.2049,3,3,1,0.745728,39.8360,0.1676,2.507
80,7,out,0.2049,3,4,1,0.719243,41.5820,179.6467,2.507
80,7,out,0.2049,3,5,1,0.724203,18.6919,0.1676,2.507
80,7,out,0.2049,3,6,1,0.734777,14.6001,179.6467,2.507
80,7,out,0.2049,3,7,1,0.705337,48.0788,0.1676,2.507
80,7,out,0.2049,4,0,1,0.822913,0.0316,0.5660,2.395
80,7,out,0.2049,4,1,1,0.764565,28.9185,0.4367,2.395
80,7,out,0.2049,4,2,1,0.752246,8.3171,179.9550,2.395
80,7,out,0.2049,4,3,1,0.771768,39.8819,0.4367,2.395
80,7,out,0.2049,4,4,1,0.746126,41.2028,179.9550,2.395
80,7,out,0.2049,4,5,1,0.735890,18.8758,0.5660,2.395
80,7,out,0.2049,4,6,1,0.767463,14.6963,179.9550,2.395
80,7,out,0.2049,4,7,1,0.722473,48.0867,0.4367,2.395
80,7,out,0.2049,5,0,1,0.802674,0.0184,0.4863,2.381
80,7,out,0.2049,5,1,1,0.725634,28.9094,0.5163,2.381
80,7,out,0.2049,5,2,1,0.723580,8.3983,179.9654,2.381
80,7,out,0.2049,5,3,1,0.731122,39.9101,0.5163,2.381
80,7,out,0.2049,5,4,1,0.720778,40.6021,179.9654,2.381
80,7,out,0.2049,5,5,1,0.705121,18.7682,0.5163,2.381
80,7,out,0.2049,5,6,1,0.715192,14.7613,179.9654,2.381
80,7,out,0.2049,5,7,1,0.674914,48.0719,0.5163,2.381
80,7,out,0.2049,6,0,1,0.784604,0.0230,0.2270,2.706
80,7,out,0.2049,6,1,1,0.692887,28.9221,0.2270,2.706
80,7,out,0.2049,6,2,1,0.695911,8.4738,179.7061,2.706
80,7,out,0.2049,6,3,1,0.700617,39.9228,0.2270,2.706
80,7,out,0.2049,6,4,1,0.689547,40.2768,179.7061,2.706
80,7,out,0.2049,6,5,1,0.685009,18.7804,0.2270,2.706
80,7,out,0.2049,6,6,1,0.694738,15.4624,179.7061,2.706
80,7,out,0.2049,6,7,1,0.680634,48.0676,0.7756,2.706
80,7,out,0.2049,7,0,1,0.845004,0.0252,0.3824,2.480
80,7,out,0.2049,7,1,1,0.714654,28.9999,0.3824,2.480
80,7,out,0.2049,7,2,1,0.717828,8.8024,179.8614,2.480
80,7,out,0.2049,7,3,1,0.714866,39.9131,0.3824,2.480
80,7,out,0.2049,7,4,1,0.686804,39.8554,179.8614,2.480
80,7,out,0.2049,7,5,1,0.684019,18.8620,0.3824,2.480
80,7,out,0.2049,7,6,1,0.711727,15.6197,179.8614,2.480
80,7,out,0.2049,7,7,1,0.686657,48.0697,0.6203,2.480
80,7,out,0.2049,8,0,1,0.772526,0.0380,0.5289,2.726
80,7,out,0.2049,8,1,1,0.680635,28.9008,0.5289,2.726
80,7,out,0.2049,8,2,1,0.682029,8.9732,179.9528,2.726
80,7,out,0.2049,8,3,1,0.688586,39.9134,0.5289,2.726
80,7,out,0.2049,8,4,1,0.650206,39.4344,179.9528,2.726
80,7,out,0.2049,8,5,1,0.665320,18.5688,0.5289,2.726
80,7,out,0.2049,8,6,1,0.681524,15.8032,179.9528,2.726
80,7,out,0.2049,8,7,1,0.647618,48.0785,0.5289,2.726
80,7,out,0.2049,9,0,1,0.772807,0.0341,0.2062,2.799
80,7,out,0.2049,9,1,1,0.637998,28.8090,0.2062,2.799
80,7,out,0.2049,9,2,1,0.659138,9.2720,179.7245,2.799
80,7,out,0.2049,9,3,1,0.652862,39.9094,0.2062,2.799
80,7,out,0.2049,9,4,1,0.607238,39.1156,179.2729,2.799
80,7,out,0.2049,9,5,1,0.610667,18.5684,0.2062,2.799
80,7,out,0.2049,9,6,1,0.661180,16.2668,179.7245,2.799
80,7,out,0.2049,9,7,1,0.610454,48.0650,0.2062,2.799
80,7,out,0.2049,10,0,1,0.826888,0.0356,0.4433,2.666
80,7,out,0.2049,10,1,1,0.686157,28.8028,0.4433,2.666
80,7,out,0.2049,10,2,1,0.725944,9.5577,179.9223,2.666
80,7,out,0.2049,10,3,1,0.703976,39.9028,0.5594,2.666
80,7,out,0.2049,10,4,1,0.675907,38.7174,179.9223,2.666
80,7,out,0.2049,10,5,1,0.671855,18.5626,0.4433,2.666
80,7,out,0.2049,10,6,1,0.722596,16.7088,179.9223,2.666
80,7,out,0.2049,10,7,1,0.680570,48.0640,0.5594,2.666
80,7,out,0.2049,11,0,1,0.727556,0.0327,0.2795,2.606
80,7,out,0.2049,11,1,1,0.652530,28.8972,0.2795,2.606
80,7,out,0.2049,11,2,1,0.654009,9.7377,179.7585,2.606
80,7,out,0.2049,11,3,1,0.681706,39.9511,0.2795,2.606
80,7,out,0.2049,11,4,1,0.637205,38.1356,179.7585,2.606
80,7,out,0.2049,11,5,1,0.622093,18.6607,0.2795,2.606
80,7,out,0.2049,11,6,1,0.625543,17.0522,179.7585,2.606
80,7,out,0.2049,11,7,1,0.627673,48.0694,0.2795,2.606
80,8,in,0.4964,0,0,1,0.594297,0.0370,0.5373,10608.319
80,8,in,0.4964,0,1,1,0.560968,12.0159,0.5373,10608.319
80,8,in,0.4964,0,2,1,0.553646,19.9327,179.9837,10608.319
80,8,in,0.4964,0,3,1,0.551466,22.8368,0.5373,10608.319
80,8,in,0.4964,0,4,1,0.550256,15.5109,0.5373,10608.319
80,8,in,0.4964,0,5,1,0.549731,17.6103,179.9837,10608.319
80,8,in,0.4964,0,6,1,0.546831,14.7926,179.9837,10608.319
80,8,in,0.4964,0,7,1,0.540727,12.6357,0.5373,10608.319
80,8,in,0.4964,1,0,1,0.540725,0.0360,0.1499,9.999
80,8,in,0.4964,1,1,1,0.496458,12.0157,0.1499,9.999
80,8,in,0.4964,1,2,1,0.500187,19.5690,179.6289,9.999
80,8,in,0.4964,1,3,1,0.495687,23.0258,0.1499,9.999
80,8,in,0.4964,1,4,1,0.506461,15.5683,0.1499,9.999
80,8,in,0.4964,1,5,1,0.503493,17.0784,179.3684,9.999
80,8,in,0.4964,1,6,1,0.477827,14.8446,178.3657,9.999
80,8,in,0.4964,1,7,1,0.489888,12.7041,0.1499,9.999
80,8,in,0.4964,2,0,1,0.537618,0.0625,0.2282,12.833
80,8,in,0.4964,2,1,1,0.517398,12.0145,0.2282,12.833
80,8,in,0.4964,2,2,1,0.490849,19.2121,179.7465,12.833
80,8,in,0.4964,2,3,1,0.507514,23.0306,0.2282,12.833
80,8,in,0.4964,2,4,1,0.512343,15.6352,0.2282,12.833
80,8,in,0.4964,2,5,1,0.496325,16.5619,179.7465,12.833
80,8,in,0.4964,2,6,1,0.501301,14.9734,179.7465,12.833
80,8,in,0.4964,2,7,1,0.500235,12.7064,0.2282,12.833
80,8,in,0.4964,3,0,1,0.559711,0.0423,0.3576,14.518
80,8,in,0.4964,3,1,1,0.519731,11.9940,0.3576,14.518
80,8,in,0.4964,3,2,1,0.476109,18.9215,179.8366,14.518
80,8,in,0.4964,3,3,1,0.503132,23.1351,0.3576,14.518
80,8,in,0.4964,3,4,1,0.523089,15.4613,0.3576,14.518
80,8,in,0.4964,3,5,1,0.483990,16.1489,179.8366,14.518
80,8,in,0.4964,3,6,1,0.494380,15.2136,179.8366,14.518
80,8,in,0.4964,3,7,1,0.479174,12.6250,0.3576,14.518
80,8,in,0.4964,4,0,1,0.582701,0.0587,0.4058,10.706
80,8,in,0.4964,4,1,1,0.529367,11.9782,0.4058,10.706
80,8,in,0.4964,4,2,1,0.504844,18.4848,179.1125,10.706
80,8,in,0.4964,4,3,1,0.517089,22.8615,0.4058,10.706
80,8,in,0.4964,4,4,1,0.523974,15.6734,0.4058,10.706
80,8,in,0.4964,4,5,1,0.485083,15.5635,179.1125,10.706
80,8,in,0.4964,4,6,1,0.515528,15.4397,179.8848,10.706
80,8,in,0.4964,4,7,1,0.522114,12.6114,0.4058,10.706
80,8,in,0.4964,5,0,1,0.535079,0.0779,0.3801,4.864
80,8,in,0.4964,5,1,1,0.484579,11.9498,0.3801,4.864
80,8,in,0.4964,5,2,1,0.463513,18.0773,179.1382,4.864
80,8,in,0.4964,5,3,1,0.493124,23.1622,1.3828,4.864
80,8,in,0.4964,5,4,1,0.488353,15.6338,1.3828,4.864
80,8,in,0.4964,5,5,1,0.467019,15.1719,179.1382,4.864
80,8,in,0.4964,5,6,1,0.461493,15.5032,179.8591,4.864
80,8,in,0.4964,5,7,1,0.489980,12.5547,0.3801,4.864
80,8,in,0.4964,6,0,1,0.586868,0.0741,0.4088,5.795
80,8,in,0.4964,6,1,1,0.525386,12.0375,0.5939,5.795
80,8,in,0.4964,6,2,1,0.520511,17.7132,179.8879,5.795
80,8,in,0.4964,6,3,1,0.531004,22.8792,0.5939,5.795
80,8,in,0.4964,6,4,1,0.551394,15.6282,0.4088,5.795
80,8,in,0.4964,6,5,1,0.514254,14.7176,179.8879,5.795
80,8,in,0.4964,6,6,1,0.515539,15.8649,179.8879,5.795
80,8,in,0.4964,6,7,1,0.523094,12.7049,0.4088,5.795
80,8,in,0.4964,7,0,1,0.591763,0.0641,0.3816,5.330
80,8,in,0.4964,7,1,1,0.566422,12.0220,0.3816,5.330
80,8,in,0.4964,7,2,1,0.540646,17.3234,179.8999,5.330
80,8,in,0.4964,7,3,1,0.547304,22.7594,0.3816,5.330
80,8,in,0.4964,7,4,1,0.566513,15.6373,0.3816,5.330
80,8,in,0.4964,7,5,1,0.547638,14.3401,179.8999,5.330
80,8,in,0.4964,7,6,1,0.538655,16.1088,179.8999,5.330
80,8,in,0.4964,7,7,1,0.551151,12.6269,0.3816,5.330
80,8,in,0.4964,8,0,1,0.558827,0.0696,0.5327,4.489
80,8,in,0.4964,8,1,1,0.512079,12.0075,0.5327,4.489
80,8,in,0.4964,8,2,1,0.510288,16.8069,179.9883,4.489
80,8,in,0.4964,8,3,1,0.522440,23.0614,0.5327,4.489
80,8,in,0.4964,8,4,1,0.535588,15.5261,0.5327,4.489
80,8,in,0.4964,8,5,1,0.489287,14.2930,179.9883,4.489
80,8,in,0.4964,8,6,1,0.514009,16.6591,179.9883,4.489
80,8,in,0.4964,8,7,1,0.520399,12.6789,0.5327,4.489
80,8,in,0.4964,9,0,1,0.657386,0.0403,0.5598,4.963
80,8,in,0.4964,9,1,1,0.633825,11.9955,0.4428,4.963
80,8,in,0.4964,9,2,1,0.601071,16.4117,179.9219,4.963
80,8,in,0.4964,9,3,1,0.626886,23.1509,0.5598,4.963
80,8,in,0.4964,9,4,1,0.612927,15.7182,0.5598,4.963
80,8,in,0.4964,9,5,1,0.611711,13.8250,179.9219,4.963
80,8,in,0.4964,9,6,1,0.598939,17.0023,179.9219,4.963
80,8,in,0.4964,9,7,1,0.610721,12.6687,0.5598,4.963
80,8,in,0.4964,10,0,1,0.567751,0.0537,0.1865,7.166
80,8,in,0.4964,10,1,1,0.522032,12.0019,0.1865,7.166
80,8,in,0.4964,10,2,1,0.533826,15.7548,179.7048,7.166
80,8,in,0.4964,10,3,1,0.537848,23.1443,0.1865,7.166
80,8,in,0.4964,10,4,1,0.551817,15.8422,0.1865,7.166
80,8,in,0.4964,10,5,1,0.522557,13.7320,179.7048,7.166
80,8,in,0.4964,10,6,1,0.518560,17.5217,179.7048,7.166
80,8,in,0.4964,10,7,1,0.530020,12.6375,0.1865,7.166
80,8,in,0.4964,11,0,1,0.591989,0.0621,0.1814,5.322
80,8,in,0.4964,11,1,1,0.561672,12.0170,0.1814,5.322
80,8,in,0.4964,11,2,1,0.522014,15.0539,179.2976,5.322
80,8,in,0.4964,11,3,1,0.539156,23.3396,0.1814,5.322
80,8,in,0.4964,11,4,1,0.564149,15.7816,0.1814,5.322
80,8,in,0.4964,11,5,1,0.529415,13.9759,178.6971,5.322
80,8,in,0.4964,11,6,1,0.553676,18.2276,179.2976,5.322
80,8,in,0.4964,11,7,1,0.541194,12.7500,0.1814,5.322
80,9,out,0.0302,0,0,1,0.895562,0.0429,0.2451,1854.758
80,9,out,0.0302,0,1,1,0.853196,3.5739,179.7634,1854.758
80,9,out,0.0302,0,2,1,0.846898,29.8813,0.2451,1854.758
80,9,out,0.0302,0,3,1,0.845880,22.7897,179.7634,1854.758
80,9,out,0.0302,0,4,1,0.845801,59.1682,179.7634,1854.758
80,9,out,0.0302,0,5,1,0.842848,9.5654,0.2451,1854.758
80,9,out,0.0302,0,6,1,0.842119,60.7387,0.2451,1854.758
80,9,out,0.0302,0,7,1,0.840037,48.4529,0.2451,1854.758
80,9,out,0.0302,1,0,1,0.914988,0.0878,0.5082,2.414
80,9,out,0.0302,1,1,1,0.854343,3.2069,179.9735,2.414
80,9,out,0.0302,1,2,1,0.854442,29.8788,0.4945,2.414
80,9,out,0.0302,1,3,1,0.858197,23.2023,179.9735,2.414
80,9,out,0.0302,1,4,1,0.855530,59.6222,179.9735,2.414
80,9,out,0.0302,1,5,1,0.854686,9.4849,0.4945,2.414
80,9,out,0.0302,1,6,1,0.850506,60.5993,0.4945,2.414
80,9,out,0.0302,1,7,1,0.848295,48.4510,0.4945,2.414
80,9,out,0.0302,2,0,1,0.923199,0.0822,0.0095,2.392
80,9,out,0.0302,2,1,1,0.862015,3.1441,179.4885,2.392
80,9,out,0.0302,2,2,1,0.858218,30.1223,0.0095,2.392
80,9,out,0.0302,2,3,1,0.871640,23.7828,179.5088,2.392
80,9,out,0.0302,2,4,1,0.865583,60.3361,179.5088,2.392
80,9,out,0.0302,2,5,1,0.864460,9.5514,0.0095,2.392
80,9,out,0.0302,2,6,1,0.848878,60.6031,0.0095,2.392
80,9,out,0.0302,2,7,1,0.856315,48.4548,0.0095,2.392
80,9,out,0.0302,3,0,1,0.956004,0.0291,0.3226,2.481
80,9,out,0.0302,3,1,1,0.899171,3.1452,179.8017,2.481
80,9,out,0.0302,3,2,1,0.891995,29.8972,0.3226,2.481
80,9,out,0.0302,3,3,1,0.887453,23.9784,179.8017,2.481
80,9,out,0.0302,3,4,1,0.888231,60.9373,179.8017,2.481
80,9,out,0.0302,3,5,1,0.881564,9.6598,0.3226,2.481
80,9,out,0.0302,3,6,1,0.885221,60.7080,0.3226,2.481
80,9,out,0.0302,3,7,1,0.881511,48.4513,0.3226,2.481
80,9,out,0.0302,4,0,1,0.927327,0.0510,0.5082,2.540
80,9,out,0.0302,4,1,1,0.856641,3.2411,179.9872,2.540
80,9,out,0.0302,4,2,1,0.858848,29.7209,0.5082,2.540
80,9,out,0.0302,4,3,1,0.847339,24.3976,179.9872,2.540
80,9,out,0.0302,4,4,1,0.860064,61.4910,179.9872,2.540
80,9,out,0.0302,4,5,1,0.853539,9.6428,0.4945,2.540
80,9,out,0.0302,4,6,1,0.856354,60.5952,0.4945,2.540
80,9,out,0.0302,4,7,1,0.848468,48.4431,0.4945,2.540
80,9,out,0.0302,5,0,1,0.916598,0.0309,0.3431,2.699
80,9,out,0.0302,5,1,1,0.845105,3.4632,179.8614,2.699
80,9,out,0.0302,5,2,1,0.833546,29.9793,0.3431,2.699
80,9,out,0.0302,5,3,1,0.843590,24.8536,179.8614,2.699
80,9,out,0.0302,5,4,1,0.829456,62.0389,179.8614,2.699
80,9,out,0.0302,5,5,1,0.827520,9.6582,0.3431,2.699
80,9,out,0.0302,5,6,1,0.837401,60.5231,0.3431,2.699
80,9,out,0.0302,5,7,1,0.833949,48.4763,0.3431,2.699
80,9,out,0.0302,6,0,1,0.935100,0.0384,0.4695,2.078
80,9,out,0.0302,6,1,1,0.862303,3.8204,179.9878,2.078
80,9,out,0.0302,6,2,1,0.850050,30.0501,0.5332,2.078
80,9,out,0.0302,6,3,1,0.850654,25.1135,179.9878,2.078
80,9,out,0.0302,6,4,1,0.845521,62.4927,179.9878,2.078
80,9,out,0.0302,6,5,1,0.847140,9.6489,0.4695,2.078
80,9,out,0.0302,6,6,1,0.850476,60.5603,0.4695,2.078
80,9,out,0.0302,6,7,1,0.844810,48.4845,0.4695,2.078
80,9,out,0.0302,7,0,1,0.936032,0.0320,0.4833,2.327
80,9,out,0.0302,7,1,1,0.855544,4.3984,179.9984,2.327
80,9,out,0.0302,7,2,1,0.851571,29.8989,0.5194,2.327
80,9,out,0.0302,7,3,1,0.855988,25.3184,179.9984,2.327
80,9,out,0.0302,7,4,1,0.848344,63.0686,179.9984,2.327
80,9,out,0.0302,7,5,1,0.850139,9.4968,0.5194,2.327
80,9,out,0.0302,7,6,1,0.851813,60.5666,0.4833,2.327
80,9,out,0.0302,7,7,1,0.855888,48.4629,0.5194,2.327
80,9,out,0.0302,8,0,1,0.925640,0.0427,0.4054,2.054
80,9,out,0.0302,8,1,1,0.862336,4.8123,179.9237,2.054
80,9,out,0.0302,8,2,1,0.855638,29.8167,0.5973,2.054
80,9,out,0.0302,8,3,1,0.863418,25.5660,179.9237,2.054
80,9,out,0.0302,8,4,1,0.842242,63.6412,179.9237,2.054
80,9,out,0.0302,8,5,1,0.852424,9.6505,0.5973,2.054
80,9,out,0.0302,8,6,1,0.861507,60.5108,0.4054,2.054
80,9,out,0.0302,8,7,1,0.856583,48.4812,0.5973,2.054
80,9,out,0.0302,9,0,1,0.918846,0.0464,0.1508,1.924
80,9,out,0.0302,9,1,1,0.848934,5.3789,179.3282,1.924
80,9,out,0.0302,9,2,1,0.847828,29.8115,0.1508,1.924
80,9,out,0.0302,9,3,1,0.857830,26.0281,179.6691,1.924
80,9,out,0.0302,9,4,1,0.838614,64.0176,179.6691,1.924
80,9,out,0.0302,9,5,1,0.846041,9.4892,0.1508,1.924
80,9,out,0.0302,9,6,1,0.859730,60.5996,0.1508,1.924
80,9,out,0.0302,9,7,1,0.851335,48.4575,0.1508,1.924
80,9,out,0.0302,10,0,1,0.922619,0.0500,0.5334,2.623
80,9,out,0.0302,10,1,1,0.851025,5.8705,179.9483,2.623
80,9,out,0.0302,10,2,1,0.841190,29.7288,0.4693,2.623
80,9,out,0.0302,10,3,1,0.850015,26.1534,179.9483,2.623
80,9,out,0.0302,10,4,1,0.835593,64.4649,179.9483,2.623
80,9,out,0.0302,10,5,1,0.841753,9.5641,0.4693,2.623
80,9,out,0.0302,10,6,1,0.850237,60.5954,0.4693,2.623
80,9,out,0.0302,10,7,1,0.841316,48.4673,0.4693,2.623
80,9,out,0.0302,11,0,1,0.868866,0.0783,1.6837,1.348
80,9,out,0.0302,11,1,1,0.816253,5.9841,177.8346,1.348
80,9,out,0.0302,11,2,1,0.770410,29.9721,2.6864,1.348
80,9,out,0.0302,11,3,1,0.812674,26.3028,177.8346,1.348
80,9,out,0.0302,11,4,1,0.786562,64.5841,177.8346,1.348
80,9,out,0.0302,11,5,1,0.787964,9.4899,2.6864,1.348
80,9,out,0.0302,11,6,1,0.783609,60.5991,2.6864,1.348
80,9,out,0.0302,11,7,1,0.790188,48.4563,2.6864,1.348
80,10,out,0.6025,0,0,1,0.420387,39.8558,0.6749,19100.916
80,10,out,0.6025,0,1,1,0.420348,26.3559,0.6749,19100.916
80,10,out,0.6025,0,2,1,0.419168,70.5864,176.8381,19100.916
80,10,out,0.6025,0,3,1,0.418546,41.4558,0.6749,19100.916
80,10,out,0.6025,0,4,1,0.411948,8.6521,179.8461,19100.916
80,10,out,0.6025,0,5,1,0.409564,29.6559,0.6749,19100.916
80,10,out,0.6025,0,6,1,0.409113,16.3559,1.6776,19100.916
80,10,out,0.6025,0,7,1,0.408939,44.6934,179.8461,19100.916
80,10,out,0.6025,1,0,1,0.429160,40.1655,0.5262,12.197
80,10,out,0.6025,1,1,1,0.422074,26.6655,0.5262,12.197
80,10,out,0.6025,1,2,1,0.330339,70.9088,177.9894,12.197
80,10,out,0.6025,1,3,1,0.422588,41.1655,0.5262,12.197
80,10,out,0.6025,1,4,1,0.406255,8.4998,179.0026,12.197
80,10,out,0.6025,1,5,1,0.424389,29.9655,0.5262,12.197
80,10,out,0.6025,1,6,1,0.445024,16.5708,0.5262,12.197
80,10,out,0.6025,1,7,1,0.406544,44.5270,179.0026,12.197
80,10,out,0.6025,2,0,1,0.412170,40.0632,0.0081,7.066
80,10,out,0.6025,2,1,1,0.404171,26.9632,0.0081,7.066
80,10,out,0.6025,2,2,1,0.349305,71.5218,178.4845,7.066
80,10,out,0.6025,2,3,1,0.400541,40.8632,0.0081,7.066
80,10,out,0.6025,2,4,1,0.370683,8.6994,179.4872,7.066
80,10,out,0.6025,2,5,1,0.394533,30.2632,0.0081,7.066
80,10,out,0.6025,2,6,1,0.436429,16.3685,0.0081,7.066
80,10,out,0.6025,2,7,1,0.414376,44.7799,179.4872,7.066
80,10,out,0.6025,3,0,1,0.368816,40.3811,0.0952,5.618
80,10,out,0.6025,3,1,1,0.381810,26.7811,0.0952,5.618
80,10,out,0.6025,3,2,1,0.338145,72.3825,177.6082,5.618
80,10,out,0.6025,3,3,1,0.372248,40.6811,0.0952,5.618
80,10,out,0.6025,3,4,1,0.358526,8.9203,179.3838,5.618
80,10,out,0.6025,3,5,1,0.371445,30.5811,0.0952,5.618
80,10,out,0.6025,3,6,1,0.405970,16.6864,0.0952,5.618
80,10,out,0.6025,3,7,1,0.378542,44.7202,179.3838,5.618
80,10,out,0.6025,4,0,1,0.405836,40.6745,0.3486,4.225
80,10,out,0.6025,4,1,1,0.416296,26.6746,0.3486,4.225
80,10,out,0.6025,4,2,1,0.368110,72.7561,179.1697,4.225
80,10,out,0.6025,4,3,1,0.414193,40.9745,0.3486,4.225
80,10,out,0.6025,4,4,1,0.437602,8.5231,179.8276,4.225
80,10,out,0.6025,4,5,1,0.400377,30.2746,0.3486,4.225
80,10,out,0.6025,4,6,1,0.443981,16.3797,0.3486,4.225
80,10,out,0.6025,4,7,1,0.456104,44.7103,179.8276,4.225
80,10,out,0.6025,5,0,1,0.378373,40.3935,1.1258,11.285
80,10,out,0.6025,5,1,1,0.382439,26.8935,1.1258,11.285
80,10,out,0.6025,5,2,1,0.337246,72.5929,175.5914,11.285
80,10,out,0.6025,5,3,1,0.364819,41.2935,0.1231,11.285
80,10,out,0.6025,5,4,1,0.377155,8.1060,179.6021,11.285
80,10,out,0.6025,5,5,1,0.377693,30.1935,0.1231,11.285
80,10,out,0.6025,5,6,1,0.383291,16.6987,0.1231,11.285
80,10,out,0.6025,5,7,1,0.388417,44.1500,179.6021,11.285
80,10,out,0.6025,6,0,1,0.381559,40.2075,0.2395,11.257
80,10,out,0.6025,6,1,1,0.383479,26.6076,0.2395,11.257
80,10,out,0.6025,6,2,1,0.326951,73.0844,178.2369,11.257
80,10,out,0.6025,6,3,1,0.395242,41.6024,0.2395,11.257
80,10,out,0.6025,6,4,1,0.407121,7.9174,179.2396,11.257
80,10,out,0.6025,6,5,1,0.387549,30.5024,0.2395,11.257
80,10,out,0.6025,6,6,1,0.397391,16.4077,0.2395,11.257
80,10,out,0.6025,6,7,1,0.417057,44.2758,179.7578,11.257
80,10,out,0.6025,7,0,1,0.425320,40.4180,0.4370,7.968
80,10,out,0.6025,7,1,1,0.433362,26.6180,0.4370,7.968
80,10,out,0.6025,7,2,1,0.411095,73.8972,178.9134,7.968
80,10,out,0.6025,7,3,1,0.435908,41.3129,1.4397,7.968
80,10,out,0.6025,7,4,1,0.449244,8.2450,179.9160,7.968
80,10,out,0.6025,7,5,1,0.433162,30.3129,1.4397,7.968
80,10,out,0.6025,7,6,1,0.440358,16.7182,0.4370,7.968
80,10,out,0.6025,7,7,1,0.450789,44.3659,176.9080,7.968
80,10,out,0.6025,8,0,1,0.368601,40.2215,2.4138,8.594
80,10,out,0.6025,8,1,1,0.375338,26.9215,0.4084,8.594
80,10,out,0.6025,8,2,1,0.370613,73.7944,179.9267,8.594
80,10,out,0.6025,8,3,1,0.364943,41.6164,0.4084,8.594
80,10,out,0.6025,8,4,1,0.391569,8.1181,179.9267,8.594
80,10,out,0.6025,8,5,1,0.381348,30.0164,0.4084,8.594
80,10,out,0.6025,8,6,1,0.372379,16.5217,0.5943,8.594
80,10,out,0.6025,8,7,1,0.387899,44.2576,179.9267,8.594
80,10,out,0.6025,9,0,1,0.351463,39.9142,0.9930,8.125
80,10,out,0.6025,9,1,1,0.363112,27.2140,0.0097,8.125
80,10,out,0.6025,9,2,1,0.398807,73.8956,176.4613,8.125
80,10,out,0.6025,9,3,1,0.379183,41.9089,0.0097,8.125
80,10,out,0.6025,9,4,1,0.390907,8.3435,179.5280,8.125
80,10,out,0.6025,9,5,1,0.360845,29.7089,0.0097,8.125
80,10,out,0.6025,9,6,1,0.394613,16.3141,0.0097,8.125
80,10,out,0.6025,9,7,1,0.409626,44.2648,179.4694,8.125
80,10,out,0.6025,10,0,1,0.421300,40.0954,0.3498,8.314
80,10,out,0.6025,10,1,1,0.421159,26.8999,0.3498,8.314
80,10,out,0.6025,10,2,1,0.364138,73.5093,176.8208,8.314
80,10,out,0.6025,10,3,1,0.402298,42.0948,0.3498,8.314
80,10,out,0.6025,10,4,1,0.426690,8.6108,179.8288,8.314
80,10,out,0.6025,10,5,1,0.408716,29.3948,0.3498,8.314
80,10,out,0.6025,10,6,1,0.431609,16.6000,0.3498,8.314
80,10,out,0.6025,10,7,1,0.433354,44.2686,179.8288,8.314
80,10,out,0.6025,11,0,1,0.360364,40.3797,0.6447,8.151
80,10,out,0.6025,11,1,1,0.363906,26.7842,0.6447,8.151
80,10,out,0.6025,11,2,1,0.355819,73.6154,177.1550,8.151
80,10,out,0.6025,11,3,1,0.351481,42.0791,0.6447,8.151
80,10,out,0.6025,11,4,1,0.365397,9.1057,179.8370,8.151
80,10,out,0.6025,11,5,1,0.367026,29.3791,0.6447,8.151
80,10,out,0.6025,11,6,1,0.376109,16.5843,0.6447,8.151
80,10,out,0.6025,11,7,1,0.369994,44.8191,179.8370,8.151
80,11,out,0.5733,0,0,1,0.475436,0.0948,0.2500,11295.906
80,11,out,0.5733,0,1,1,0.439671,30.1863,0.2500,11295.906
80,11,out,0.5733,0,2,1,0.429293,34.3975,179.7290,11295.906
80,11,out,0.5733,0,3,1,0.428217,35.5294,179.7290,11295.906
80,11,out,0.5733,0,4,1,0.423608,27.9080,179.7290,11295.906
80,11,out,0.5733,0,5,1,0.423502,24.2426,179.7290,11295.906
80,11,out,0.5733,0,6,1,0.422921,26.8475,179.2683,11295.906
80,11,out,0.5733,0,7,1,0.422854,29.9242,179.7290,11295.906
80,11,out,0.5733,1,0,1,0.496700,0.0065,0.2862,19.127
80,11,out,0.5733,1,1,1,0.454262,30.4640,0.7165,19.127
80,11,out,0.5733,1,2,1,0.439351,34.1526,178.1901,19.127
80,11,out,0.5733,1,3,1,0.429154,35.3285,179.8045,19.127
80,11,out,0.5733,1,4,1,0.470168,27.3969,179.8045,19.127
80,11,out,0.5733,1,5,1,0.425327,24.2247,179.8045,19.127
80,11,out,0.5733,1,6,1,0.414960,26.4252,179.8045,19.127
80,11,out,0.5733,1,7,1,0.423304,29.6837,179.8045,19.127
80,11,out,0.5733,2,0,1,0.534544,0.0128,0.1313,18.367
80,11,out,0.5733,2,1,1,0.510426,30.7263,0.1313,18.367
80,11,out,0.5733,2,2,1,0.478028,33.7506,178.6077,18.367
80,11,out,0.5733,2,3,1,0.442142,34.8258,179.6104,18.367
80,11,out,0.5733,2,4,1,0.494411,26.7347,179.3870,18.367
80,11,out,0.5733,2,5,1,0.431584,24.0132,179.3870,18.367
80,11,out,0.5733,2,6,1,0.459421,25.5916,179.6104,18.367
80,11,out,0.5733,2,7,1,0.411889,29.0774,179.6104,18.367
80,11,out,0.5733,3,0,1,0.485128,0.0140,0.3393,14.032
80,11,out,0.5733,3,1,1,0.478653,30.7244,0.3393,14.032
80,11,out,0.5733,3,2,1,0.439173,33.4598,178.1763,14.032
80,11,out,0.5733,3,3,1,0.406375,34.6079,179.1790,14.032
80,11,out,0.5733,3,4,1,0.459443,26.2259,179.8183,14.032
80,11,out,0.5733,3,5,1,0.382568,23.7360,179.1790,14.032
80,11,out,0.5733,3,6,1,0.415007,24.9942,179.1790,14.032
80,11,out,0.5733,3,7,1,0.376814,28.7603,179.1790,14.032
80,11,out,0.5733,4,0,1,0.508094,0.0158,0.4112,9.144
80,11,out,0.5733,4,1,1,0.478273,30.8173,0.5915,9.144
80,11,out,0.5733,4,2,1,0.436886,32.9479,179.9295,9.144
80,11,out,0.5733,4,3,1,0.379758,34.1743,179.9295,9.144
80,11,out,0.5733,4,4,1,0.473282,25.6267,179.9295,9.144
80,11,out,0.5733,4,5,1,0.386739,23.6842,179.9295,9.144
80,11,out,0.5733,4,6,1,0.400907,24.2224,179.9295,9.144
80,11,out,0.5733,4,7,1,0.377241,28.4779,179.9295,9.144
80,11,out,0.5733,5,0,1,0.565597,0.0230,0.3312,8.259
80,11,out,0.5733,5,1,1,0.531709,30.7193,0.6715,8.259
80,11,out,0.5733,5,2,1,0.488791,32.9000,177.8441,8.259
80,11,out,0.5733,5,3,1,0.418098,34.2659,179.8495,8.259
80,11,out,0.5733,5,4,1,0.538724,25.5438,179.8495,8.259
80,11,out,0.5733,5,5,1,0.405502,23.8846,178.8468,8.259
80,11,out,0.5733,5,6,1,0.415038,24.3150,178.8468,8.259
80,11,out,0.5733,5,7,1,0.400819,28.1892,177.8441,8.259
80,11,out,0.5733,6,0,1,0.519758,0.0819,0.1359,10.071
80,11,out,0.5733,6,1,1,0.475147,30.7253,0.1359,10.071
80,11,out,0.5733,6,2,1,0.455797,33.3561,178.3798,10.071
80,11,out,0.5733,6,3,1,0.458772,34.5003,179.6149,10.071
80,11,out,0.5733,6,4,1,0.472298,26.2186,179.3824,10.071
80,11,out,0.5733,6,5,1,0.410817,23.6045,176.3744,10.071
80,11,out,0.5733,6,6,1,0.435268,24.9907,179.6149,10.071
80,11,out,0.5733,6,7,1,0.416767,28.1875,179.6149,10.071
80,11,out,0.5733,7,0,1,0.548745,0.0345,0.1845,13.940
80,11,out,0.5733,7,1,1,0.518633,30.7066,0.1845,13.940
80,11,out,0.5733,7,2,1,0.482865,33.5071,179.6636,13.940
80,11,out,0.5733,7,3,1,0.479820,34.6501,179.6636,13.940
80,11,out,0.5733,7,4,1,0.511828,26.7429,179.6636,13.940
80,11,out,0.5733,7,5,1,0.447105,24.0391,179.6636,13.940
80,11,out,0.5733,7,6,1,0.466941,25.6048,179.6636,13.940
80,11,out,0.5733,7,7,1,0.442339,28.2635,179.6636,13.940
80,11,out,0.5733,8,0,1,0.509991,0.0750,0.0574,14.248
80,11,out,0.5733,8,1,1,0.484993,30.8657,1.0601,14.248
80,11,out,0.5733,8,2,1,0.472904,33.6991,179.4216,14.248
80,11,out,0.5733,8,3,1,0.461929,34.9372,179.4216,14.248
80,11,out,0.5733,8,4,1,0.468280,27.3732,178.5730,14.248
80,11,out,0.5733,8,5,1,0.434314,23.9630,179.4216,14.248
80,11,out,0.5733,8,6,1,0.432946,26.4495,179.4216,14.248
80,11,out,0.5733,8,7,1,0.443881,28.4796,179.4216,14.248
80,11,out,0.5733,9,0,1,0.511977,0.0862,0.0579,17.491
80,11,out,0.5733,9,1,1,0.483777,30.7325,0.9448,17.491
80,11,out,0.5733,9,2,1,0.460930,34.0057,179.5762,17.491
80,11,out,0.5733,9,3,1,0.457690,34.9403,179.5762,17.491
80,11,out,0.5733,9,4,1,0.493362,27.8234,179.5762,17.491
80,11,out,0.5733,9,5,1,0.456868,24.2199,179.5762,17.491
80,11,out,0.5733,9,6,1,0.473717,26.8611,179.5762,17.491
80,11,out,0.5733,9,7,1,0.437636,28.7571,179.5762,17.491
80,11,out,0.5733,10,0,1,0.521128,0.0399,0.2844,9.238
80,11,out,0.5733,10,1,1,0.478614,30.9939,0.7183,9.238
80,11,out,0.5733,10,2,1,0.451620,34.1635,179.7634,9.238
80,11,out,0.5733,10,3,1,0.464648,35.4586,179.7634,9.238
80,11,out,0.5733,10,4,1,0.488630,28.6172,179.7634,9.238
80,11,out,0.5733,10,5,1,0.447376,24.1966,179.7634,9.238
80,11,out,0.5733,10,6,1,0.472076,27.3917,179.7634,9.238
80,11,out,0.5733,10,7,1,0.442580,29.1166,179.7634,9.238
80,11,out,0.5733,11,0,1,0.501919,0.0367,0.3438,13.403
80,11,out,0.5733,11,1,1,0.477707,30.7992,0.6589,13.403
80,11,out,0.5733,11,2,1,0.462541,34.3014,179.8228,13.403
80,11,out,0.5733,11,3,1,0.463306,36.0487,179.8228,13.403
80,11,out,0.5733,11,4,1,0.470820,29.4873,179.8228,13.403
80,11,out,0.5733,11,5,1,0.456698,24.4777,179.8228,13.403
80,11,out,0.5733,11,6,1,0.457945,28.2561,179.8228,13.403
80,11,out,0.5733,11,7,1,0.476436,29.7239,179.8228,13.403
80,12,in,0.4019,0,0,1,0.646488,0.0342,0.1985,5413.856
80,12,in,0.4019,0,1,1,0.608141,25.3776,179.6776,5413.856
80,12,in,0.4019,0,2,1,0.599326,32.1941,0.1985,5413.856
80,12,in,0.4019,0,3,1,0.598856,15.2964,0.1985,5413.856
80,12,in,0.4019,0,4,1,0.595527,10.2241,0.1985,5413.856
80,12,in,0.4019,0,5,1,0.595238,27.9557,179.6776,5413.856
80,12,in,0.4019,0,6,1,0.594982,24.7961,0.1985,5413.856
80,12,in,0.4019,0,7,1,0.593507,23.8200,0.8041,5413.856
80,12,in,0.4019,1,0,1,0.662798,0.0322,0.1257,14.263
80,12,in,0.4019,1,1,1,0.594445,25.0985,179.6047,14.263
80,12,in,0.4019,1,2,1,0.562148,31.9140,0.1257,14.263
80,12,in,0.4019,1,3,1,0.582993,15.4167,0.1257,14.263
80,12,in,0.4019,1,4,1,0.583436,10.0598,0.1257,14.263
80,12,in,0.4019,1,5,1,0.595406,27.7452,179.6047,14.263
80,12,in,0.4019,1,6,1,0.586640,24.5948,0.1257,14.263
80,12,in,0.4019,1,7,1,0.571646,23.5559,0.1257,14.263
80,12,in,0.4019,2,0,1,0.651887,0.0294,0.4947,8.678
80,12,in,0.4019,2,1,1,0.614251,24.9582,179.9737,8.678
80,12,in,0.4019,2,2,1,0.557921,31.6463,0.5080,8.678
80,12,in,0.4019,2,3,1,0.605327,15.3036,0.4947,8.678
80,12,in,0.4019,2,4,1,0.622921,10.3131,0.4947,8.678
80,12,in,0.4019,2,5,1,0.622923,27.6143,179.9737,8.678
80,12,in,0.4019,2,6,1,0.583094,24.3895,0.4947,8.678
80,12,in,0.4019,2,7,1,0.592820,23.3091,0.4947,8.678
80,12,in,0.4019,3,0,1,0.648671,0.0353,0.3609,7.927
80,12,in,0.4019,3,1,1,0.582730,24.5841,179.8399,7.927
80,12,in,0.4019,3,2,1,0.572014,31.3646,0.3609,7.927
80,12,in,0.4019,3,3,1,0.585308,15.2439,0.3609,7.927
80,12,in,0.4019,3,4,1,0.589620,10.2324,0.3609,7.927
80,12,in,0.4019,3,5,1,0.600505,27.3585,179.8399,7.927
80,12,in,0.4019,3,6,1,0.586606,24.5870,0.3609,7.927
80,12,in,0.4019,3,7,1,0.588588,23.0525,0.3609,7.927
80,12,in,0.4019,4,0,1,0.699008,0.0335,0.0250,9.165
80,12,in,0.4019,4,1,1,0.617057,24.0206,179.5040,9.165
80,12,in,0.4019,4,2,1,0.599895,31.6451,0.0250,9.165
80,12,in,0.4019,4,3,1,0.616973,15.3083,0.0250,9.165
80,12,in,0.4019,4,4,1,0.617173,10.3165,0.0250,9.165
80,12,in,0.4019,4,5,1,0.597268,26.9696,179.4933,9.165
80,12,in,0.4019,4,6,1,0.600757,24.5885,0.0250,9.165
80,12,in,0.4019,4,7,1,0.599393,22.8002,0.0250,9.165
80,12,in,0.4019,5,0,1,0.678861,0.0446,0.2173,8.622
80,12,in,0.4019,5,1,1,0.626284,23.7280,179.6963,8.622
80,12,in,0.4019,5,2,1,0.613640,31.3655,0.2173,8.622
80,12,in,0.4019,5,3,1,0.608814,15.2500,0.2173,8.622
80,12,in,0.4019,5,4,1,0.623079,10.5616,0.2173,8.622
80,12,in,0.4019,5,5,1,0.626481,26.7452,179.6963,8.622
80,12,in,0.4019,5,6,1,0.599058,24.3736,0.2173,8.622
80,12,in,0.4019,5,7,1,0.618290,22.9698,0.2173,8.622
80,12,in,0.4019,6,0,1,0.612187,0.0701,0.3164,14.128
80,12,in,0.4019,6,1,1,0.542467,23.5318,179.7954,14.128
80,12,in,0.4019,6,2,1,0.527052,31.1734,1.3191,14.128
80,12,in,0.4019,6,3,1,0.529656,15.3757,0.6863,14.128
80,12,in,0.4019,6,4,1,0.543031,10.3135,0.3164,14.128
80,12,in,0.4019,6,5,1,0.567839,26.4851,179.7954,14.128
80,12,in,0.4019,6,6,1,0.545662,24.4899,0.3164,14.128
80,12,in,0.4019,6,7,1,0.535058,23.0503,0.3164,14.128
80,12,in,0.4019,7,0,1,0.676307,0.0666,0.4885,8.865
80,12,in,0.4019,7,1,1,0.614184,23.2880,179.9676,8.865
80,12,in,0.4019,7,2,1,0.582537,31.4567,0.5141,8.865
80,12,in,0.4019,7,3,1,0.584310,15.2545,0.4885,8.865
80,12,in,0.4019,7,4,1,0.605166,10.4794,0.5141,8.865
80,12,in,0.4019,7,5,1,0.599958,26.1664,179.9676,8.865
80,12,in,0.4019,7,6,1,0.584942,24.4270,0.4885,8.865
80,12,in,0.4019,7,7,1,0.578725,23.0534,0.5141,8.865
80,12,in,0.4019,8,0,1,0.638925,0.0617,0.2633,8.901
80,12,in,0.4019,8,1,1,0.600461,22.8226,179.2158,8.901
80,12,in,0.4019,8,2,1,0.574505,31.5340,0.2633,8.901
80,12,in,0.4019,8,3,1,0.587929,15.3019,0.2633,8.901
80,12,in,0.4019,8,4,1,0.597780,10.3008,0.2633,8.901
80,12,in,0.4019,8,5,1,0.578780,25.9752,179.7816,8.901
80,12,in,0.4019,8,6,1,0.575100,24.5613,0.2633,8.901
80,12,in,0.4019,8,7,1,0.580452,22.8674,0.2633,8.901
80,12,in,0.4019,9,0,1,0.599916,0.0752,0.1395,9.518
80,12,in,0.4019,9,1,1,0.556712,22.5090,179.6578,9.518
80,12,in,0.4019,9,2,1,0.531048,31.4443,2.8685,9.518
80,12,in,0.4019,9,3,1,0.552611,15.1672,0.8631,9.518
80,12,in,0.4019,9,4,1,0.538289,10.4102,0.8631,9.518
80,12,in,0.4019,9,5,1,0.561128,25.7183,178.6551,9.518
80,12,in,0.4019,9,6,1,0.528416,24.4260,0.8631,9.518
80,12,in,0.4019,9,7,1,0.545540,22.9893,0.8631,9.518
80,12,in,0.4019,10,0,1,0.637078,0.0782,0.0493,8.812
80,12,in,0.4019,10,1,1,0.572005,22.3552,179.5676,8.812
80,12,in,0.4019,10,2,1,0.572401,31.6348,0.9533,8.812
80,12,in,0.4019,10,3,1,0.578653,15.3622,0.0493,8.812
80,12,in,0.4019,10,4,1,0.578409,10.2994,0.0493,8.812
80,12,in,0.4019,10,5,1,0.588236,25.4017,179.5676,8.812
80,12,in,0.4019,10,6,1,0.570455,24.4324,0.0493,8.812
80,12,in,0.4019,10,7,1,0.573733,23.0698,0.0493,8.812
80,12,in,0.4019,11,0,1,0.655440,0.0853,1.3635,8.876
80,12,in,0.4019,11,1,1,0.612744,22.1494,179.1575,8.876
80,12,in,0.4019,11,2,1,0.581186,31.8366,1.3635,8.876
80,12,in,0.4019,11,3,1,0.593350,15.3084,0.3608,8.876
80,12,in,0.4019,11,4,1,0.613178,10.4976,2.3661,8.876
80,12,in,0.4019,11,5,1,0.621597,25.2633,179.1575,8.876
80,12,in,0.4019,11,6,1,0.610615,24.4402,1.3635,8.876
80,12,in,0.4019,11,7,1,0.592740,23.0807,1.3635,8.876
80,13,out,0.3927,0,0,1,0.700754,0.0295,0.1149,5881.794
80,13,out,0.3927,0,1,1,0.592510,25.1575,179.3641,5881.794
80,13,out,0.3927,0,2,1,0.587911,35.9191,179.3641,5881.794
80,13,out,0.3927,0,3,1,0.587114,33.2355,179.6332,5881.794
80,13,out,0.3927,0,4,1,0.583467,27.8823,0.1149,5881.794
80,13,out,0.3927,0,5,1,0.581229,49.8391,0.1149,5881.794
80,13,out,0.3927,0,6,1,0.580801,47.0098,0.1149,5881.794
80,13,out,0.3927,0,7,1,0.580741,20.7009,179.3641,5881.794
80,13,out,0.3927,1,0,1,0.652362,0.0590,0.1315,5.654
80,13,out,0.3927,1,1,1,0.537076,25.2169,179.6105,5.654
80,13,out,0.3927,1,2,1,0.531794,36.2242,179.6105,5.654
80,13,out,0.3927,1,3,1,0.537852,33.6177,179.6105,5.654
80,13,out,0.3927,1,4,1,0.536574,27.9917,0.1315,5.654
80,13,out,0.3927,1,5,1,0.549924,49.8977,0.1315,5.654
80,13,out,0.3927,1,6,1,0.520693,47.0158,0.1315,5.654
80,13,out,0.3927,1,7,1,0.524615,20.3828,179.6105,5.654
80,13,out,0.3927,2,0,1,0.628611,0.0448,0.0395,5.775
80,13,out,0.3927,2,1,1,0.513044,24.8079,179.5185,5.775
80,13,out,0.3927,2,2,1,0.540155,36.3877,179.5185,5.775
80,13,out,0.3927,2,3,1,0.525819,33.9101,179.5185,5.775
80,13,out,0.3927,2,4,1,0.500125,27.7004,0.0395,5.775
80,13,out,0.3927,2,5,1,0.510185,49.8515,0.0395,5.775
80,13,out,0.3927,2,6,1,0.516701,47.0233,0.0395,5.775
80,13,out,0.3927,2,7,1,0.508011,19.8161,179.5185,5.775
80,13,out,0.3927,3,0,1,0.693093,0.0464,0.0740,5.006
80,13,out,0.3927,3,1,1,0.508982,24.7308,179.4050,5.006
80,13,out,0.3927,3,2,1,0.525796,36.6454,179.4050,5.006
80,13,out,0.3927,3,3,1,0.535298,34.3524,179.4050,5.006
80,13,out,0.3927,3,4,1,0.517369,27.9054,0.0740,5.006
80,13,out,0.3927,3,5,1,0.500905,49.8102,0.0740,5.006
80,13,out,0.3927,3,6,1,0.505697,47.1654,0.0740,5.006
80,13,out,0.3927,3,7,1,0.497957,19.5693,179.4050,5.006
80,13,out,0.3927,4,0,1,0.673791,0.0530,0.2629,4.926
80,13,out,0.3927,4,1,1,0.485457,24.7978,179.7419,4.926
80,13,out,0.3927,4,2,1,0.498112,37.0823,179.7419,4.926
80,13,out,0.3927,4,3,1,0.510479,34.8240,179.7419,4.926
80,13,out,0.3927,4,4,1,0.472301,27.9011,0.2629,4.926
80,13,out,0.3927,4,5,1,0.480733,49.9276,0.7398,4.926
80,13,out,0.3927,4,6,1,0.459188,46.9808,0.2629,4.926
80,13,out,0.3927,4,7,1,0.458390,19.1332,178.7392,4.926
80,13,out,0.3927,5,0,1,0.645049,0.0409,0.0411,5.735
80,13,out,0.3927,5,1,1,0.477047,24.8529,179.5594,5.735
80,13,out,0.3927,5,2,1,0.455521,37.6164,179.5594,5.735
80,13,out,0.3927,5,3,1,0.486219,35.3533,179.4379,5.735
80,13,out,0.3927,5,4,1,0.469863,27.9476,1.0438,5.735
80,13,out,0.3927,5,5,1,0.462671,49.8467,0.0411,5.735
80,13,out,0.3927,5,6,1,0.445778,47.0706,0.0411,5.735
80,13,out,0.3927,5,7,1,0.440675,18.9661,179.4379,5.735
80,13,out,0.3927,6,0,1,0.639201,0.0387,0.0575,4.183
80,13,out,0.3927,6,1,1,0.468385,25.1709,179.4215,4.183
80,13,out,0.3927,6,2,1,0.474904,37.5721,179.4215,4.183
80,13,out,0.3927,6,3,1,0.501977,35.4504,178.4189,4.183
80,13,out,0.3927,6,4,1,0.478092,27.7520,1.0602,4.183
80,13,out,0.3927,6,5,1,0.476565,49.7054,0.0575,4.183
80,13,out,0.3927,6,6,1,0.454186,46.9910,0.0575,4.183
80,13,out,0.3927,6,7,1,0.444443,18.9515,179.4215,4.183
80,13,out,0.3927,7,0,1,0.644162,0.0294,0.0082,5.730
80,13,out,0.3927,7,1,1,0.477601,24.4831,178.5074,5.730
80,13,out,0.3927,7,2,1,0.494931,37.2914,179.5101,5.730
80,13,out,0.3927,7,3,1,0.517907,35.1031,178.5074,5.730
80,13,out,0.3927,7,4,1,0.482114,27.9507,0.0082,5.730
80,13,out,0.3927,7,5,1,0.469889,49.9071,0.0082,5.730
80,13,out,0.3927,7,6,1,0.458960,47.0804,0.0082,5.730
80,13,out,0.3927,7,7,1,0.459435,18.3563,179.5101,5.730
80,13,out,0.3927,8,0,1,0.603637,0.0643,0.2880,5.907
80,13,out,0.3927,8,1,1,0.476296,24.0705,179.7670,5.907
80,13,out,0.3927,8,2,1,0.490519,37.1113,179.7670,5.907
80,13,out,0.3927,8,3,1,0.513855,35.0136,179.7670,5.907
80,13,out,0.3927,8,4,1,0.498125,27.9706,0.2880,5.907
80,13,out,0.3927,8,5,1,0.472496,49.8292,0.2880,5.907
80,13,out,0.3927,8,6,1,0.473494,47.0096,0.2880,5.907
80,13,out,0.3927,8,7,1,0.456889,17.8404,179.7670,5.907
80,13,out,0.3927,9,0,1,0.624227,0.0405,0.4517,5.353
80,13,out,0.3927,9,1,1,0.516008,23.5087,179.9308,5.353
80,13,out,0.3927,9,2,1,0.519890,36.7773,179.9308,5.353
80,13,out,0.3927,9,3,1,0.537580,34.7735,179.9308,5.353
80,13,out,0.3927,9,4,1,0.500111,28.0656,0.4517,5.353
80,13,out,0.3927,9,5,1,0.486744,49.8858,0.4517,5.353
80,13,out,0.3927,9,6,1,0.480374,47.0762,0.4517,5.353
80,13,out,0.3927,9,7,1,0.500244,17.0574,179.0665,5.353
80,13,out,0.3927,10,0,1,0.668152,0.0285,0.1275,5.903
80,13,out,0.3927,10,1,1,0.488575,22.7796,179.6066,5.903
80,13,out,0.3927,10,2,1,0.498514,36.5299,178.6039,5.903
80,13,out,0.3927,10,3,1,0.500452,34.6389,179.6066,5.903
80,13,out,0.3927,10,4,1,0.483574,27.8725,0.1275,5.903
80,13,out,0.3927,10,5,1,0.465774,50.0385,1.8778,5.903
80,13,out,0.3927,10,6,1,0.456005,47.0143,0.1275,5.903
80,13,out,0.3927,10,7,1,0.472772,16.7763,179.6066,5.903
80,13,out,0.3927,11,0,1,0.641777,0.0349,0.3285,5.362
80,13,out,0.3927,11,1,1,0.434569,22.3814,178.1479,5.362
80,13,out,0.3927,11,2,1,0.492580,36.1245,179.8468,5.362
80,13,out,0.3927,11,3,1,0.500690,34.3522,179.1506,5.362
80,13,out,0.3927,11,4,1,0.486421,27.8617,0.3285,5.362
80,13,out,0.3927,11,5,1,0.445260,50.2098,0.3285,5.362
80,13,out,0.3927,11,6,1,0.430138,47.2063,0.3285,5.362
80,13,out,0.3927,11,7,1,0.478818,16.1340,178.1479,5.362
80,14,out,0.4853,0,0,1,0.526848,0.0048,0.4097,12943.453
80,14,out,0.4853,0,1,1,0.500604,68.5441,179.9280,12943.453
80,14,out,0.4853,0,2,1,0.492225,56.0780,0.5930,12943.453
80,14,out,0.4853,0,3,1,0.491961,60.9055,179.9280,12943.453
80,14,out,0.4853,0,4,1,0.490932,43.2205,179.9280,12943.453
80,14,out,0.4853,0,5,1,0.490303,42.0002,0.5930,12943.453
80,14,out,0.4853,0,6,1,0.490160,48.9459,179.9280,12943.453
80,14,out,0.4853,0,7,1,0.489690,54.1990,179.9280,12943.453
80,14,out,0.4853,1,0,1,0.551987,0.0174,0.2486,5.238
80,14,out,0.4853,1,1,1,0.493863,69.1225,179.2304,5.238
80,14,out,0.4853,1,2,1,0.501380,56.2157,0.2486,5.238
80,14,out,0.4853,1,3,1,0.489649,61.5159,179.7669,5.238
80,14,out,0.4853,1,4,1,0.500785,44.0634,179.7669,5.238
80,14,out,0.4853,1,5,1,0.492732,41.9841,0.2486,5.238
80,14,out,0.4853,1,6,1,0.492272,49.3984,179.7669,5.238
80,14,out,0.4853,1,7,1,0.510833,54.5122,179.2304,5.238
80,14,out,0.4853,2,0,1,0.554157,0.0161,0.2452,4.747
80,14,out,0.4853,2,1,1,0.515150,69.7085,179.7242,4.747
80,14,out,0.4853,2,2,1,0.506709,56.4112,0.7575,4.747
80,14,out,0.4853,2,3,1,0.530407,62.1094,179.7242,4.747
80,14,out,0.4853,2,4,1,0.491197,44.8701,178.7215,4.747
80,14,out,0.4853,2,5,1,0.517494,41.9921,0.2452,4.747
80,14,out,0.4853,2,6,1,0.496386,49.8899,179.7242,4.747
80,14,out,0.4853,2,7,1,0.518006,54.8968,178.7215,4.747
80,14,out,0.4853,3,0,1,0.547215,0.0302,0.3972,5.523
80,14,out,0.4853,3,1,1,0.526030,70.3160,179.8762,5.523
80,14,out,0.4853,3,2,1,0.480855,56.4304,0.6055,5.523
80,14,out,0.4853,3,3,1,0.495847,62.7047,179.8762,5.523
80,14,out,0.4853,3,4,1,0.485563,45.2582,179.8762,5.523
80,14,out,0.4853,3,5,1,0.494055,41.9965,0.3972,5.523
80,14,out,0.4853,3,6,1,0.499824,50.2333,179.8762,5.523
80,14,out,0.4853,3,7,1,0.524374,55.6636,179.8762,5.523
80,14,out,0.4853,4,0,1,0.582355,0.0330,0.2655,5.251
80,14,out,0.4853,4,1,1,0.561047,70.8037,178.7418,5.251
80,14,out,0.4853,4,2,1,0.506507,56.2849,1.7399,5.251
80,14,out,0.4853,4,3,1,0.551629,63.3018,179.7445,5.251
80,14,out,0.4853,4,4,1,0.511118,46.1013,178.7418,5.251
80,14,out,0.4853,4,5,1,0.549767,42.0061,0.2655,5.251
80,14,out,0.4853,4,6,1,0.522192,50.8915,178.7418,5.251
80,14,out,0.4853,4,7,1,0.511825,56.1110,178.7418,5.251
80,14,out,0.4853,5,0,1,0.631595,0.0074,0.1003,5.245
80,14,out,0.4853,5,1,1,0.582838,71.4711,179.3788,5.245
80,14,out,0.4853,5,2,1,0.568997,56.1393,1.1029,5.245
80,14,out,0.4853,5,3,1,0.564713,63.8642,179.3788,5.245
80,14,out,0.4853,5,4,1,0.544931,46.4145,178.3761,5.245
80,14,out,0.4853,5,5,1,0.555624,41.9971,0.1003,5.245
80,14,out,0.4853,5,6,1,0.546451,51.2148,178.3761,5.245
80,14,out,0.4853,5,7,1,0.579030,56.6697,178.3761,5.245
80,14,out,0.4853,6,0,1,0.564244,0.0172,0.0489,4.450
80,14,out,0.4853,6,1,1,0.544388,72.0458,179.5280,4.450
80,14,out,0.4853,6,2,1,0.488191,56.0761,0.0489,4.450
80,14,out,0.4853,6,3,1,0.516474,64.4663,179.5280,4.450
80,14,out,0.4853,6,4,1,0.487185,46.7227,178.5253,4.450
80,14,out,0.4853,6,5,1,0.516031,41.9786,0.0489,4.450
80,14,out,0.4853,6,6,1,0.475158,51.6745,179.4693,4.450
80,14,out,0.4853,6,7,1,0.535012,56.9283,179.5280,4.450
80,14,out,0.4853,7,0,1,0.553701,0.0042,0.1702,4.906
80,14,out,0.4853,7,1,1,0.522948,72.6346,179.3089,4.906
80,14,out,0.4853,7,2,1,0.499520,55.9350,0.1702,4.906
80,14,out,0.4853,7,3,1,0.501159,65.0222,179.6885,4.906
80,14,out,0.4853,7,4,1,0.500114,47.2227,179.3089,4.906
80,14,out,0.4853,7,5,1,0.519256,41.9905,0.1702,4.906
80,14,out,0.4853,7,6,1,0.495138,52.4171,179.3089,4.906
80,14,out,0.4853,7,7,1,0.524792,57.4011,179.3089,4.906
80,14,out,0.4853,8,0,1,0.499490,0.0922,0.7263,5.460
80,14,out,0.4853,8,1,1,0.468668,73.1499,179.7554,5.460
80,14,out,0.4853,8,2,1,0.469953,56.0386,0.7263,5.460
80,14,out,0.4853,8,3,1,0.462525,65.4872,179.7554,5.460
80,14,out,0.4853,8,4,1,0.471285,47.6491,179.7554,5.460
80,14,out,0.4853,8,5,1,0.459462,41.9965,0.7263,5.460
80,14,out,0.4853,8,6,1,0.455849,52.7892,179.7554,5.460
80,14,out,0.4853,8,7,1,0.476205,58.1371,179.7554,5.460
80,14,out,0.4853,9,0,1,0.536804,0.0196,0.0678,4.903
80,14,out,0.4853,9,1,1,0.510841,73.8457,179.5468,4.903
80,14,out,0.4853,9,2,1,0.493332,56.0233,0.0678,4.903
80,14,out,0.4853,9,3,1,0.480982,66.1318,179.4505,4.903
80,14,out,0.4853,9,4,1,0.495718,48.4334,179.5468,4.903
80,14,out,0.4853,9,5,1,0.500403,41.9831,0.0678,4.903
80,14,out,0.4853,9,6,1,0.489865,53.3220,179.5468,4.903
80,14,out,0.4853,9,7,1,0.508767,58.5441,179.5468,4.903
80,14,out,0.4853,10,0,1,0.522882,0.0255,0.3104,6.227
80,14,out,0.4853,10,1,1,0.482476,74.4275,179.8287,6.227
80,14,out,0.4853,10,2,1,0.431854,56.1253,0.3104,6.227
80,14,out,0.4853,10,3,1,0.475765,66.6290,179.8287,6.227
80,14,out,0.4853,10,4,1,0.434466,48.7496,177.8233,6.227
80,14,out,0.4853,10,5,1,0.493335,41.9866,0.3104,6.227
80,14,out,0.4853,10,6,1,0.411211,53.9222,179.8287,6.227
80,14,out,0.4853,10,7,1,0.452422,59.2009,176.8206,6.227
80,14,out,0.4853,11,0,1,0.530716,0.0268,0.3822,4.879
80,14,out,0.4853,11,1,1,0.495129,75.0231,179.9005,4.879
80,14,out,0.4853,11,2,1,0.432074,56.1777,0.3822,4.879
80,14,out,0.4853,11,3,1,0.488055,67.1696,179.9005,4.879
80,14,out,0.4853,11,4,1,0.440283,49.3438,179.9005,4.879
80,14,out,0.4853,11,5,1,0.489003,41.9883,0.3822,4.879
80,14,out,0.4853,11,6,1,0.421834,54.7017,179.9005,4.879
80,14,out,0.4853,11,7,1,0.452457,59.9023,179.9005,4.879
80,15,out,0.1841,0,0,1,0.809662,0.0403,0.2165,3808.508
80,15,out,0.1841,0,1,1,0.746121,11.9827,179.6956,3808.508
80,15,out,0.1841,0,2,1,0.740894,38.0919,179.6956,3808.508
80,15,out,0.1841,0,3,1,0.735044,9.4362,179.6956,3808.508
80,15,out,0.1841,0,4,1,0.734226,28.5938,0.2165,3808.508
80,15,out,0.1841,0,5,1,0.734075,12.1782,0.2165,3808.508
80,15,out,0.1841,0,6,1,0.733655,35.5319,179.6956,3808.508
80,15,out,0.1841,0,7,1,0.733010,39.4397,179.6956,3808.508
80,15,out,0.1841,1,0,1,0.820493,0.0387,0.0155,6.714
80,15,out,0.1841,1,1,1,0.723070,11.9735,179.5338,6.714
80,15,out,0.1841,1,2,1,0.743126,38.4911,179.5338,6.714
80,15,out,0.1841,1,3,1,0.737334,9.8551,179.5338,6.714
80,15,out,0.1841,1,4,1,0.725356,28.5921,0.0155,6.714
80,15,out,0.1841,1,5,1,0.699525,12.1273,0.0155,6.714
80,15,out,0.1841,1,6,1,0.745145,35.9724,179.5338,6.714
80,15,out,0.1841,1,7,1,0.723053,39.6811,179.5338,6.714
80,15,out,0.1841,2,0,1,0.776501,0.0346,0.2397,8.336
80,15,out,0.1841,2,1,1,0.716744,12.1617,179.7580,8.336
80,15,out,0.1841,2,2,1,0.707656,38.5307,179.7580,8.336
80,15,out,0.1841,2,3,1,0.721296,10.2740,179.7580,8.336
80,15,out,0.1841,2,4,1,0.715581,28.5961,0.2397,8.336
80,15,out,0.1841,2,5,1,0.677303,12.1481,0.2397,8.336
80,15,out,0.1841,2,6,1,0.732426,36.6292,179.7580,8.336
80,15,out,0.1841,2,7,1,0.703156,40.2069,179.7580,8.336
80,15,out,0.1841,3,0,1,0.856241,0.0354,0.2818,4.497
80,15,out,0.1841,3,1,1,0.783514,12.6097,179.7608,4.497
80,15,out,0.1841,3,2,1,0.792091,39.2021,179.7608,4.497
80,15,out,0.1841,3,3,1,0.793454,10.8338,179.7608,4.497
80,15,out,0.1841,3,4,1,0.808653,28.4856,0.2818,4.497
80,15,out,0.1841,3,5,1,0.780628,12.2031,0.2818,4.497
80,15,out,0.1841,3,6,1,0.790289,37.1631,179.7608,4.497
80,15,out,0.1841,3,7,1,0.789721,40.5396,179.7608,4.497
80,15,out,0.1841,4,0,1,0.839614,0.0455,0.0885,14.133
80,15,out,0.1841,4,1,1,0.763407,12.7829,179.5675,14.133
80,15,out,0.1841,4,2,1,0.765923,39.7042,179.5675,14.133
80,15,out,0.1841,4,3,1,0.762688,11.4518,179.5675,14.133
80,15,out,0.1841,4,4,1,0.759565,28.5379,0.0885,14.133
80,15,out,0.1841,4,5,1,0.744499,12.1369,0.0885,14.133
80,15,out,0.1841,4,6,1,0.765695,37.7462,179.5675,14.133
80,15,out,0.1841,4,7,1,0.765041,40.8033,179.5675,14.133
80,15,out,0.1841,5,0,1,0.813274,0.0406,0.2059,6.444
80,15,out,0.1841,5,1,1,0.731764,13.2974,179.6849,6.444
80,15,out,0.1841,5,2,1,0.746504,40.1510,179.6849,6.444
80,15,out,0.1841,5,3,1,0.734579,11.8743,179.6849,6.444
80,15,out,0.1841,5,4,1,0.748888,28.5908,0.2059,6.444
80,15,out,0.1841,5,5,1,0.727930,12.1599,0.2059,6.444
80,15,out,0.1841,5,6,1,0.739885,38.2876,179.6849,6.444
80,15,out,0.1841,5,7,1,0.740030,41.5290,179.6849,6.444
80,15,out,0.1841,6,0,1,0.800579,0.0258,0.1095,15.441
80,15,out,0.1841,6,1,1,0.741098,13.3676,179.6278,15.441
80,15,out,0.1841,6,2,1,0.725937,40.6096,179.6278,15.441
80,15,out,0.1841,6,3,1,0.714336,12.5580,179.6278,15.441
80,15,out,0.1841,6,4,1,0.734651,28.6052,0.1095,15.441
80,15,out,0.1841,6,5,1,0.698405,12.1397,0.8931,15.441
80,15,out,0.1841,6,6,1,0.721548,38.7924,179.6278,15.441
80,15,out,0.1841,6,7,1,0.720148,42.1896,179.6278,15.441
80,15,out,0.1841,7,0,1,0.823203,0.0180,0.0256,5.122
80,15,out,0.1841,7,1,1,0.727828,13.1810,179.4927,5.122
80,15,out,0.1841,7,2,1,0.748480,40.3598,179.5046,5.122
80,15,out,0.1841,7,3,1,0.756208,12.4062,179.4927,5.122
80,15,out,0.1841,7,4,1,0.740307,28.6650,0.0256,5.122
80,15,out,0.1841,7,5,1,0.724775,12.1476,0.0256,5.122
80,15,out,0.1841,7,6,1,0.738317,38.7430,179.4927,5.122
80,15,out,0.1841,7,7,1,0.745697,42.0406,179.4927,5.122
80,15,out,0.1841,8,0,1,0.816891,0.0130,0.1425,3.411
80,15,out,0.1841,8,1,1,0.737855,12.9394,179.6216,3.411
80,15,out,0.1841,8,2,1,0.745889,39.9467,179.6216,3.411
80,15,out,0.1841,8,3,1,0.738525,11.8643,179.3757,3.411
80,15,out,0.1841,8,4,1,0.746189,28.6120,0.1425,3.411
80,15,out,0.1841,8,5,1,0.730286,12.1081,0.1425,3.411
80,15,out,0.1841,8,6,1,0.740785,38.2901,179.6216,3.411
80,15,out,0.1841,8,7,1,0.743064,41.5176,179.6216,3.411
80,15,out,0.1841,9,0,1,0.810836,0.0213,0.2591,6.982
80,15,out,0.1841,9,1,1,0.746913,12.2400,179.7774,6.982
80,15,out,0.1841,9,2,1,0.744098,39.3774,179.7774,6.982
80,15,out,0.1841,9,3,1,0.744715,11.3321,179.7774,6.982
80,15,out,0.1841,9,4,1,0.742987,28.6033,0.2591,6.982
80,15,out,0.1841,9,5,1,0.709957,12.1321,0.2591,6.982
80,15,out,0.1841,9,6,1,0.748961,37.6741,179.7774,6.982
80,15,out,0.1841,9,7,1,0.738392,40.7117,179.7774,6.982
80,15,out,0.1841,10,0,1,0.850330,0.0142,0.0500,4.566
80,15,out,0.1841,10,1,1,0.755152,12.0976,179.5683,4.566
80,15,out,0.1841,10,2,1,0.746783,38.6792,179.4291,4.566
80,15,out,0.1841,10,3,1,0.769390,10.7695,179.5683,4.566
80,15,out,0.1841,10,4,1,0.775005,28.6151,0.0500,4.566
80,15,out,0.1841,10,5,1,0.746894,12.1514,0.0500,4.566
80,15,out,0.1841,10,6,1,0.745689,37.0634,179.5683,4.566
80,15,out,0.1841,10,7,1,0.750097,39.9191,179.5683,4.566
80,15,out,0.1841,11,0,1,0.770220,0.0273,0.1363,3.597
80,15,out,0.1841,11,1,1,0.714376,11.8099,179.6153,3.597
80,15,out,0.1841,11,2,1,0.735233,38.3677,179.6153,3.597
80,15,out,0.1841,11,3,1,0.738743,10.2895,179.6153,3.597
80,15,out,0.1841,11,4,1,0.732200,28.7109,0.1363,3.597
80,15,out,0.1841,11,5,1,0.704633,12.0929,0.1363,3.597
80,15,out,0.1841,11,6,1,0.739352,36.4513,179.6153,3.597
80,15,out,0.1841,11,7,1,0.744871,39.5560,179.6153,3.597
80,16,in,0.1529,0,0,1,0.840038,0.0572,0.0195,3925.584
80,16,in,0.1529,0,1,1,0.795382,19.8212,0.0195,3925.584
80,16,in,0.1529,0,2,1,0.787081,19.0135,0.0195,3925.584
80,16,in,0.1529,0,3,1,0.785731,14.9456,0.0195,3925.584
80,16,in,0.1529,0,4,1,0.785133,17.9524,0.0195,3925.584
80,16,in,0.1529,0,5,1,0.784562,25.6935,0.0195,3925.584
80,16,in,0.1529,0,6,1,0.783742,12.1965,179.4595,3925.584
80,16,in,0.1529,0,7,1,0.782599,32.6258,179.5378,3925.584
80,16,in,0.1529,1,0,1,0.807869,0.0884,0.1176,3.183
80,16,in,0.1529,1,1,1,0.762487,19.8157,0.1176,3.183
80,16,in,0.1529,1,2,1,0.746481,19.0448,0.1176,3.183
80,16,in,0.1529,1,3,1,0.759988,15.1227,0.1176,3.183
80,16,in,0.1529,1,4,1,0.748314,17.9495,0.1176,3.183
80,16,in,0.1529,1,5,1,0.741015,25.6141,0.1176,3.183
80,16,in,0.1529,1,6,1,0.763788,11.5970,179.4007,3.183
80,16,in,0.1529,1,7,1,0.758340,32.9904,179.4007,3.183
80,16,in,0.1529,2,0,1,0.834547,0.0558,0.2542,3.478
80,16,in,0.1529,2,1,1,0.774860,19.8316,0.2542,3.478
80,16,in,0.1529,2,2,1,0.776305,18.9860,0.7485,3.478
80,16,in,0.1529,2,3,1,0.778400,15.0782,0.2542,3.478
80,16,in,0.1529,2,4,1,0.786095,17.9468,0.2542,3.478
80,16,in,0.1529,2,5,1,0.767527,25.7098,0.2542,3.478
80,16,in,0.1529,2,6,1,0.769617,10.9209,179.7332,3.478
80,16,in,0.1529,2,7,1,0.775879,33.3781,179.7332,3.478
80,16,in,0.1529,3,0,1,0.799765,0.0571,0.0958,12.432
80,16,in,0.1529,3,1,1,0.754376,19.8340,0.0958,12.432
80,16,in,0.1529,3,2,1,0.751108,19.0481,0.0958,12.432
80,16,in,0.1529,3,3,1,0.743990,15.0188,0.0958,12.432
80,16,in,0.1529,3,4,1,0.752403,17.9458,0.0958,12.432
80,16,in,0.1529,3,5,1,0.737014,25.6420,0.0958,12.432
80,16,in,0.1529,3,6,1,0.746391,10.3973,179.3832,12.432
80,16,in,0.1529,3,7,1,0.743880,33.8471,179.6141,12.432
80,16,in,0.1529,4,0,1,0.815851,0.0411,0.1475,7.936
80,16,in,0.1529,4,1,1,0.752536,19.8175,0.1475,7.936
80,16,in,0.1529,4,2,1,0.746132,19.0610,0.1475,7.936
80,16,in,0.1529,4,3,1,0.752440,15.0886,0.1475,7.936
80,16,in,0.1529,4,4,1,0.753790,17.9689,0.1475,7.936
80,16,in,0.1529,4,5,1,0.749049,25.7694,0.1475,7.936
80,16,in,0.1529,4,6,1,0.766151,9.7609,179.6266,7.936
80,16,in,0.1529,4,7,1,0.760791,34.1675,179.6266,7.936
80,16,in,0.1529,5,0,1,0.845741,0.0573,0.1786,9.232
80,16,in,0.1529,5,1,1,0.781105,19.8254,0.1786,9.232
80,16,in,0.1529,5,2,1,0.773266,19.0763,0.1786,9.232
80,16,in,0.1529,5,3,1,0.769109,15.1299,0.1786,9.232
80,16,in,0.1529,5,4,1,0.778131,17.9573,0.1786,9.232
80,16,in,0.1529,5,5,1,0.766705,25.7703,0.1786,9.232
80,16,in,0.1529,5,6,1,0.768350,9.1765,179.6576,9.232
80,16,in,0.1529,5,7,1,0.771385,34.5565,179.6576,9.232
80,16,in,0.1529,6,0,1,0.864170,0.0584,0.0289,2.734
80,16,in,0.1529,6,1,1,0.801634,19.8246,0.0289,2.734
80,16,in,0.1529,6,2,1,0.801235,19.0080,0.0289,2.734
80,16,in,0.1529,6,3,1,0.800671,15.1894,0.0289,2.734
80,16,in,0.1529,6,4,1,0.806098,17.9503,0.0289,2.734
80,16,in,0.1529,6,5,1,0.783311,25.7685,0.0289,2.734
80,16,in,0.1529,6,6,1,0.790636,9.0621,179.4894,2.734
80,16,in,0.1529,6,7,1,0.792064,34.5570,179.4894,2.734
80,16,in,0.1529,7,0,1,0.862440,0.0589,0.7195,12.487
80,16,in,0.1529,7,1,1,0.821243,19.8286,0.7195,12.487
80,16,in,0.1529,7,2,1,0.800256,19.0082,0.7195,12.487
80,16,in,0.1529,7,3,1,0.804787,15.1916,0.7195,12.487
80,16,in,0.1529,7,4,1,0.805705,17.9552,0.7195,12.487
80,16,in,0.1529,7,5,1,0.796206,25.8453,0.7195,12.487
80,16,in,0.1529,7,6,1,0.816567,9.1149,179.8015,12.487
80,16,in,0.1529,7,7,1,0.797166,34.5586,179.8015,12.487
80,16,in,0.1529,8,0,1,0.832839,0.0619,0.0526,13.226
80,16,in,0.1529,8,1,1,0.763797,19.8248,0.0526,13.226
80,16,in,0.1529,8,2,1,0.746588,18.9393,0.0526,13.226
80,16,in,0.1529,8,3,1,0.760335,15.0015,0.0526,13.226
80,16,in,0.1529,8,4,1,0.757225,17.9455,0.0526,13.226
80,16,in,0.1529,8,5,1,0.770916,25.6247,0.0526,13.226
80,16,in,0.1529,8,6,1,0.758512,9.1787,179.5316,13.226
80,16,in,0.1529,8,7,1,0.763145,34.5590,179.5316,13.226
80,16,in,0.1529,9,0,1,0.800210,0.0408,0.1871,7.696
80,16,in,0.1529,9,1,1,0.733745,19.8304,0.1871,7.696
80,16,in,0.1529,9,2,1,0.734432,19.0048,0.1871,7.696
80,16,in,0.1529,9,3,1,0.731261,15.2669,0.1871,7.696
80,16,in,0.1529,9,4,1,0.745967,17.9432,0.1871,7.696
80,16,in,0.1529,9,5,1,0.723761,25.7045,0.1871,7.696
80,16,in,0.1529,9,6,1,0.728162,9.9082,179.6661,7.696
80,16,in,0.1529,9,7,1,0.725375,33.9404,179.6661,7.696
80,16,in,0.1529,10,0,1,0.848382,0.0658,0.2696,2.791
80,16,in,0.1529,10,1,1,0.785550,19.8239,0.2696,2.791
80,16,in,0.1529,10,2,1,0.787233,19.0006,0.2696,2.791
80,16,in,0.1529,10,3,1,0.774588,15.2416,0.7330,2.791
80,16,in,0.1529,10,4,1,0.792264,17.9523,0.2696,2.791
80,16,in,0.1529,10,5,1,0.772639,25.6216,0.7330,2.791
80,16,in,0.1529,10,6,1,0.795449,10.3714,179.7879,2.791
80,16,in,0.1529,10,7,1,0.793512,33.6159,179.7879,2.791
80,16,in,0.1529,11,0,1,0.844216,0.0554,0.1880,7.588
80,16,in,0.1529,11,1,1,0.799297,19.8219,0.1880,7.588
80,16,in,0.1529,11,2,1,0.796855,19.0109,0.1880,7.588
80,16,in,0.1529,11,3,1,0.787726,15.0643,0.1880,7.588
80,16,in,0.1529,11,4,1,0.794637,17.9598,0.1880,7.588
80,16,in,0.1529,11,5,1,0.790857,25.5523,0.1880,7.588
80,16,in,0.1529,11,6,1,0.795723,10.9124,179.7063,7.588
80,16,in,0.1529,11,7,1,0.805102,33.1246,179.7063,7.588
80,17,out,0.6613,0,0,1,0.421510,0.0450,0.1069,14070.308
80,17,out,0.6613,0,1,1,0.415793,35.1319,178.5833,14070.308
80,17,out,0.6613,0,2,1,0.413889,48.4557,3.9038,14070.308
80,17,out,0.6613,0,3,1,0.412455,37.3413,0.8958,14070.308
80,17,out,0.6613,0,4,1,0.411781,27.5176,0.8958,14070.308
80,17,out,0.6613,0,5,1,0.407312,23.2683,1.8984,14070.308
80,17,out,0.6613,0,6,1,0.406069,19.5994,178.5833,14070.308
80,17,out,0.6613,0,7,1,0.405535,26.0811,0.8958,14070.308
80,17,out,0.6613,1,0,1,0.391217,0.0448,0.3528,14.622
80,17,out,0.6613,1,1,1,0.403635,34.3405,179.8711,14.622
80,17,out,0.6613,1,2,1,0.412308,48.7390,0.6499,14.622
80,17,out,0.6613,1,3,1,0.421903,37.4674,0.6499,14.622
80,17,out,0.6613,1,4,1,0.387245,27.7153,0.6499,14.622
80,17,out,0.6613,1,5,1,0.417204,23.5650,1.6526,14.622
80,17,out,0.6613,1,6,1,0.400049,19.2777,178.8684,14.622
80,17,out,0.6613,1,7,1,0.397402,25.9489,1.6526,14.622
80,17,out,0.6613,2,0,1,0.367711,0.0421,0.4954,27.265
80,17,out,0.6613,2,1,1,0.369593,33.6103,179.9744,27.265
80,17,out,0.6613,2,2,1,0.387593,48.5408,0.5073,27.265
80,17,out,0.6613,2,3,1,0.386994,37.5623,0.4954,27.265
80,17,out,0.6613,2,4,1,0.384316,27.5192,0.5073,27.265
80,17,out,0.6613,2,5,1,0.395917,23.4373,0.4954,27.265
80,17,out,0.6613,2,6,1,0.375940,18.8748,179.9744,27.265
80,17,out,0.6613,2,7,1,0.367866,26.0015,0.4954,27.265
80,17,out,0.6613,3,0,1,0.408690,0.0250,0.1322,20.531
80,17,out,0.6613,3,1,1,0.391578,33.0685,176.6032,20.531
80,17,out,0.6613,3,2,1,0.400048,48.2620,0.8704,20.531
80,17,out,0.6613,3,3,1,0.407040,37.7892,2.8758,20.531
80,17,out,0.6613,3,4,1,0.398072,27.8535,2.8758,20.531
80,17,out,0.6613,3,5,1,0.410643,23.1904,2.8758,20.531
80,17,out,0.6613,3,6,1,0.395972,17.9800,177.6059,20.531
80,17,out,0.6613,3,7,1,0.395553,26.0016,4.8811,20.531
80,17,out,0.6613,4,0,1,0.385297,0.0254,0.2877,18.136
80,17,out,0.6613,4,1,1,0.385603,32.2833,179.1914,18.136
80,17,out,0.6613,4,2,1,0.385740,47.9675,1.7177,18.136
80,17,out,0.6613,4,3,1,0.392223,37.6093,1.2903,18.136
80,17,out,0.6613,4,4,1,0.391350,27.8197,1.2903,18.136
80,17,out,0.6613,4,5,1,0.399558,22.8594,2.2930,18.136
80,17,out,0.6613,4,6,1,0.389817,17.6359,178.1887,18.136
80,17,out,0.6613,4,7,1,0.391172,26.0587,1.2903,18.136
80,17,out,0.6613,5,0,1,0.384136,0.0610,0.3396,25.304
80,17,out,0.6613,5,1,1,0.377770,31.9644,179.1395,25.304
80,17,out,0.6613,5,2,1,0.367812,48.0452,1.3422,25.304
80,17,out,0.6613,5,3,1,0.375134,37.2906,1.3422,25.304
80,17,out,0.6613,5,4,1,0.395730,27.6318,0.3396,25.304
80,17,out,0.6613,5,5,1,0.402180,23.1637,1.3422,25.304
80,17,out,0.6613,5,6,1,0.384447,16.7968,179.8579,25.304
80,17,out,0.6613,5,7,1,0.375073,26.0459,0.3396,25.304
80,17,out,0.6613,6,0,1,0.432219,0.0704,0.0214,11.979
80,17,out,0.6613,6,1,1,0.408119,31.4770,178.4977,11.979
80,17,out,0.6613,6,2,1,0.382018,48.2570,0.0214,11.979
80,17,out,0.6613,6,3,1,0.400550,37.1183,0.9813,11.979
80,17,out,0.6613,6,4,1,0.386242,27.6216,0.9813,11.979
80,17,out,0.6613,6,5,1,0.375801,23.4430,1.9840,11.979
80,17,out,0.6613,6,6,1,0.391758,16.2893,179.4969,11.979
80,17,out,0.6613,6,7,1,0.393625,25.9244,0.0214,11.979
80,17,out,0.6613,7,0,1,0.524619,0.0736,0.7006,16.016
80,17,out,0.6613,7,1,1,0.433472,31.1578,179.7811,16.016
80,17,out,0.6613,7,2,1,0.463474,48.5573,0.7006,16.016
80,17,out,0.6613,7,3,1,0.481135,37.3860,0.7006,16.016
80,17,out,0.6613,7,4,1,0.462990,27.3552,0.7006,16.016
80,17,out,0.6613,7,5,1,0.470359,23.3794,0.7006,16.016
80,17,out,0.6613,7,6,1,0.445591,15.9669,179.7811,16.016
80,17,out,0.6613,7,7,1,0.475581,25.9696,0.7006,16.016
80,17,out,0.6613,8,0,1,0.426652,0.0245,0.9997,21.521
80,17,out,0.6613,8,1,1,0.374151,30.7841,179.5213,21.521
80,17,out,0.6613,8,2,1,0.364626,48.8587,0.0030,21.521
80,17,out,0.6613,8,3,1,0.390187,37.4725,0.9997,21.521
80,17,out,0.6613,8,4,1,0.374323,27.0672,3.0050,21.521
80,17,out,0.6613,8,5,1,0.382805,23.5774,2.0023,21.521
80,17,out,0.6613,8,6,1,0.374662,15.0991,179.5213,21.521
80,17,out,0.6613,8,7,1,0.386782,26.0022,0.9997,21.521
80,17,out,0.6613,9,0,1,0.424591,0.0330,0.2096,20.074
80,17,out,0.6613,9,1,1,0.403145,30.1117,179.6886,20.074
80,17,out,0.6613,9,2,1,0.393717,48.5425,0.7931,20.074
80,17,out,0.6613,9,3,1,0.455852,37.6039,0.7931,20.074
80,17,out,0.6613,9,4,1,0.427884,26.7324,0.7931,20.074
80,17,out,0.6613,9,5,1,0.456052,23.2460,0.7931,20.074
80,17,out,0.6613,9,6,1,0.411537,14.2744,179.6886,20.074
80,17,out,0.6613,9,7,1,0.432034,26.0218,0.7931,20.074
80,17,out,0.6613,10,0,1,0.420852,0.0195,0.4404,10.443
80,17,out,0.6613,10,1,1,0.367335,29.3950,178.9561,10.443
80,17,out,0.6613,10,2,1,0.365834,48.8695,1.5649,10.443
80,17,out,0.6613,10,3,1,0.408380,37.4811,0.4404,10.443
80,17,out,0.6613,10,4,1,0.383159,27.0642,0.5622,10.443
80,17,out,0.6613,10,5,1,0.424049,23.4819,0.5622,10.443
80,17,out,0.6613,10,6,1,0.391950,13.4036,179.9587,10.443
80,17,out,0.6613,10,7,1,0.410458,25.9324,0.4404,10.443
80,17,out,0.6613,11,0,1,0.419926,0.0164,0.7041,26.734
80,17,out,0.6613,11,1,1,0.401344,28.7176,179.8168,26.734
80,17,out,0.6613,11,2,1,0.388733,48.6660,0.2986,26.734
80,17,out,0.6613,11,3,1,0.402785,37.2220,0.2986,26.734
80,17,out,0.6613,11,4,1,0.398666,27.3553,0.2986,26.734
80,17,out,0.6613,11,5,1,0.379463,23.4804,0.7041,26.734
80,17,out,0.6613,11,6,1,0.396788,13.1497,179.1805,26.734
80,17,out,0.6613,11,7,1,0.358558,25.9352,0.2986,26.734
80,18,out,0.6692,0,0,1,0.409124,56.4963,0.3090,19025.874
80,18,out,0.6692,0,1,1,0.407419,59.2668,179.8273,19025.874
80,18,out,0.6692,0,2,1,0.406193,49.7834,179.8273,19025.874
80,18,out,0.6692,0,3,1,0.405899,35.2452,179.8273,19025.874
80,18,out,0.6692,0,4,1,0.404721,29.9764,179.8273,19025.874
80,18,out,0.6692,0,5,1,0.400793,43.3161,5.3223,19025.874
80,18,out,0.6692,0,6,1,0.400567,45.9020,179.8273,19025.874
80,18,out,0.6692,0,7,1,0.400508,45.1696,0.3090,19025.874
80,18,out,0.6692,1,0,1,0.411038,56.6428,1.9559,8.762
80,18,out,0.6692,1,1,1,0.401880,59.9185,178.5651,8.762
80,18,out,0.6692,1,2,1,0.405583,50.2638,179.4295,8.762
80,18,out,0.6692,1,3,1,0.393474,35.9034,178.4269,8.762
80,18,out,0.6692,1,4,1,0.408352,30.1918,179.4295,8.762
80,18,out,0.6692,1,5,1,0.431118,43.3093,0.0495,8.762
80,18,out,0.6692,1,6,1,0.403779,46.5584,178.4269,8.762
80,18,out,0.6692,1,7,1,0.430029,45.1781,0.0495,8.762
80,18,out,0.6692,2,0,1,0.344803,56.4503,3.9509,13.653
80,18,out,0.6692,2,1,1,0.326604,60.3419,179.5388,13.653
80,18,out,0.6692,2,2,1,0.331289,50.4878,175.5281,13.653
80,18,out,0.6692,2,3,1,0.341701,36.6508,179.5388,13.653
80,18,out,0.6692,2,4,1,0.345476,30.9530,179.5388,13.653
80,18,out,0.6692,2,5,1,0.358971,43.5534,1.9456,13.653
80,18,out,0.6692,2,6,1,0.349134,47.1939,175.5281,13.653
80,18,out,0.6692,2,7,1,0.342756,45.0981,0.9429,13.653
80,18,out,0.6692,3,0,1,0.403701,56.3495,1.2600,9.155
80,18,out,0.6692,3,1,1,0.362819,61.0848,179.2217,9.155
80,18,out,0.6692,3,2,1,0.385187,50.9663,178.2190,9.155
80,18,out,0.6692,3,3,1,0.389608,37.3790,179.2217,9.155
80,18,out,0.6692,3,4,1,0.387502,31.6989,179.2217,9.155
80,18,out,0.6692,3,5,1,0.400775,43.3131,1.2600,9.155
80,18,out,0.6692,3,6,1,0.373005,47.7239,179.2217,9.155
80,18,out,0.6692,3,7,1,0.388812,45.2586,1.2600,9.155
80,18,out,0.6692,4,0,1,0.454481,56.1287,0.7760,8.872
80,18,out,0.6692,4,1,1,0.426551,61.4982,179.7057,8.872
80,18,out,0.6692,4,2,1,0.445582,51.7789,179.7057,8.872
80,18,out,0.6692,4,3,1,0.434807,37.7051,179.7057,8.872
80,18,out,0.6692,4,4,1,0.428550,32.2365,179.7057,8.872
80,18,out,0.6692,4,5,1,0.446834,43.0275,0.7760,8.872
80,18,out,0.6692,4,6,1,0.447795,48.2932,179.7057,8.872
80,18,out,0.6692,4,7,1,0.442238,44.9882,0.7760,8.872
80,18,out,0.6692,5,0,1,0.407959,56.0541,0.0973,13.383
80,18,out,0.6692,5,1,1,0.410409,62.2662,179.6156,13.383
80,18,out,0.6692,5,2,1,0.393912,52.1569,179.3817,13.383
80,18,out,0.6692,5,3,1,0.424034,38.3686,179.3817,13.383
80,18,out,0.6692,5,4,1,0.397215,32.6782,179.6156,13.383
80,18,out,0.6692,5,5,1,0.404516,43.3321,1.1000,13.383
80,18,out,0.6692,5,6,1,0.394284,48.7548,179.3817,13.383
80,18,out,0.6692,5,7,1,0.399575,45.2769,0.0973,13.383
80,18,out,0.6692,6,0,1,0.465338,56.1474,1.2099,8.772
80,18,out,0.6692,6,1,1,0.463599,63.0373,179.2718,8.772
80,18,out,0.6692,6,2,1,0.458597,52.4382,179.2718,8.772
80,18,out,0.6692,6,3,1,0.479665,38.7290,179.2718,8.772
80,18,out,0.6692,6,4,1,0.463472,33.3985,179.2718,8.772
80,18,out,0.6692,6,5,1,0.470903,43.0723,1.2099,8.772
80,18,out,0.6692,6,6,1,0.458698,49.5174,179.2718,8.772
80,18,out,0.6692,6,7,1,0.471809,45.3518,0.2072,8.772
80,18,out,0.6692,7,0,1,0.444710,56.1189,0.4632,8.063
80,18,out,0.6692,7,1,1,0.453288,63.7689,179.9422,8.063
80,18,out,0.6692,7,2,1,0.449023,52.7578,179.9422,8.063
80,18,out,0.6692,7,3,1,0.435379,39.0650,178.9395,8.063
80,18,out,0.6692,7,4,1,0.412881,33.9894,179.0551,8.063
80,18,out,0.6692,7,5,1,0.437501,42.9336,0.4632,8.063
80,18,out,0.6692,7,6,1,0.409847,50.0835,177.0498,8.063
80,18,out,0.6692,7,7,1,0.431186,45.5047,1.5422,8.063
80,18,out,0.6692,8,0,1,0.396394,56.1471,2.1978,13.638
80,18,out,0.6692,8,1,1,0.400904,64.4980,179.2866,13.638
80,18,out,0.6692,8,2,1,0.388121,53.3533,177.2812,13.638
80,18,out,0.6692,8,3,1,0.392768,39.4072,179.2866,13.638
80,18,out,0.6692,8,4,1,0.397550,34.5112,179.2866,13.638
80,18,out,0.6692,8,5,1,0.407769,42.7073,0.1924,13.638
80,18,out,0.6692,8,6,1,0.381195,50.8498,179.2866,13.638
80,18,out,0.6692,8,7,1,0.403182,45.5254,2.1978,13.638
80,18,out,0.6692,9,0,1,0.414899,56.0949,0.1813,13.732
80,18,out,0.6692,9,1,1,0.388345,65.0979,179.6996,13.732
80,18,out,0.6692,9,2,1,0.393679,54.2324,179.6996,13.732
80,18,out,0.6692,9,3,1,0.397266,39.7503,178.6969,13.732
80,18,out,0.6692,9,4,1,0.404834,35.3237,179.6996,13.732
80,18,out,0.6692,9,5,1,0.430788,42.7060,0.1813,13.732
80,18,out,0.6692,9,6,1,0.391734,51.5276,179.6996,13.732
80,18,out,0.6692,9,7,1,0.396047,45.3717,2.1866,13.732
80,18,out,0.6692,10,0,1,0.332326,56.1029,0.1028,10.420
80,18,out,0.6692,10,1,1,0.335337,65.8499,179.6211,10.420
80,18,out,0.6692,10,2,1,0.336076,55.0590,179.6211,10.420
80,18,out,0.6692,10,3,1,0.354015,40.3346,174.6077,10.420
80,18,out,0.6692,10,4,1,0.337251,35.9156,179.6211,10.420
80,18,out,0.6692,10,5,1,0.331655,42.4635,0.1028,10.420
80,18,out,0.6692,10,6,1,0.348565,51.9708,179.3762,10.420
80,18,out,0.6692,10,7,1,0.343686,45.6028,0.1028,10.420
80,18,out,0.6692,11,0,1,0.431231,56.2531,0.1061,14.951
80,18,out,0.6692,11,1,1,0.406614,66.2796,179.6244,14.951
80,18,out,0.6692,11,2,1,0.417364,55.3962,179.6244,14.951
80,18,out,0.6692,11,3,1,0.437685,41.0984,179.6244,14.951
80,18,out,0.6692,11,4,1,0.423329,36.3722,179.6244,14.951
80,18,out,0.6692,11,5,1,0.426804,42.7110,0.1061,14.951
80,18,out,0.6692,11,6,1,0.406354,52.4240,179.6244,14.951
80,18,out,0.6692,11,7,1,0.428855,45.8273,0.1061,14.951
80,19,out,0.4989,0,0,1,0.493537,0.0346,0.0800,14938.915
80,19,out,0.4989,0,1,1,0.483777,42.9343,0.0800,14938.915
80,19,out,0.4989,0,2,1,0.481915,42.6707,0.0800,14938.915
80,19,out,0.4989,0,3,1,0.481248,18.3308,0.0800,14938.915
80,19,out,0.4989,0,4,1,0.480772,54.0349,0.0800,14938.915
80,19,out,0.4989,0,5,1,0.479329,18.2167,0.0800,14938.915
80,19,out,0.4989,0,6,1,0.479061,43.3460,0.0800,14938.915
80,19,out,0.4989,0,7,1,0.478023,22.2710,0.0800,14938.915
80,19,out,0.4989,1,0,1,0.555553,0.0652,0.9358,6.739
80,19,out,0.4989,1,1,1,0.537510,42.9744,1.9384,6.739
80,19,out,0.4989,1,2,1,0.509800,42.5230,0.9358,6.739
80,19,out,0.4989,1,3,1,0.545847,18.3499,0.9358,6.739
80,19,out,0.4989,1,4,1,0.508465,54.0294,1.9384,6.739
80,19,out,0.4989,1,5,1,0.534826,18.0929,0.9358,6.739
80,19,out,0.4989,1,6,1,0.545857,43.4193,0.9358,6.739
80,19,out,0.4989,1,7,1,0.507422,22.4506,1.9384,6.739
80,19,out,0.4989,2,0,1,0.547692,0.0837,0.8665,14.653
80,19,out,0.4989,2,1,1,0.552368,42.9628,1.1388,14.653
80,19,out,0.4989,2,2,1,0.538362,42.6082,0.8665,14.653
80,19,out,0.4989,2,3,1,0.522824,18.3776,1.1388,14.653
80,19,out,0.4989,2,4,1,0.519672,54.1151,0.1362,14.653
80,19,out,0.4989,2,5,1,0.529372,18.0566,1.8692,14.653
80,19,out,0.4989,2,6,1,0.543967,43.4801,1.1388,14.653
80,19,out,0.4989,2,7,1,0.512184,22.3881,1.1388,14.653
80,19,out,0.4989,3,0,1,0.537341,0.0445,0.0127,18.198
80,19,out,0.4989,3,1,1,0.521614,43.0015,0.0127,18.198
80,19,out,0.4989,3,2,1,0.503244,42.4991,0.0127,18.198
80,19,out,0.4989,3,3,1,0.504123,18.4362,0.0127,18.198
80,19,out,0.4989,3,4,1,0.499254,54.0270,0.0127,18.198
80,19,out,0.4989,3,5,1,0.502292,18.0902,0.9900,18.198
80,19,out,0.4989,3,6,1,0.505069,43.4200,0.0127,18.198
80,19,out,0.4989,3,7,1,0.486454,22.5795,0.0127,18.198
80,19,out,0.4989,4,0,1,0.520373,0.0621,0.0048,9.469
80,19,out,0.4989,4,1,1,0.505797,42.9409,0.0048,9.469
80,19,out,0.4989,4,2,1,0.508451,42.4572,0.9979,9.469
80,19,out,0.4989,4,3,1,0.480500,18.3768,0.0048,9.469
80,19,out,0.4989,4,4,1,0.499822,54.0199,0.0048,9.469
80,19,out,0.4989,4,5,1,0.509525,18.1007,0.0048,9.469
80,19,out,0.4989,4,6,1,0.501625,43.5002,0.0048,9.469
80,19,out,0.4989,4,7,1,0.476641,22.4039,0.0048,9.469
80,19,out,0.4989,5,0,1,0.583293,0.0349,0.7584,9.513
80,19,out,0.4989,5,1,1,0.537784,42.9849,0.2442,9.513
80,19,out,0.4989,5,2,1,0.538499,42.5632,0.7584,9.513
80,19,out,0.4989,5,3,1,0.539830,18.4152,1.7611,9.513
80,19,out,0.4989,5,4,1,0.528723,54.0302,0.7584,9.513
80,19,out,0.4989,5,5,1,0.541443,18.1778,0.7584,9.513
80,19,out,0.4989,5,6,1,0.541134,43.4507,0.7584,9.513
80,19,out,0.4989,5,7,1,0.520036,22.2189,0.2442,9.513
80,19,out,0.4989,6,0,1,0.618492,0.0243,0.1515,14.590
80,19,out,0.4989,6,1,1,0.607013,43.0554,0.1515,14.590
80,19,out,0.4989,6,2,1,0.581460,42.4275,0.1515,14.590
80,19,out,0.4989,6,3,1,0.589595,18.3659,0.1515,14.590
80,19,out,0.4989,6,4,1,0.598325,54.0284,0.1515,14.590
80,19,out,0.4989,6,5,1,0.591032,18.1872,0.1515,14.590
80,19,out,0.4989,6,6,1,0.599526,43.5390,0.1515,14.590
80,19,out,0.4989,6,7,1,0.575396,22.0419,0.1515,14.590
80,19,out,0.4989,7,0,1,0.503693,0.0739,0.9312,15.811
80,19,out,0.4989,7,1,1,0.525355,43.0710,0.9312,15.811
80,19,out,0.4989,7,2,1,0.513041,42.5665,1.9339,15.811
80,19,out,0.4989,7,3,1,0.501014,18.4027,0.9312,15.811
80,19,out,0.4989,7,4,1,0.521797,54.0336,0.9312,15.811
80,19,out,0.4989,7,5,1,0.504274,18.1813,1.9339,15.811
80,19,out,0.4989,7,6,1,0.491825,43.6124,0.0714,15.811
80,19,out,0.4989,7,7,1,0.502320,22.2159,0.0714,15.811
80,19,out,0.4989,8,0,1,0.521750,0.0225,0.1481,15.457
80,19,out,0.4989,8,1,1,0.520411,43.0307,0.1481,15.457
80,19,out,0.4989,8,2,1,0.508003,42.5810,1.1507,15.457
80,19,out,0.4989,8,3,1,0.514023,18.3416,0.1481,15.457
80,19,out,0.4989,8,4,1,0.524388,54.1476,1.1507,15.457
80,19,out,0.4989,8,5,1,0.496394,18.0537,0.1481,15.457
80,19,out,0.4989,8,6,1,0.492219,43.5899,1.1507,15.457
80,19,out,0.4989,8,7,1,0.494280,22.1754,1.1507,15.457
80,19,out,0.4989,9,0,1,0.550948,0.0782,0.2808,15.138
80,19,out,0.4989,9,1,1,0.554855,43.0252,2.2862,15.138
80,19,out,0.4989,9,2,1,0.551988,42.6194,0.2808,15.138
80,19,out,0.4989,9,3,1,0.540463,18.3524,0.2808,15.138
80,19,out,0.4989,9,4,1,0.515654,54.0321,0.2808,15.138
80,19,out,0.4989,9,5,1,0.542236,18.1772,0.2808,15.138
80,19,out,0.4989,9,6,1,0.534217,43.6661,0.2808,15.138
80,19,out,0.4989,9,7,1,0.511337,21.9108,0.2808,15.138
80,19,out,0.4989,10,0,1,0.562083,0.0588,0.3906,12.601
80,19,out,0.4989,10,1,1,0.533222,42.9401,0.3906,12.601
80,19,out,0.4989,10,2,1,0.520757,42.5999,0.3906,12.601
80,19,out,0.4989,10,3,1,0.521886,18.3532,0.3906,12.601
80,19,out,0.4989,10,4,1,0.517099,54.0999,0.3906,12.601
80,19,out,0.4989,10,5,1,0.510591,18.1672,0.3906,12.601
80,19,out,0.4989,10,6,1,0.513371,43.6597,0.3906,12.601
80,19,out,0.4989,10,7,1,0.516648,21.8097,0.3906,12.601
80,19,out,0.4989,11,0,1,0.538546,0.1247,0.4519,14.691
80,19,out,0.4989,11,1,1,0.503333,42.9547,0.4519,14.691
80,19,out,0.4989,11,2,1,0.502466,42.5606,0.4519,14.691
80,19,out,0.4989,11,3,1,0.504620,18.3018,0.4519,14.691
80,19,out,0.4989,11,4,1,0.502550,54.0114,0.5508,14.691
80,19,out,0.4989,11,5,1,0.506404,18.1688,0.4519,14.691
80,19,out,0.4989,11,6,1,0.495396,43.6604,0.5508,14.691
80,19,out,0.4989,11,7,1,0.497241,21.7250,0.5508,14.691
80,20,out,0.6203,0,0,1,0.452068,18.9328,2.0191,14652.129
80,20,out,0.6203,0,1,1,0.444817,34.1812,179.4653,14652.129
80,20,out,0.6203,0,2,1,0.440477,38.3997,179.4653,14652.129
80,20,out,0.6203,0,3,1,0.439985,23.5214,0.0138,14652.129
80,20,out,0.6203,0,4,1,0.439830,30.8324,0.0138,14652.129
80,20,out,0.6203,0,5,1,0.439331,17.9975,178.4626,14652.129
80,20,out,0.6203,0,6,1,0.437660,46.5328,179.4653,14652.129
80,20,out,0.6203,0,7,1,0.434863,51.4731,179.4653,14652.129
80,20,out,0.6203,1,0,1,0.420045,18.6966,0.3810,7.048
80,20,out,0.6203,1,1,1,0.425765,34.0205,179.8993,7.048
80,20,out,0.6203,1,2,1,0.418704,37.9722,179.8993,7.048
80,20,out,0.6203,1,3,1,0.422186,23.3297,0.3810,7.048
80,20,out,0.6203,1,4,1,0.420231,30.7541,0.3810,7.048
80,20,out,0.6203,1,5,1,0.431410,17.4127,179.8993,7.048
80,20,out,0.6203,1,6,1,0.411603,46.1660,179.8993,7.048
80,20,out,0.6203,1,7,1,0.410231,50.8214,179.8993,7.048
80,20,out,0.6203,2,0,1,0.406964,18.8431,0.5046,6.756
80,20,out,0.6203,2,1,1,0.391191,33.5445,177.9718,6.756
80,20,out,0.6203,2,2,1,0.399248,37.8594,179.9771,6.756
80,20,out,0.6203,2,3,1,0.394217,23.4512,0.5046,6.756
80,20,out,0.6203,2,4,1,0.385982,30.7780,1.5008,6.756
80,20,out,0.6203,2,5,1,0.399496,17.1429,179.9771,6.756
80,20,out,0.6203,2,6,1,0.409055,45.6905,177.9718,6.756
80,20,out,0.6203,2,7,1,0.391453,50.4027,179.9771,6.756
80,20,out,0.6203,3,0,1,0.432858,18.9302,0.5714,7.739
80,20,out,0.6203,3,1,1,0.439702,33.5270,179.9103,7.739
80,20,out,0.6203,3,2,1,0.432562,37.3984,179.9103,7.739
80,20,out,0.6203,3,3,1,0.433842,23.5904,0.5714,7.739
80,20,out,0.6203,3,4,1,0.437303,30.7851,0.5714,7.739
80,20,out,0.6203,3,5,1,0.442322,17.2054,179.9103,7.739
80,20,out,0.6203,3,6,1,0.451223,45.1610,178.9076,7.739
80,20,out,0.6203,3,7,1,0.436443,50.2227,179.9103,7.739
80,20,out,0.6203,4,0,1,0.475880,18.6880,4.1779,7.776
80,20,out,0.6203,4,1,1,0.422129,33.2397,179.3119,7.776
80,20,out,0.6203,4,2,1,0.439482,36.8261,179.3119,7.776
80,20,out,0.6203,4,3,1,0.448847,23.4597,4.1779,7.776
80,20,out,0.6203,4,4,1,0.426474,30.6947,4.1779,7.776
80,20,out,0.6203,4,5,1,0.447196,17.2334,176.3039,7.776
80,20,out,0.6203,4,6,1,0.410360,44.6513,176.3039,7.776
80,20,out,0.6203,4,7,1,0.421905,49.6273,179.3119,7.776
80,20,out,0.6203,5,0,1,0.497519,18.7392,1.6464,4.739
80,20,out,0.6203,5,1,1,0.492052,33.2065,179.8380,4.739
80,20,out,0.6203,5,2,1,0.494519,36.8442,179.8380,4.739
80,20,out,0.6203,5,3,1,0.492624,23.6415,0.6437,4.739
80,20,out,0.6203,5,4,1,0.474595,30.7346,0.3589,4.739
80,20,out,0.6203,5,5,1,0.508454,17.1087,179.8380,4.739
80,20,out,0.6203,5,6,1,0.495179,44.0686,179.1593,4.739
80,20,out,0.6203,5,7,1,0.475367,48.9659,179.8380,4.739
80,20,out,0.6203,6,0,1,0.493437,18.8972,0.9662,5.266
80,20,out,0.6203,6,1,1,0.468547,33.2018,179.5548,5.266
80,20,out,0.6203,6,2,1,0.467453,36.6392,179.5548,5.266
80,20,out,0.6203,6,3,1,0.486657,23.8406,0.9662,5.266
80,20,out,0.6203,6,4,1,0.468295,30.7365,0.9662,5.266
80,20,out,0.6203,6,5,1,0.480507,16.8805,179.5548,5.266
80,20,out,0.6203,6,6,1,0.467871,43.9080,178.5521,5.266
80,20,out,0.6203,6,7,1,0.434994,48.8464,179.5548,5.266
80,20,out,0.6203,7,0,1,0.393700,19.0705,0.8595,6.204
80,20,out,0.6203,7,1,1,0.418144,33.3373,179.6615,6.204
80,20,out,0.6203,7,2,1,0.387573,36.8888,179.6615,6.204
80,20,out,0.6203,7,3,1,0.417909,23.7700,0.1432,6.204
80,20,out,0.6203,7,4,1,0.410934,30.7077,0.8595,6.204
80,20,out,0.6203,7,5,1,0.403390,16.6100,179.6615,6.204
80,20,out,0.6203,7,6,1,0.403035,44.0918,179.6615,6.204
80,20,out,0.6203,7,7,1,0.397374,48.6505,179.6615,6.204
80,20,out,0.6203,8,0,1,0.462032,19.3698,1.8423,10.138
80,20,out,0.6203,8,1,1,0.461819,33.4963,179.3160,10.138
80,20,out,0.6203,8,2,1,0.454843,36.5789,179.6813,10.138
80,20,out,0.6203,8,3,1,0.472531,23.9792,0.8396,10.138
80,20,out,0.6203,8,4,1,0.451379,30.7745,0.8396,10.138
80,20,out,0.6203,8,5,1,0.474290,16.2949,178.6786,10.138
80,20,out,0.6203,8,6,1,0.449864,44.1088,178.6786,10.138
80,20,out,0.6203,8,7,1,0.450272,48.7114,179.6813,10.138
80,20,out,0.6203,9,0,1,0.492858,19.5423,0.6566,14.242
80,20,out,0.6203,9,1,1,0.469120,33.7276,177.8198,14.242
80,20,out,0.6203,9,2,1,0.461643,36.3926,178.8225,14.242
80,20,out,0.6203,9,3,1,0.477271,24.0979,1.6592,14.242
80,20,out,0.6203,9,4,1,0.479942,30.7157,0.6566,14.242
80,20,out,0.6203,9,5,1,0.488200,16.1366,177.8198,14.242
80,20,out,0.6203,9,6,1,0.497631,43.8811,179.8251,14.242
80,20,out,0.6203,9,7,1,0.462298,48.5346,179.8251,14.242
80,20,out,0.6203,10,0,1,0.447051,19.7791,0.0118,11.531
80,20,out,0.6203,10,1,1,0.411651,33.9758,179.5065,11.531
80,20,out,0.6203,10,2,1,0.415185,36.4784,179.4908,11.531
80,20,out,0.6203,10,3,1,0.425692,23.9639,0.0118,11.531
80,20,out,0.6203,10,4,1,0.419651,30.7573,0.0118,11.531
80,20,out,0.6203,10,5,1,0.431189,15.9579,179.4908,11.531
80,20,out,0.6203,10,6,1,0.423485,43.8295,179.4908,11.531
80,20,out,0.6203,10,7,1,0.418075,48.3433,179.5065,11.531
80,20,out,0.6203,11,0,1,0.449902,19.9826,0.2433,10.529
80,20,out,0.6203,11,1,1,0.423468,34.6264,178.7589,10.529
80,20,out,0.6203,11,2,1,0.421928,36.8953,179.7616,10.529
80,20,out,0.6203,11,3,1,0.429053,24.1545,0.2433,10.529
80,20,out,0.6203,11,4,1,0.443016,30.8000,0.2433,10.529
80,20,out,0.6203,11,5,1,0.435026,16.7614,179.7616,10.529
80,20,out,0.6203,11,6,1,0.445749,44.1832,179.7616,10.529
80,20,out,0.6203,11,7,1,0.420742,48.5132,179.7616,10.529
80,21,out,0.2918,0,0,1,0.702803,0.0656,0.8192,7061.994
80,21,out,0.2918,0,1,1,0.630557,68.5730,179.6625,7061.994
80,21,out,0.2918,0,2,1,0.623986,68.5437,179.6625,7061.994
80,21,out,0.2918,0,3,1,0.623113,75.8825,179.6625,7061.994
80,21,out,0.2918,0,4,1,0.621751,69.0379,179.6625,7061.994
80,21,out,0.2918,0,5,1,0.621102,36.0651,0.8192,7061.994
80,21,out,0.2918,0,6,1,0.618724,35.1440,178.6598,7061.994
80,21,out,0.2918,0,7,1,0.617996,34.6254,0.8192,7061.994
80,21,out,0.2918,1,0,1,0.667778,0.0345,0.0406,11.994
80,21,out,0.2918,1,1,1,0.598161,67.9965,179.4384,11.994
80,21,out,0.2918,1,2,1,0.581983,67.9618,179.4384,11.994
80,21,out,0.2918,1,3,1,0.597022,75.3344,179.4384,11.994
80,21,out,0.2918,1,4,1,0.599254,68.4551,179.4384,11.994
80,21,out,0.2918,1,5,1,0.586882,36.0775,0.0406,11.994
80,21,out,0.2918,1,6,1,0.560623,34.5955,179.4384,11.994
80,21,out,0.2918,1,7,1,0.556466,34.6932,1.0433,11.994
80,21,out,0.2918,2,0,1,0.713864,0.0545,0.1556,11.756
80,21,out,0.2918,2,1,1,0.637393,67.3253,179.3234,11.756
80,21,out,0.2918,2,2,1,0.637855,67.3002,179.3234,11.756
80,21,out,0.2918,2,3,1,0.627555,74.7824,179.3234,11.756
80,21,out,0.2918,2,4,1,0.627983,67.8081,179.3234,11.756
80,21,out,0.2918,2,5,1,0.633814,36.0820,0.1556,11.756
80,21,out,0.2918,2,6,1,0.630493,34.1315,179.3234,11.756
80,21,out,0.2918,2,7,1,0.615866,34.6762,0.1556,11.756
80,21,out,0.2918,3,0,1,0.685871,0.0552,0.0368,10.463
80,21,out,0.2918,3,1,1,0.616900,66.7345,179.5159,10.463
80,21,out,0.2918,3,2,1,0.590472,66.7152,179.5159,10.463
80,21,out,0.2918,3,3,1,0.601478,74.2837,179.5159,10.463
80,21,out,0.2918,3,4,1,0.612991,67.2335,179.5159,10.463
80,21,out,0.2918,3,5,1,0.616175,35.9950,0.0368,10.463
80,21,out,0.2918,3,6,1,0.575533,33.7222,179.4815,10.463
80,21,out,0.2918,3,7,1,0.589949,34.7528,0.0368,10.463
80,21,out,0.2918,4,0,1,0.742448,0.0515,0.5195,11.649
80,21,out,0.2918,4,1,1,0.673333,66.2300,179.9622,11.649
80,21,out,0.2918,4,2,1,0.675874,66.2151,179.9622,11.649
80,21,out,0.2918,4,3,1,0.678318,73.8553,179.9622,11.649
80,21,out,0.2918,4,4,1,0.671902,66.7418,179.9622,11.649
80,21,out,0.2918,4,5,1,0.674793,35.9892,0.5195,11.649
80,21,out,0.2918,4,6,1,0.655711,33.1582,179.9622,11.649
80,21,out,0.2918,4,7,1,0.641126,34.6082,0.5195,11.649
80,21,out,0.2918,5,0,1,0.719238,0.0496,0.2506,12.792
80,21,out,0.2918,5,1,1,0.627238,65.5331,179.2284,12.792
80,21,out,0.2918,5,2,1,0.620457,65.5201,179.2284,12.792
80,21,out,0.2918,5,3,1,0.624241,73.2420,179.2284,12.792
80,21,out,0.2918,5,4,1,0.624884,66.0544,179.2284,12.792
80,21,out,0.2918,5,5,1,0.642287,35.9850,1.2533,12.792
80,21,out,0.2918,5,6,1,0.577254,32.5469,179.2284,12.792
80,21,out,0.2918,5,7,1,0.593766,34.6030,1.2533,12.792
80,21,out,0.2918,6,0,1,0.672158,0.0506,0.1848,12.594
80,21,out,0.2918,6,1,1,0.585746,64.9399,179.2942,12.594
80,21,out,0.2918,6,2,1,0.567703,64.9097,179.2942,12.594
80,21,out,0.2918,6,3,1,0.560441,72.7090,179.7031,12.594
80,21,out,0.2918,6,4,1,0.572270,65.4319,179.2942,12.594
80,21,out,0.2918,6,5,1,0.579132,36.0650,1.1875,12.594
80,21,out,0.2918,6,6,1,0.526854,31.9257,179.2942,12.594
80,21,out,0.2918,6,7,1,0.528678,34.7394,1.1875,12.594
80,21,out,0.2918,7,0,1,0.663377,0.0704,0.2270,5.615
80,21,out,0.2918,7,1,1,0.573044,64.4379,179.2520,5.615
80,21,out,0.2918,7,2,1,0.550158,64.3933,179.2520,5.615
80,21,out,0.2918,7,3,1,0.545815,72.0946,179.2520,5.615
80,21,out,0.2918,7,4,1,0.541222,64.9058,179.2520,5.615
80,21,out,0.2918,7,5,1,0.568227,36.0586,0.2270,5.615
80,21,out,0.2918,7,6,1,0.527867,31.4031,179.2520,5.615
80,21,out,0.2918,7,7,1,0.536078,34.6856,1.2297,5.615
80,21,out,0.2918,8,0,1,0.669345,0.0241,0.9039,9.576
80,21,out,0.2918,8,1,1,0.562999,63.7797,178.5751,9.576
80,21,out,0.2918,8,2,1,0.562486,63.8208,179.5778,9.576
80,21,out,0.2918,8,3,1,0.557892,71.4966,179.5778,9.576
80,21,out,0.2918,8,4,1,0.558167,64.3185,179.5778,9.576
80,21,out,0.2918,8,5,1,0.617469,36.0683,1.9066,9.576
80,21,out,0.2918,8,6,1,0.543460,31.0297,179.5778,9.576
80,21,out,0.2918,8,7,1,0.557923,34.6922,1.9066,9.576
80,21,out,0.2918,9,0,1,0.679569,0.0330,0.2638,10.406
80,21,out,0.2918,9,1,1,0.595329,63.3437,179.7428,10.406
80,21,out,0.2918,9,2,1,0.580672,63.2610,179.7428,10.406
80,21,out,0.2918,9,3,1,0.575092,70.9090,179.7428,10.406
80,21,out,0.2918,9,4,1,0.586455,63.7434,179.7428,10.406
80,21,out,0.2918,9,5,1,0.630457,36.0578,0.7389,10.406
80,21,out,0.2918,9,6,1,0.591896,30.2195,179.7428,10.406
80,21,out,0.2918,9,7,1,0.574143,34.9671,0.7389,10.406
80,21,out,0.2918,10,0,1,0.754132,0.0719,0.9651,12.942
80,21,out,0.2918,10,1,1,0.607918,62.8031,179.5166,12.942
80,21,out,0.2918,10,2,1,0.600351,62.7021,179.5166,12.942
80,21,out,0.2918,10,3,1,0.594007,70.3327,179.5166,12.942
80,21,out,0.2918,10,4,1,0.597445,63.0722,178.5139,12.942
80,21,out,0.2918,10,5,1,0.664466,36.0476,0.9651,12.942
80,21,out,0.2918,10,6,1,0.581562,29.4683,178.5139,12.942
80,21,out,0.2918,10,7,1,0.604256,34.6630,0.9651,12.942
80,21,out,0.2918,11,0,1,0.603719,0.0693,2.6343,9.954
80,21,out,0.2918,11,1,1,0.490224,62.8036,176.8840,9.954
80,21,out,0.2918,11,2,1,0.464966,62.6990,176.8840,9.954
80,21,out,0.2918,11,3,1,0.478806,70.3298,176.8840,9.954
80,21,out,0.2918,11,4,1,0.500066,63.1705,177.8867,9.954
80,21,out,0.2918,11,5,1,0.566627,36.0540,2.6343,9.954
80,21,out,0.2918,11,6,1,0.487150,29.5908,172.8733,9.954
80,21,out,0.2918,11,7,1,0.499542,34.7398,2.6343,9.954
80,22,out,0.5639,0,0,1,0.461542,44.7459,179.8603,9706.904
80,22,out,0.5639,0,1,1,0.460401,48.5625,0.3813,9706.904
80,22,out,0.5639,0,2,1,0.459072,42.0069,0.6214,9706.904
80,22,out,0.5639,0,3,1,0.458303,17.8868,179.8603,9706.904
80,22,out,0.5639,0,4,1,0.457102,23.7456,179.8603,9706.904
80,22,out,0.5639,0,5,1,0.456521,48.3676,0.3813,9706.904
80,22,out,0.5639,0,6,1,0.455816,33.3084,179.1370,9706.904
80,22,out,0.5639,0,7,1,0.455508,19.9581,179.8603,9706.904
80,22,out,0.5639,1,0,1,0.488808,45.0890,179.8243,9.222
80,22,out,0.5639,1,1,1,0.507105,48.5517,0.3453,9.222
80,22,out,0.5639,1,2,1,0.497787,42.0224,0.3453,9.222
80,22,out,0.5639,1,3,1,0.497263,18.5013,179.8243,9.222
80,22,out,0.5639,1,4,1,0.498438,24.3037,179.8243,9.222
80,22,out,0.5639,1,5,1,0.496679,48.3334,0.3453,9.222
80,22,out,0.5639,1,6,1,0.475225,34.0124,179.1730,9.222
80,22,out,0.5639,1,7,1,0.495235,20.6183,179.1730,9.222
80,22,out,0.5639,2,0,1,0.460460,45.4000,178.9019,7.719
80,22,out,0.5639,2,1,1,0.439951,48.6256,1.6191,7.719
80,22,out,0.5639,2,2,1,0.466182,42.1153,1.6191,7.719
80,22,out,0.5639,2,3,1,0.451934,19.0599,177.8992,7.719
80,22,out,0.5639,2,4,1,0.458620,24.8285,177.8992,7.719
80,22,out,0.5639,2,5,1,0.445448,48.4619,1.6191,7.719
80,22,out,0.5639,2,6,1,0.438083,34.5155,177.8992,7.719
80,22,out,0.5639,2,7,1,0.450851,20.9731,178.9019,7.719
80,22,out,0.5639,3,0,1,0.509662,45.9986,179.9908,6.825
80,22,out,0.5639,3,1,1,0.475781,48.6686,0.5302,6.825
80,22,out,0.5639,3,2,1,0.501203,42.0968,0.5302,6.825
80,22,out,0.5639,3,3,1,0.514487,19.7033,179.9908,6.825
80,22,out,0.5639,3,4,1,0.514698,25.4901,179.9908,6.825
80,22,out,0.5639,3,5,1,0.511662,48.3727,0.5302,6.825
80,22,out,0.5639,3,6,1,0.504267,35.2936,179.9908,6.825
80,22,out,0.5639,3,7,1,0.508348,21.3803,179.9908,6.825
80,22,out,0.5639,4,0,1,0.458386,46.6640,179.9385,7.668
80,22,out,0.5639,4,1,1,0.454455,48.7109,0.4202,7.668
80,22,out,0.5639,4,2,1,0.454941,42.0794,2.4255,7.668
80,22,out,0.5639,4,3,1,0.461237,20.3758,179.9385,7.668
80,22,out,0.5639,4,4,1,0.454893,26.0268,179.0589,7.668
80,22,out,0.5639,4,5,1,0.467860,48.4552,0.4202,7.668
80,22,out,0.5639,4,6,1,0.459611,35.6594,179.9385,7.668
80,22,out,0.5639,4,7,1,0.464813,21.5848,179.9385,7.668
80,22,out,0.5639,5,0,1,0.518647,47.0816,179.5454,8.209
80,22,out,0.5639,5,1,1,0.494588,48.6119,1.0691,8.209
80,22,out,0.5639,5,2,1,0.501866,42.0791,0.0664,8.209
80,22,out,0.5639,5,3,1,0.535938,21.0329,179.4519,8.209
80,22,out,0.5639,5,4,1,0.514059,26.6964,179.4519,8.209
80,22,out,0.5639,5,5,1,0.488955,48.4550,0.0664,8.209
80,22,out,0.5639,5,6,1,0.480053,36.4397,179.4519,8.209
80,22,out,0.5639,5,7,1,0.511640,21.9846,179.4519,8.209
80,22,out,0.5639,6,0,1,0.509755,47.7512,179.5738,9.681
80,22,out,0.5639,6,1,1,0.487647,48.6534,0.0948,9.681
80,22,out,0.5639,6,2,1,0.482783,41.9837,0.0948,9.681
80,22,out,0.5639,6,3,1,0.507514,21.7098,179.4235,9.681
80,22,out,0.5639,6,4,1,0.512103,27.2388,179.5738,9.681
80,22,out,0.5639,6,5,1,0.513052,48.3873,0.0948,9.681
80,22,out,0.5639,6,6,1,0.486973,37.1811,179.5738,9.681
80,22,out,0.5639,6,7,1,0.497541,22.5912,179.4235,9.681
80,22,out,0.5639,7,0,1,0.462017,48.1494,179.1908,10.323
80,22,out,0.5639,7,1,1,0.473136,48.6145,0.6752,10.323
80,22,out,0.5639,7,2,1,0.469960,42.0019,0.6752,10.323
80,22,out,0.5639,7,3,1,0.505304,22.3728,178.8038,10.323
80,22,out,0.5639,7,4,1,0.465774,27.7634,179.8065,10.323
80,22,out,0.5639,7,5,1,0.480663,48.4009,0.6752,10.323
80,22,out,0.5639,7,6,1,0.459043,37.6261,179.1908,10.323
80,22,out,0.5639,7,7,1,0.471432,23.0528,179.8065,10.323
80,22,out,0.5639,8,0,1,0.494606,48.7168,179.5105,6.628
80,22,out,0.5639,8,1,1,0.446914,48.5955,0.0078,6.628
80,22,out,0.5639,8,2,1,0.477940,42.0912,0.0078,6.628
80,22,out,0.5639,8,3,1,0.488727,22.8173,179.4868,6.628
80,22,out,0.5639,8,4,1,0.496913,28.2391,179.4868,6.628
80,22,out,0.5639,8,5,1,0.491304,48.4642,0.0078,6.628
80,22,out,0.5639,8,6,1,0.475933,38.1956,179.4868,6.628
80,22,out,0.5639,8,7,1,0.493837,23.8058,179.5105,6.628
80,22,out,0.5639,9,0,1,0.526686,49.1745,179.9503,8.143
80,22,out,0.5639,9,1,1,0.461671,48.7583,0.5707,8.143
80,22,out,0.5639,9,2,1,0.487412,42.0995,0.5707,8.143
80,22,out,0.5639,9,3,1,0.533186,23.3487,179.9503,8.143
80,22,out,0.5639,9,4,1,0.507336,28.8553,179.9503,8.143
80,22,out,0.5639,9,5,1,0.497081,48.4646,0.5707,8.143
80,22,out,0.5639,9,6,1,0.490539,38.7340,179.9503,8.143
80,22,out,0.5639,9,7,1,0.502699,24.2594,179.9503,8.143
80,22,out,0.5639,10,0,1,0.509824,49.2001,179.9194,6.121
80,22,out,0.5639,10,1,1,0.499039,48.7297,0.4011,6.121
80,22,out,0.5639,10,2,1,0.525657,42.1090,0.4011,6.121
80,22,out,0.5639,10,3,1,0.527414,23.3997,179.9194,6.121
80,22,out,0.5639,10,4,1,0.501456,28.8082,179.9194,6.121
80,22,out,0.5639,10,5,1,0.515622,48.5086,0.4011,6.121
80,22,out,0.5639,10,6,1,0.496199,38.5975,179.9194,6.121
80,22,out,0.5639,10,7,1,0.523075,24.0417,179.9194,6.121
80,22,out,0.5639,11,0,1,0.527536,49.0290,179.9621,17.936
80,22,out,0.5639,11,1,1,0.518293,48.5828,0.4831,17.936
80,22,out,0.5639,11,2,1,0.508814,42.0225,0.5196,17.936
80,22,out,0.5639,11,3,1,0.527925,23.4147,179.9621,17.936
80,22,out,0.5639,11,4,1,0.542079,28.9056,179.9621,17.936
80,22,out,0.5639,11,5,1,0.540962,48.3974,0.5196,17.936
80,22,out,0.5639,11,6,1,0.517341,38.8197,179.9621,17.936
80,22,out,0.5639,11,7,1,0.528390,24.2532,179.9621,17.936
80,23,out,0.7774,0,-1,0,0,0,0,24951.324
80,23,out,0.7774,1,-1,0,0,0,0,0.000
80,23,out,0.7774,2,-1,0,0,0,0,0.000
80,23,out,0.7774,3,-1,0,0,0,0,0.000
80,23,out,0.7774,4,-1,0,0,0,0,0.000
80,23,out,0.7774,5,-1,0,0,0,0,0.000
80,23,out,0.7774,6,-1,0,0,0,0,0.000
80,23,out,0.7774,7,-1,0,0,0,0,0.000
80,23,out,0.7774,8,-1,0,0,0,0,0.000
80,23,out,0.7774,9,-1,0,0,0,0,0.000
80,23,out,0.7774,10,-1,0,0,0,0,0.000
80,23,out,0.7774,11,-1,0,0,0,0,0.000
80,24,out,0.4767,0,0,1,0.594029,22.7464,0.2766,11387.783
80,24,out,0.4767,0,1,1,0.588308,2.4466,0.2766,11387.783
80,24,out,0.4767,0,2,1,0.584785,4.4465,0.2766,11387.783
80,24,out,0.4767,0,3,1,0.584105,8.9464,0.2766,11387.783
80,24,out,0.4767,0,4,1,0.582644,0.0641,0.2766,11387.783
80,24,out,0.4767,0,5,1,0.580042,3.9538,0.2766,11387.783
80,24,out,0.4767,0,6,1,0.578943,6.2464,0.2766,11387.783
80,24,out,0.4767,0,7,1,0.577458,10.2464,0.2766,11387.783
80,24,out,0.4767,1,0,1,0.508101,22.4632,0.4303,3.400
80,24,out,0.4767,1,1,1,0.514372,2.5634,0.5724,3.400
80,24,out,0.4767,1,2,1,0.509305,4.7633,0.4303,3.400
80,24,out,0.4767,1,3,1,0.531172,8.6633,0.4303,3.400
80,24,out,0.4767,1,4,1,0.548765,0.0516,0.4303,3.400
80,24,out,0.4767,1,5,1,0.500388,3.8370,0.4303,3.400
80,24,out,0.4767,1,6,1,0.505653,5.9633,0.4303,3.400
80,24,out,0.4767,1,7,1,0.521306,10.2632,0.5724,3.400
80,24,out,0.4767,2,0,1,0.496350,22.7541,0.1233,2.167
80,24,out,0.4767,2,1,1,0.500726,2.8549,0.1233,2.167
80,24,out,0.4767,2,2,1,0.514212,5.0541,0.1233,2.167
80,24,out,0.4767,2,3,1,0.509248,8.6541,0.1233,2.167
80,24,out,0.4767,2,4,1,0.519047,0.0511,0.1233,2.167
80,24,out,0.4767,2,5,1,0.495279,4.1460,0.1233,2.167
80,24,out,0.4767,2,6,1,0.500461,5.6541,0.1233,2.167
80,24,out,0.4767,2,7,1,0.505427,10.3549,0.1233,2.167
80,24,out,0.4767,3,0,1,0.479690,22.4466,0.2947,2.778
80,24,out,0.4767,3,1,1,0.498196,2.5474,0.2947,2.778
80,24,out,0.4767,3,2,1,0.500641,5.2466,0.2947,2.778
80,24,out,0.4767,3,3,1,0.490640,8.9466,0.2947,2.778
80,24,out,0.4767,3,4,1,0.522658,0.0584,0.2947,2.778
80,24,out,0.4767,3,5,1,0.481267,4.1535,0.2947,2.778
80,24,out,0.4767,3,6,1,0.499873,5.3466,0.2947,2.778
80,24,out,0.4767,3,7,1,0.490173,10.6474,0.2947,2.778
80,24,out,0.4767,4,0,1,0.519916,22.7546,0.3597,3.073
80,24,out,0.4767,4,1,1,0.521290,2.8554,0.3597,3.073
80,24,out,0.4767,4,2,1,0.520902,4.9546,0.3597,3.073
80,24,out,0.4767,4,3,1,0.513805,8.6546,0.3597,3.073
80,24,out,0.4767,4,4,1,0.544094,0.0507,0.6430,3.073
80,24,out,0.4767,4,5,1,0.522091,4.1455,0.3597,3.073
80,24,out,0.4767,4,6,1,0.518899,5.0546,0.3597,3.073
80,24,out,0.4767,4,7,1,0.524149,10.9554,0.3597,3.073
80,24,out,0.4767,5,0,1,0.538381,22.8482,0.4378,2.063
80,24,out,0.4767,5,1,1,0.536232,2.8491,0.4378,2.063
80,24,out,0.4767,5,2,1,0.537172,4.6483,0.5649,2.063
80,24,out,0.4767,5,3,1,0.540469,8.8482,0.4378,2.063
80,24,out,0.4767,5,4,1,0.542149,0.0561,0.4378,2.063
80,24,out,0.4767,5,5,1,0.539007,4.2519,0.4378,2.063
80,24,out,0.4767,5,6,1,0.534872,4.7483,0.5649,2.063
80,24,out,0.4767,5,7,1,0.538735,11.2490,0.4378,2.063
80,24,out,0.4767,6,0,1,0.546504,22.7464,0.3151,2.450
80,24,out,0.4767,6,1,1,0.559829,2.5475,0.6876,2.450
80,24,out,0.4767,6,2,1,0.539902,4.3476,0.3151,2.450
80,24,out,0.4767,6,3,1,0.530717,8.5465,0.3151,2.450
80,24,out,0.4767,6,4,1,0.557506,0.0699,0.3151,2.450
80,24,out,0.4767,6,5,1,0.536268,4.4540,0.6876,2.450
80,24,out,0.4767,6,6,1,0.537404,4.4476,0.3151,2.450
80,24,out,0.4767,6,7,1,0.530365,10.9472,0.3151,2.450
80,24,out,0.4767,7,0,1,0.537421,23.0465,0.6754,2.396
80,24,out,0.4767,7,1,1,0.527419,2.6483,0.6754,2.396
80,24,out,0.4767,7,2,1,0.535163,4.0478,0.6754,2.396
80,24,out,0.4767,7,3,1,0.544615,8.7466,0.6754,2.396
80,24,out,0.4767,7,4,1,0.567365,0.0688,0.6754,2.396
80,24,out,0.4767,7,5,1,0.542660,4.1532,0.6754,2.396
80,24,out,0.4767,7,6,1,0.534876,4.1478,0.6754,2.396
80,24,out,0.4767,7,7,1,0.532511,10.6473,0.6754,2.396
80,24,out,0.4767,8,0,1,0.541469,22.9336,0.3160,7.188
80,24,out,0.4767,8,1,1,0.538549,2.6353,0.3160,7.188
80,24,out,0.4767,8,2,1,0.538604,4.3348,0.3160,7.188
80,24,out,0.4767,8,3,1,0.545262,8.4336,0.3160,7.188
80,24,out,0.4767,8,4,1,0.545845,0.0805,0.3160,7.188
80,24,out,0.4767,8,5,1,0.541576,4.1660,0.3160,7.188
80,24,out,0.4767,8,6,1,0.539838,4.4348,0.3160,7.188
80,24,out,0.4767,8,7,1,0.520640,10.3344,0.3160,7.188
80,24,out,0.4767,9,0,1,0.569376,22.6316,0.3722,4.497
80,24,out,0.4767,9,1,1,0.541766,2.5335,0.3722,4.497
80,24,out,0.4767,9,2,1,0.556900,4.6328,0.3722,4.497
80,24,out,0.4767,9,3,1,0.560032,8.1317,0.3722,4.497
80,24,out,0.4767,9,4,1,0.580987,0.0492,0.3722,4.497
80,24,out,0.4767,9,5,1,0.553878,3.8679,0.3722,4.497
80,24,out,0.4767,9,6,1,0.557158,4.7328,0.3722,4.497
80,24,out,0.4767,9,7,1,0.545482,10.4325,0.3722,4.497
80,24,out,0.4767,10,0,1,0.540200,22.7242,0.4793,2.298
80,24,out,0.4767,10,1,1,0.523629,2.8258,0.4793,2.298
80,24,out,0.4767,10,2,1,0.543569,4.9253,0.4793,2.298
80,24,out,0.4767,10,3,1,0.533521,8.4242,0.4793,2.298
80,24,out,0.4767,10,4,1,0.554672,0.0301,0.4793,2.298
80,24,out,0.4767,10,5,1,0.536295,4.1751,0.4793,2.298
80,24,out,0.4767,10,6,1,0.546227,5.0253,0.4793,2.298
80,24,out,0.4767,10,7,1,0.537484,10.1250,0.4793,2.298
80,24,out,0.4767,11,0,1,0.552902,22.4301,0.4781,11.469
80,24,out,0.4767,11,1,1,0.532319,3.0318,0.4781,11.469
80,24,out,0.4767,11,2,1,0.544249,4.8313,0.4781,11.469
80,24,out,0.4767,11,3,1,0.550110,8.1302,0.4781,11.469
80,24,out,0.4767,11,4,1,0.567955,0.0411,0.4781,11.469
80,24,out,0.4767,11,5,1,0.542493,4.4692,0.4781,11.469
80,24,out,0.4767,11,6,1,0.544249,4.8313,0.4781,11.469
80,24,out,0.4767,11,7,1,0.534180,10.1310,0.4781,11.469
80,25,out,0.1148,0,0,1,0.822276,0.0243,0.2796,3015.636
80,25,out,0.1148,0,1,1,0.798368,57.9290,179.7586,3015.636
80,25,out,0.1148,0,2,1,0.795661,55.3582,0.2796,3015.636
80,25,out,0.1148,0,3,1,0.789414,39.5173,179.7586,3015.636
80,25,out,0.1148,0,4,1,0.788714,31.0153,179.7586,3015.636
80,25,out,0.1148,0,5,1,0.784499,33.1785,179.7586,3015.636
80,25,out,0.1148,0,6,1,0.782898,34.1545,179.7586,3015.636
80,25,out,0.1148,0,7,1,0.781720,54.5961,179.7586,3015.636
80,25,out,0.1148,1,0,1,0.828177,0.0693,0.3803,3.935
80,25,out,0.1148,1,1,1,0.758056,57.9910,179.8594,3.935
80,25,out,0.1148,1,2,1,0.767248,55.3449,0.6223,3.935
80,25,out,0.1148,1,3,1,0.762695,39.9306,179.8594,3.935
80,25,out,0.1148,1,4,1,0.781172,31.1192,179.8594,3.935
80,25,out,0.1148,1,5,1,0.767806,33.4451,179.8594,3.935
80,25,out,0.1148,1,6,1,0.768892,34.2683,179.8594,3.935
80,25,out,0.1148,1,7,1,0.761420,54.6640,179.8594,3.935
80,25,out,0.1148,2,0,1,0.855549,0.0478,0.0640,4.142
80,25,out,0.1148,2,1,1,0.771475,58.2509,179.4150,4.142
80,25,out,0.1148,2,2,1,0.785627,55.4717,0.0640,4.142
80,25,out,0.1148,2,3,1,0.779885,40.5216,179.5823,4.142
80,25,out,0.1148,2,4,1,0.779379,31.5601,179.5823,4.142
80,25,out,0.1148,2,5,1,0.767585,33.6687,179.5823,4.142
80,25,out,0.1148,2,6,1,0.775710,34.4995,179.5823,4.142
80,25,out,0.1148,2,7,1,0.767417,54.8029,179.4150,4.142
80,25,out,0.1148,3,0,1,0.886386,0.0547,0.2192,4.583
80,25,out,0.1148,3,1,1,0.807926,58.4679,179.6982,4.583
80,25,out,0.1148,3,2,1,0.807931,55.5252,0.2192,4.583
80,25,out,0.1148,3,3,1,0.815142,40.9908,179.6982,4.583
80,25,out,0.1148,3,4,1,0.823206,31.9583,179.6982,4.583
80,25,out,0.1148,3,5,1,0.800407,33.9331,179.6982,4.583
80,25,out,0.1148,3,6,1,0.801919,35.0264,179.6982,4.583
80,25,out,0.1148,3,7,1,0.824924,54.8932,179.6982,4.583
80,25,out,0.1148,4,0,1,0.860763,0.0583,0.3255,4.949
80,25,out,0.1148,4,1,1,0.770133,58.7361,179.8045,4.949
80,25,out,0.1148,4,2,1,0.773976,55.7184,0.6772,4.949
80,25,out,0.1148,4,3,1,0.793936,41.4851,179.8045,4.949
80,25,out,0.1148,4,4,1,0.772078,32.1748,179.8045,4.949
80,25,out,0.1148,4,5,1,0.775157,34.3364,179.8045,4.949
80,25,out,0.1148,4,6,1,0.765363,35.2700,179.8045,4.949
80,25,out,0.1148,4,7,1,0.764875,54.9802,179.8045,4.949
80,25,out,0.1148,5,0,1,0.880013,0.0525,0.2625,6.169
80,25,out,0.1148,5,1,1,0.814973,58.7707,179.7415,6.169
80,25,out,0.1148,5,2,1,0.815429,55.5215,0.2625,6.169
80,25,out,0.1148,5,3,1,0.828285,41.7775,179.7415,6.169
80,25,out,0.1148,5,4,1,0.820196,32.7253,179.7415,6.169
80,25,out,0.1148,5,5,1,0.815002,34.3421,179.7415,6.169
80,25,out,0.1148,5,6,1,0.816374,35.5419,179.7415,6.169
80,25,out,0.1148,5,7,1,0.818137,54.9663,179.7415,6.169
80,25,out,0.1148,6,0,1,0.863464,0.0520,0.0371,5.536
80,25,out,0.1148,6,1,1,0.776218,58.7352,179.5162,5.536
80,25,out,0.1148,6,2,1,0.789030,55.7257,0.0371,5.536
80,25,out,0.1148,6,3,1,0.787520,42.0482,179.5162,5.536
80,25,out,0.1148,6,4,1,0.789635,32.7708,179.5162,5.536
80,25,out,0.1148,6,5,1,0.775963,34.4607,179.5162,5.536
80,25,out,0.1148,6,6,1,0.784931,35.3259,179.5162,5.536
80,25,out,0.1148,6,7,1,0.784619,54.6737,179.5162,5.536
80,25,out,0.1148,7,0,1,0.848089,0.0681,0.0690,3.615
80,25,out,0.1148,7,1,1,0.777143,58.8272,179.5481,3.615
80,25,out,0.1148,7,2,1,0.783614,55.7713,0.0690,3.615
80,25,out,0.1148,7,3,1,0.784833,42.2541,179.5481,3.615
80,25,out,0.1148,7,4,1,0.797457,32.8602,179.5481,3.615
80,25,out,0.1148,7,5,1,0.779288,34.5435,179.5481,3.615
80,25,out,0.1148,7,6,1,0.775913,35.5925,179.5481,3.615
80,25,out,0.1148,7,7,1,0.778542,54.6917,179.5481,3.615
80,25,out,0.1148,8,0,1,0.889094,0.0530,0.4853,3.329
80,25,out,0.1148,8,1,1,0.806268,58.7795,179.9643,3.329
80,25,out,0.1148,8,2,1,0.810820,55.5813,0.4853,3.329
80,25,out,0.1148,8,3,1,0.806412,42.7124,179.9643,3.329
80,25,out,0.1148,8,4,1,0.814126,32.9933,179.9643,3.329
80,25,out,0.1148,8,5,1,0.792572,34.7482,179.9643,3.329
80,25,out,0.1148,8,6,1,0.797730,35.7199,179.9643,3.329
80,25,out,0.1148,8,7,1,0.799903,54.5855,179.9643,3.329
80,25,out,0.1148,9,0,1,0.863598,0.0465,0.0580,4.965
80,25,out,0.1148,9,1,1,0.792910,59.0413,179.4603,4.965
80,25,out,0.1148,9,2,1,0.792668,55.8409,0.0580,4.965
80,25,out,0.1148,9,3,1,0.796584,43.1945,179.4603,4.965
80,25,out,0.1148,9,4,1,0.798822,33.3623,179.4603,4.965
80,25,out,0.1148,9,5,1,0.790321,35.0152,179.4603,4.965
80,25,out,0.1148,9,6,1,0.799397,35.6384,179.4603,4.965
80,25,out,0.1148,9,7,1,0.803332,54.5589,179.4603,4.965
80,25,out,0.1148,10,0,1,0.794440,0.0722,0.0704,4.249
80,25,out,0.1148,10,1,1,0.733034,59.0760,179.5887,4.249
80,25,out,0.1148,10,2,1,0.734713,55.9659,0.0704,4.249
80,25,out,0.1148,10,3,1,0.732886,43.4046,179.5887,4.249
80,25,out,0.1148,10,4,1,0.738146,33.6971,179.5887,4.249
80,25,out,0.1148,10,5,1,0.716535,35.1894,179.5887,4.249
80,25,out,0.1148,10,6,1,0.723270,36.0856,179.5887,4.249
80,25,out,0.1148,10,7,1,0.722598,54.8603,179.5887,4.249
80,25,out,0.1148,11,0,1,0.849185,0.0555,0.3505,3.317
80,25,out,0.1148,11,1,1,0.784479,59.2652,179.8688,3.317
80,25,out,0.1148,11,2,1,0.786039,55.8994,0.6522,3.317
80,25,out,0.1148,11,3,1,0.773100,43.8014,179.8688,3.317
80,25,out,0.1148,11,4,1,0.786717,34.4062,179.8688,3.317
80,25,out,0.1148,11,5,1,0.780330,35.2648,179.8688,3.317
80,25,out,0.1148,11,6,1,0.785035,36.5269,179.8688,3.317
80,25,out,0.1148,11,7,1,0.784505,54.9519,179.8688,3.317
80,26,out,0.1188,0,0,1,0.823587,0.0462,0.2858,4313.624
80,26,out,0.1188,0,1,1,0.799631,57.0389,179.8041,4313.624
80,26,out,0.1188,0,2,1,0.790057,25.2426,179.8041,4313.624
80,26,out,0.1188,0,3,1,0.785754,44.8867,179.8041,4313.624
80,26,out,0.1188,0,4,1,0.781713,12.0806,179.8041,4313.624
80,26,out,0.1188,0,5,1,0.781370,57.6580,179.8041,4313.624
80,26,out,0.1188,0,6,1,0.780505,35.5433,179.8041,4313.624
80,26,out,0.1188,0,7,1,0.779845,44.0261,179.8041,4313.624
80,26,out,0.1188,1,0,1,0.900263,0.0328,0.0413,11.142
80,26,out,0.1188,1,1,1,0.812097,56.5028,179.5596,11.142
80,26,out,0.1188,1,2,1,0.806604,24.9201,179.5596,11.142
80,26,out,0.1188,1,3,1,0.805951,44.3868,179.5596,11.142
80,26,out,0.1188,1,4,1,0.795511,12.2047,179.5596,11.142
80,26,out,0.1188,1,5,1,0.798488,57.1610,179.5596,11.142
80,26,out,0.1188,1,6,1,0.806327,35.1748,179.5596,11.142
80,26,out,0.1188,1,7,1,0.791302,43.5055,179.5596,11.142
80,26,out,0.1188,2,0,1,0.853772,0.0455,0.1260,12.465
80,26,out,0.1188,2,1,1,0.791665,56.0466,179.6443,12.465
80,26,out,0.1188,2,2,1,0.775317,24.6829,179.6443,12.465
80,26,out,0.1188,2,3,1,0.794469,43.9417,179.6443,12.465
80,26,out,0.1188,2,4,1,0.783167,12.7322,179.6443,12.465
80,26,out,0.1188,2,5,1,0.768158,56.7188,179.6443,12.465
80,26,out,0.1188,2,6,1,0.779051,34.8271,179.6443,12.465
80,26,out,0.1188,2,7,1,0.772592,43.0098,179.6443,12.465
80,26,out,0.1188,3,0,1,0.826066,0.0252,0.1041,11.359
80,26,out,0.1188,3,1,1,0.765290,55.6505,179.6224,11.359
80,26,out,0.1188,3,2,1,0.756538,24.4720,179.6224,11.359
80,26,out,0.1188,3,3,1,0.770753,43.4996,179.6224,11.359
80,26,out,0.1188,3,4,1,0.758740,12.8151,179.6224,11.359
80,26,out,0.1188,3,5,1,0.749276,56.2460,179.6224,11.359
80,26,out,0.1188,3,6,1,0.760394,34.4930,179.6224,11.359
80,26,out,0.1188,3,7,1,0.732184,42.6157,179.6224,11.359
80,26,out,0.1188,4,0,1,0.869081,0.0633,0.3442,3.614
80,26,out,0.1188,4,1,1,0.806545,55.2269,179.8232,3.614
80,26,out,0.1188,4,2,1,0.796046,24.3138,179.8232,3.614
80,26,out,0.1188,4,3,1,0.799451,43.1520,179.8232,3.614
80,26,out,0.1188,4,4,1,0.779406,13.2088,179.8232,3.614
80,26,out,0.1188,4,5,1,0.794742,55.8321,179.8232,3.614
80,26,out,0.1188,4,6,1,0.783110,34.2161,179.8232,3.614
80,26,out,0.1188,4,7,1,0.762061,42.1550,179.8232,3.614
80,26,out,0.1188,5,0,1,0.848691,0.0507,0.4318,11.532
80,26,out,0.1188,5,1,1,0.802215,54.8057,179.9501,11.532
80,26,out,0.1188,5,2,1,0.792349,24.2853,179.9501,11.532
80,26,out,0.1188,5,3,1,0.788897,42.7798,179.9501,11.532
80,26,out,0.1188,5,4,1,0.766007,13.6027,179.9501,11.532
80,26,out,0.1188,5,5,1,0.778621,55.4576,179.9501,11.532
80,26,out,0.1188,5,6,1,0.764876,33.8584,179.9501,11.532
80,26,out,0.1188,5,7,1,0.777531,41.7753,179.9501,11.532
80,26,out,0.1188,6,0,1,0.849531,0.0605,0.3423,15.533
80,26,out,0.1188,6,1,1,0.796325,54.4838,179.8606,15.533
80,26,out,0.1188,6,2,1,0.798622,24.2184,179.8606,15.533
80,26,out,0.1188,6,3,1,0.794140,42.3391,179.8606,15.533
80,26,out,0.1188,6,4,1,0.795451,14.0004,179.8606,15.533
80,26,out,0.1188,6,5,1,0.783972,55.1200,179.8606,15.533
80,26,out,0.1188,6,6,1,0.784948,33.7607,179.8606,15.533
80,26,out,0.1188,6,7,1,0.759430,41.4077,179.8606,15.533
80,26,out,0.1188,7,0,1,0.859626,0.0482,0.2703,7.329
80,26,out,0.1188,7,1,1,0.813837,54.2167,179.7886,7.329
80,26,out,0.1188,7,2,1,0.803753,24.2614,179.7886,7.329
80,26,out,0.1188,7,3,1,0.796588,42.1331,179.7886,7.329
80,26,out,0.1188,7,4,1,0.790107,14.4215,179.7886,7.329
80,26,out,0.1188,7,5,1,0.807077,54.8027,179.7886,7.329
80,26,out,0.1188,7,6,1,0.780549,33.5777,179.7886,7.329
80,26,out,0.1188,7,7,1,0.773238,41.1519,179.7886,7.329
80,26,out,0.1188,8,0,1,0.842295,0.0392,0.4958,3.905
80,26,out,0.1188,8,1,1,0.798497,53.7792,179.9748,3.905
80,26,out,0.1188,8,2,1,0.797953,24.1691,179.9748,3.905
80,26,out,0.1188,8,3,1,0.803196,41.8182,179.9748,3.905
80,26,out,0.1188,8,4,1,0.784251,14.8787,179.9748,3.905
80,26,out,0.1188,8,5,1,0.789845,54.4813,179.9748,3.905
80,26,out,0.1188,8,6,1,0.779850,33.4632,179.9748,3.905
80,26,out,0.1188,8,7,1,0.788480,40.7091,179.9748,3.905
80,26,out,0.1188,9,0,1,0.840812,0.0151,0.2188,11.323
80,26,out,0.1188,9,1,1,0.781720,53.7688,179.6979,11.323
80,26,out,0.1188,9,2,1,0.777066,24.1507,179.6979,11.323
80,26,out,0.1188,9,3,1,0.775022,41.6547,179.6979,11.323
80,26,out,0.1188,9,4,1,0.761676,15.5387,179.6979,11.323
80,26,out,0.1188,9,5,1,0.768749,54.3868,179.6979,11.323
80,26,out,0.1188,9,6,1,0.762284,33.5310,179.6979,11.323
80,26,out,0.1188,9,7,1,0.753119,40.4849,179.6979,11.323
80,26,out,0.1188,10,0,1,0.885053,0.0231,0.4349,7.028
80,26,out,0.1188,10,1,1,0.817218,53.7274,179.9532,7.028
80,26,out,0.1188,10,2,1,0.808703,24.2595,179.9532,7.028
80,26,out,0.1188,10,3,1,0.808898,41.8328,179.9532,7.028
80,26,out,0.1188,10,4,1,0.806207,16.0375,179.9532,7.028
80,26,out,0.1188,10,5,1,0.813998,54.4733,179.9532,7.028
80,26,out,0.1188,10,6,1,0.792822,33.7426,179.9532,7.028
80,26,out,0.1188,10,7,1,0.793541,40.4306,179.9532,7.028
80,26,out,0.1188,11,0,1,0.856101,0.0259,0.0905,2.906
80,26,out,0.1188,11,1,1,0.808946,53.6152,179.6088,2.906
80,26,out,0.1188,11,2,1,0.791060,24.7740,179.6088,2.906
80,26,out,0.1188,11,3,1,0.801853,41.7494,179.6088,2.906
80,26,out,0.1188,11,4,1,0.800879,16.5221,179.6088,2.906
80,26,out,0.1188,11,5,1,0.788161,54.4183,179.6088,2.906
80,26,out,0.1188,11,6,1,0.790750,33.8586,179.6088,2.906
80,26,out,0.1188,11,7,1,0.788807,40.4417,179.6088,2.906
80,27,out,0.3683,0,0,1,0.632882,0.0816,0.0044,9138.556
80,27,out,0.3683,0,1,1,0.603076,11.9814,0.0044,9138.556
80,27,out,0.3683,0,2,1,0.600009,12.0186,0.0044,9138.556
80,27,out,0.3683,0,3,1,0.593335,6.0186,0.0044,9138.556
80,27,out,0.3683,0,4,1,0.592696,6.0814,0.0044,9138.556
80,27,out,0.3683,0,5,1,0.590707,18.0186,0.0044,9138.556
80,27,out,0.3683,0,6,1,0.586240,78.1373,179.4746,9138.556
80,27,out,0.3683,0,7,1,0.585496,77.4359,179.4746,9138.556
80,27,out,0.3683,1,0,1,0.647347,0.0287,0.2000,2.664
80,27,out,0.3683,1,1,1,0.628108,11.9811,0.2000,2.664
80,27,out,0.3683,1,2,1,0.620142,12.0189,0.2000,2.664
80,27,out,0.3683,1,3,1,0.610020,6.0189,0.2000,2.664
80,27,out,0.3683,1,4,1,0.612929,5.9811,0.2000,2.664
80,27,out,0.3683,1,5,1,0.618799,18.0189,0.2000,2.664
80,27,out,0.3683,1,6,1,0.612939,78.0045,179.6790,2.664
80,27,out,0.3683,1,7,1,0.617264,77.5344,179.6790,2.664
80,27,out,0.3683,2,0,1,0.559598,0.0364,0.0038,2.379
80,27,out,0.3683,2,1,1,0.533629,12.0744,0.0038,2.379
80,27,out,0.3683,2,2,1,0.521215,11.9257,1.0065,2.379
80,27,out,0.3683,2,3,1,0.526324,6.0257,0.0038,2.379
80,27,out,0.3683,2,4,1,0.525073,5.9744,0.0038,2.379
80,27,out,0.3683,2,5,1,0.518477,18.0257,0.0038,2.379
80,27,out,0.3683,2,6,1,0.523464,77.7296,179.4828,2.379
80,27,out,0.3683,2,7,1,0.535368,77.4853,179.4828,2.379
80,27,out,0.3683,3,0,1,0.615846,0.0441,0.0425,2.510
80,27,out,0.3683,3,1,1,0.551956,11.8614,0.9602,2.510
80,27,out,0.3683,3,2,1,0.557757,12.0411,0.0425,2.510
80,27,out,0.3683,3,3,1,0.546373,6.0386,0.0425,2.510
80,27,out,0.3683,3,4,1,0.558808,5.9615,0.0425,2.510
80,27,out,0.3683,3,5,1,0.550866,18.0386,0.0425,2.510
80,27,out,0.3683,3,6,1,0.539868,77.3354,179.5215,2.510
80,27,out,0.3683,3,7,1,0.564957,77.2971,179.5215,2.510
80,27,out,0.3683,4,0,1,0.589169,0.0450,0.3321,2.548
80,27,out,0.3683,4,1,1,0.551785,11.9458,0.6706,2.548
80,27,out,0.3683,4,2,1,0.543483,11.9589,0.3321,2.548
80,27,out,0.3683,4,3,1,0.540058,6.0564,0.6706,2.548
80,27,out,0.3683,4,4,1,0.552580,5.9436,0.6706,2.548
80,27,out,0.3683,4,5,1,0.549670,17.9564,0.3321,2.548
80,27,out,0.3683,4,6,1,0.533796,76.9965,179.8111,2.548
80,27,out,0.3683,4,7,1,0.538754,77.1555,179.8111,2.548
80,27,out,0.3683,5,0,1,0.609818,0.0516,0.1804,2.216
80,27,out,0.3683,5,1,1,0.545776,11.9565,0.8223,2.216
80,27,out,0.3683,5,2,1,0.558536,12.0506,0.8223,2.216
80,27,out,0.3683,5,3,1,0.559322,6.0458,0.8223,2.216
80,27,out,0.3683,5,4,1,0.546688,5.9543,0.8223,2.216
80,27,out,0.3683,5,5,1,0.550721,18.0482,0.8223,2.216
80,27,out,0.3683,5,6,1,0.551538,76.6180,179.6594,2.216
80,27,out,0.3683,5,7,1,0.548139,77.0049,179.6594,2.216
80,27,out,0.3683,6,0,1,0.657194,0.0667,0.4067,2.083
80,27,out,0.3683,6,1,1,0.592953,11.9402,0.4067,2.083
80,27,out,0.3683,6,2,1,0.620206,12.0669,0.4067,2.083
80,27,out,0.3683,6,3,1,0.615017,6.0620,0.4067,2.083
80,27,out,0.3683,6,4,1,0.606798,5.9380,0.4067,2.083
80,27,out,0.3683,6,5,1,0.602444,18.0644,0.4067,2.083
80,27,out,0.3683,6,6,1,0.593637,76.3234,179.9250,2.083
80,27,out,0.3683,6,7,1,0.606120,76.9394,179.9250,2.083
80,27,out,0.3683,7,0,1,0.637367,0.0676,0.1650,2.216
80,27,out,0.3683,7,1,1,0.581535,11.9388,0.1650,2.216
80,27,out,0.3683,7,2,1,0.596603,12.0682,0.1650,2.216
80,27,out,0.3683,7,3,1,0.583258,6.0634,0.1650,2.216
80,27,out,0.3683,7,4,1,0.582850,5.9367,0.1650,2.216
80,27,out,0.3683,7,5,1,0.577363,18.0658,0.1650,2.216
80,27,out,0.3683,7,6,1,0.589999,76.3274,179.6440,2.216
80,27,out,0.3683,7,7,1,0.590984,76.9439,179.6440,2.216
80,27,out,0.3683,8,0,1,0.651821,0.0330,0.2252,2.201
80,27,out,0.3683,8,1,1,0.569870,11.9392,0.2252,2.201
80,27,out,0.3683,8,2,1,0.574157,12.0679,0.2252,2.201
80,27,out,0.3683,8,3,1,0.581860,6.0630,0.2252,2.201
80,27,out,0.3683,8,4,1,0.577835,5.9370,0.2252,2.201
80,27,out,0.3683,8,5,1,0.572986,18.0654,0.2252,2.201
80,27,out,0.3683,8,6,1,0.572096,76.8181,179.2538,2.201
80,27,out,0.3683,8,7,1,0.568918,77.5318,179.2538,2.201
80,27,out,0.3683,9,0,1,0.649068,0.0367,1.0642,1.742
80,27,out,0.3683,9,1,1,0.621870,11.9426,1.0642,1.742
80,27,out,0.3683,9,2,1,0.618649,12.0645,1.0642,1.742
80,27,out,0.3683,9,3,1,0.620331,6.0596,1.0642,1.742
80,27,out,0.3683,9,4,1,0.619365,5.9404,1.0642,1.742
80,27,out,0.3683,9,5,1,0.613398,18.0620,1.0642,1.742
80,27,out,0.3683,9,6,1,0.632694,76.8244,179.4568,1.742
80,27,out,0.3683,9,7,1,0.632901,77.5368,179.4568,1.742
80,27,out,0.3683,10,0,1,0.621028,0.0276,0.3323,2.428
80,27,out,0.3683,10,1,1,0.571635,11.9337,0.3323,2.428
80,27,out,0.3683,10,2,1,0.572043,12.0733,0.3323,2.428
80,27,out,0.3683,10,3,1,0.573652,6.0685,0.3323,2.428
80,27,out,0.3683,10,4,1,0.559210,5.9316,0.3323,2.428
80,27,out,0.3683,10,5,1,0.577871,18.0709,0.3323,2.428
80,27,out,0.3683,10,6,1,0.575676,76.4906,179.8113,2.428
80,27,out,0.3683,10,7,1,0.577780,77.0386,179.8113,2.428
80,27,out,0.3683,11,0,1,0.614765,0.0559,0.2125,2.274
80,27,out,0.3683,11,1,1,0.548567,11.9509,0.2125,2.274
80,27,out,0.3683,11,2,1,0.556154,12.0562,0.2125,2.274
80,27,out,0.3683,11,3,1,0.546509,6.0513,0.2125,2.274
80,27,out,0.3683,11,4,1,0.545527,5.9487,0.2125,2.274
80,27,out,0.3683,11,5,1,0.551903,18.0537,0.2125,2.274
80,27,out,0.3683,11,6,1,0.534522,76.2703,179.2666,2.274
80,27,out,0.3683,11,7,1,0.560382,76.6135,179.2666,2.274
80,28,out,0.2010,0,0,1,0.786553,0.0383,0.1272,3999.559
80,28,out,0.2010,0,1,1,0.731134,9.0346,0.1272,3999.559
80,28,out,0.2010,0,2,1,0.730186,17.5806,179.6062,3999.559
80,28,out,0.2010,0,3,1,0.721530,34.5179,0.1272,3999.559
80,28,out,0.2010,0,4,1,0.715701,19.7282,0.1272,3999.559
80,28,out,0.2010,0,5,1,0.714842,18.7043,179.6062,3999.559
80,28,out,0.2010,0,6,1,0.713603,31.0046,179.6062,3999.559
80,28,out,0.2010,0,7,1,0.712799,13.4690,0.1272,3999.559
80,28,out,0.2010,1,0,1,0.734595,0.0539,0.2792,3.788
80,28,out,0.2010,1,1,1,0.709109,9.0187,0.7235,3.788
80,28,out,0.2010,1,2,1,0.702254,17.2683,179.7582,3.788
80,28,out,0.2010,1,3,1,0.693857,34.5100,0.7235,3.788
80,28,out,0.2010,1,4,1,0.675173,19.8718,0.2792,3.788
80,28,out,0.2010,1,5,1,0.694362,18.4091,179.7582,3.788
80,28,out,0.2010,1,6,1,0.653778,30.5842,179.7582,3.788
80,28,out,0.2010,1,7,1,0.680639,13.4993,0.2792,3.788
80,28,out,0.2010,2,0,1,0.847121,0.0523,0.1363,3.668
80,28,out,0.2010,2,1,1,0.759191,9.0212,0.1363,3.668
80,28,out,0.2010,2,2,1,0.768161,17.0861,179.6153,3.668
80,28,out,0.2010,2,3,1,0.771616,34.4034,0.1363,3.668
80,28,out,0.2010,2,4,1,0.746678,19.7903,0.8664,3.668
80,28,out,0.2010,2,5,1,0.750659,18.1125,179.6153,3.668
80,28,out,0.2010,2,6,1,0.751347,30.3671,179.6153,3.668
80,28,out,0.2010,2,7,1,0.742493,13.4553,0.8664,3.668
80,28,out,0.2010,3,0,1,0.821647,0.0378,0.0541,4.314
80,28,out,0.2010,3,1,1,0.736202,9.0363,0.0541,4.314
80,28,out,0.2010,3,2,1,0.717564,16.8371,179.5331,4.314
80,28,out,0.2010,3,3,1,0.728959,34.4132,0.0541,4.314
80,28,out,0.2010,3,4,1,0.722065,19.5711,0.0541,4.314
80,28,out,0.2010,3,5,1,0.711243,17.7309,179.4642,4.314
80,28,out,0.2010,3,6,1,0.713913,30.1020,179.4642,4.314
80,28,out,0.2010,3,7,1,0.720844,13.4744,0.0541,4.314
80,28,out,0.2010,4,0,1,0.827637,0.0333,0.7562,3.528
80,28,out,0.2010,4,1,1,0.718281,9.0394,0.2464,3.528
80,28,out,0.2010,4,2,1,0.715386,16.6317,179.7647,3.528
80,28,out,0.2010,4,3,1,0.744081,34.4101,0.7562,3.528
80,28,out,0.2010,4,4,1,0.722080,19.8119,0.7562,3.528
80,28,out,0.2010,4,5,1,0.667333,17.4228,179.7647,3.528
80,28,out,0.2010,4,6,1,0.714916,29.7685,179.7647,3.528
80,28,out,0.2010,4,7,1,0.673099,13.4796,0.2464,3.528
80,28,out,0.2010,5,0,1,0.748771,0.0289,0.0978,3.115
80,28,out,0.2010,5,1,1,0.648062,9.0433,0.0978,3.115
80,28,out,0.2010,5,2,1,0.673245,16.6396,179.6161,3.115
80,28,out,0.2010,5,3,1,0.666300,34.5056,0.0978,3.115
80,28,out,0.2010,5,4,1,0.666099,19.5773,0.0978,3.115
80,28,out,0.2010,5,5,1,0.625193,17.3563,179.6161,3.115
80,28,out,0.2010,5,6,1,0.669014,29.7764,179.6161,3.115
80,28,out,0.2010,5,7,1,0.625036,13.5318,0.0978,3.115
80,28,out,0.2010,6,0,1,0.821449,0.0808,0.3040,3.867
80,28,out,0.2010,6,1,1,0.720731,9.0356,0.3040,3.867
80,28,out,0.2010,6,2,1,0.741344,17.0801,179.7830,3.867
80,28,out,0.2010,6,3,1,0.757099,34.5058,0.3040,3.867
80,28,out,0.2010,6,4,1,0.738864,19.7286,0.3040,3.867
80,28,out,0.2010,6,5,1,0.688480,17.4580,179.7830,3.867
80,28,out,0.2010,6,6,1,0.743868,30.3551,179.7830,3.867
80,28,out,0.2010,6,7,1,0.706934,13.5224,0.3040,3.867
80,28,out,0.2010,7,0,1,0.783721,0.0380,0.3897,3.711
80,28,out,0.2010,7,1,1,0.723592,9.0374,0.3897,3.711
80,28,out,0.2010,7,2,1,0.737349,17.4962,179.9080,3.711
80,28,out,0.2010,7,3,1,0.731713,34.3927,0.3897,3.711
80,28,out,0.2010,7,4,1,0.723194,19.8084,0.3897,3.711
80,28,out,0.2010,7,5,1,0.707372,17.5269,179.9080,3.711
80,28,out,0.2010,7,6,1,0.722221,30.7812,179.9080,3.711
80,28,out,0.2010,7,7,1,0.702572,13.5778,0.3897,3.711
80,28,out,0.2010,8,0,1,0.801110,0.0443,0.3096,4.055
80,28,out,0.2010,8,1,1,0.726663,9.1072,0.6931,4.055
80,28,out,0.2010,8,2,1,0.742952,17.8932,179.7886,4.055
80,28,out,0.2010,8,3,1,0.737126,34.4850,0.3096,4.055
80,28,out,0.2010,8,4,1,0.711395,19.8029,0.6931,4.055
80,28,out,0.2010,8,5,1,0.714675,17.9137,179.7886,4.055
80,28,out,0.2010,8,6,1,0.716072,31.2518,179.7886,4.055
80,28,out,0.2010,8,7,1,0.724186,13.4817,0.3096,4.055
80,28,out,0.2010,9,0,1,0.813316,0.0458,0.2669,3.283
80,28,out,0.2010,9,1,1,0.735016,9.0304,0.2669,3.283
80,28,out,0.2010,9,2,1,0.722873,18.3333,179.7459,3.283
80,28,out,0.2010,9,3,1,0.729609,34.4804,0.2669,3.283
80,28,out,0.2010,9,4,1,0.716348,19.8007,0.2669,3.283
80,28,out,0.2010,9,5,1,0.711331,17.8903,179.7459,3.283
80,28,out,0.2010,9,6,1,0.692082,31.6409,179.7459,3.283
80,28,out,0.2010,9,7,1,0.719811,13.3538,0.2669,3.283
80,28,out,0.2010,10,0,1,0.827679,0.0495,0.3411,2.852
80,28,out,0.2010,10,1,1,0.765534,9.1028,0.3411,2.852
80,28,out,0.2010,10,2,1,0.771428,18.8908,179.8202,2.852
80,28,out,0.2010,10,3,1,0.765386,34.4767,0.3411,2.852
80,28,out,0.2010,10,4,1,0.753379,19.7979,0.3411,2.852
80,28,out,0.2010,10,5,1,0.765293,17.8536,179.8202,2.852
80,28,out,0.2010,10,6,1,0.750356,32.2123,179.8202,2.852
80,28,out,0.2010,10,7,1,0.745056,13.4866,0.3411,2.852
80,28,out,0.2010,11,0,1,0.725160,0.0411,0.3129,4.183
80,28,out,0.2010,11,1,1,0.696833,9.1054,0.3129,4.183
80,28,out,0.2010,11,2,1,0.692148,19.4815,179.8312,4.183
80,28,out,0.2010,11,3,1,0.685976,34.5602,0.3129,4.183
80,28,out,0.2010,11,4,1,0.681570,19.7990,0.3129,4.183
80,28,out,0.2010,11,5,1,0.687204,17.7983,179.8312,4.183
80,28,out,0.2010,11,6,1,0.655855,32.8136,179.8312,4.183
80,28,out,0.2010,11,7,1,0.674186,13.5426,0.3129,4.183
80,29,out,0.0984,0,0,1,0.861594,0.0242,0.1440,3630.692
80,29,out,0.0984,0,1,1,0.752142,48.3820,0.1440,3630.692
80,29,out,0.0984,0,2,1,0.748268,48.4496,179.6623,3630.692
80,29,out,0.0984,0,3,1,0.747710,42.3173,0.1440,3630.692
80,29,out,0.0984,0,4,1,0.745607,49.0707,0.1440,3630.692
80,29,out,0.0984,0,5,1,0.745416,18.0293,0.1440,3630.692
80,29,out,0.0984,0,6,1,0.744012,61.5194,0.1440,3630.692
80,29,out,0.0984,0,7,1,0.742464,28.2626,0.1440,3630.692
80,29,out,0.0984,1,0,1,0.872185,0.0305,0.5080,6.162
80,29,out,0.0984,1,1,1,0.757871,48.3773,0.5080,6.162
80,29,out,0.0984,1,2,1,0.749505,47.8308,179.9870,6.162
80,29,out,0.0984,1,3,1,0.754586,42.3127,0.5080,6.162
80,29,out,0.0984,1,4,1,0.739018,49.0855,0.5080,6.162
80,29,out,0.0984,1,5,1,0.758312,18.0241,0.5080,6.162
80,29,out,0.0984,1,6,1,0.733760,61.4699,0.5080,6.162
80,29,out,0.0984,1,7,1,0.734135,28.2003,0.5080,6.162
80,29,out,0.0984,2,0,1,0.853250,0.0364,0.4900,10.552
80,29,out,0.0984,2,1,1,0.751959,48.3875,0.5127,10.552
80,29,out,0.0984,2,2,1,0.756100,47.2514,179.9690,10.552
80,29,out,0.0984,2,3,1,0.750469,42.3107,0.4900,10.552
80,29,out,0.0984,2,4,1,0.719324,49.0828,0.4900,10.552
80,29,out,0.0984,2,5,1,0.746969,18.0232,0.4900,10.552
80,29,out,0.0984,2,6,1,0.710609,61.4456,0.4900,10.552
80,29,out,0.0984,2,7,1,0.729540,28.3535,0.4900,10.552
80,29,out,0.0984,3,0,1,0.856416,0.0812,0.1138,2.842
80,29,out,0.0984,3,1,1,0.763269,48.3493,0.1138,2.842
80,29,out,0.0984,3,2,1,0.746720,46.7090,179.5929,2.842
80,29,out,0.0984,3,3,1,0.763486,42.2472,0.1138,2.842
80,29,out,0.0984,3,4,1,0.724087,49.0076,0.1138,2.842
80,29,out,0.0984,3,5,1,0.755796,17.9449,0.1138,2.842
80,29,out,0.0984,3,6,1,0.714634,61.3920,0.1138,2.842
80,29,out,0.0984,3,7,1,0.736118,28.3381,0.1138,2.842
80,29,out,0.0984,4,0,1,0.854343,0.0795,0.3437,10.732
80,29,out,0.0984,4,1,1,0.760521,48.3179,0.3437,10.732
80,29,out,0.0984,4,2,1,0.766000,46.1030,179.8227,10.732
80,29,out,0.0984,4,3,1,0.771294,42.2537,0.3437,10.732
80,29,out,0.0984,4,4,1,0.726274,49.1121,0.6590,10.732
80,29,out,0.0984,4,5,1,0.746775,17.9510,0.3437,10.732
80,29,out,0.0984,4,6,1,0.709030,61.4963,0.6590,10.732
80,29,out,0.0984,4,7,1,0.736478,28.2917,0.3437,10.732
80,29,out,0.0984,5,0,1,0.860338,0.0839,0.2798,10.935
80,29,out,0.0984,5,1,1,0.819922,48.3216,0.2798,10.935
80,29,out,0.0984,5,2,1,0.824299,45.4906,179.7588,10.935
80,29,out,0.0984,5,3,1,0.820588,42.2818,0.2798,10.935
80,29,out,0.0984,5,4,1,0.780509,49.0953,0.2798,10.935
80,29,out,0.0984,5,5,1,0.812234,17.9537,0.2798,10.935
80,29,out,0.0984,5,6,1,0.767204,61.5435,0.7229,10.935
80,29,out,0.0984,5,7,1,0.791373,28.2981,0.2798,10.935
80,29,out,0.0984,6,0,1,0.872982,0.0563,0.2700,2.645
80,29,out,0.0984,6,1,1,0.806721,48.4187,0.2700,2.645
80,29,out,0.0984,6,2,1,0.785438,44.9056,179.7883,2.645
80,29,out,0.0984,6,3,1,0.802082,42.3545,0.2700,2.645
80,29,out,0.0984,6,4,1,0.760354,49.0935,0.2700,2.645
80,29,out,0.0984,6,5,1,0.787863,18.0546,0.2700,2.645
80,29,out,0.0984,6,6,1,0.760189,61.5637,0.2700,2.645
80,29,out,0.0984,6,7,1,0.791000,28.3828,0.2700,2.645
80,29,out,0.0984,7,0,1,0.866428,0.0515,0.2655,10.568
80,29,out,0.0984,7,1,1,0.778644,48.4332,0.7372,10.568
80,29,out,0.0984,7,2,1,0.775047,44.2912,179.7445,10.568
80,29,out,0.0984,7,3,1,0.788278,42.2697,0.2655,10.568
80,29,out,0.0984,7,4,1,0.759659,49.1274,0.2655,10.568
80,29,out,0.0984,7,5,1,0.774050,17.9709,0.2655,10.568
80,29,out,0.0984,7,6,1,0.752513,61.5115,0.2655,10.568
80,29,out,0.0984,7,7,1,0.775570,28.3373,0.7372,10.568
80,29,out,0.0984,8,0,1,0.847198,0.0732,0.5285,10.523
80,29,out,0.0984,8,1,1,0.792527,48.4211,0.5285,10.523
80,29,out,0.0984,8,2,1,0.773099,43.6154,179.9532,10.523
80,29,out,0.0984,8,3,1,0.775876,42.3460,0.5285,10.523
80,29,out,0.0984,8,4,1,0.773996,49.1155,0.5285,10.523
80,29,out,0.0984,8,5,1,0.763078,18.0588,0.5285,10.523
80,29,out,0.0984,8,6,1,0.758147,61.4781,0.5285,10.523
80,29,out,0.0984,8,7,1,0.781058,28.3208,0.5285,10.523
80,29,out,0.0984,9,0,1,0.863694,0.0733,0.6288,2.129
80,29,out,0.0984,9,1,1,0.790508,48.4075,0.6288,2.129
80,29,out,0.0984,9,2,1,0.778547,43.7257,179.8529,2.129
80,29,out,0.0984,9,3,1,0.783912,42.2571,0.3739,2.129
80,29,out,0.0984,9,4,1,0.773362,49.1140,0.6288,2.129
80,29,out,0.0984,9,5,1,0.781407,17.9598,0.3739,2.129
80,29,out,0.0984,9,6,1,0.771655,61.4131,0.3739,2.129
80,29,out,0.0984,9,7,1,0.787259,28.2662,0.6288,2.129
80,29,out,0.0984,10,0,1,0.885599,0.0487,0.4540,10.425
80,29,out,0.0984,10,1,1,0.794666,48.4056,0.4540,10.425
80,29,out,0.0984,10,2,1,0.775781,44.0510,179.9723,10.425
80,29,out,0.0984,10,3,1,0.781844,42.3381,0.4540,10.425
80,29,out,0.0984,10,4,1,0.759536,49.1017,0.4540,10.425
80,29,out,0.0984,10,5,1,0.772412,18.0393,0.4540,10.425
80,29,out,0.0984,10,6,1,0.740947,61.4600,0.4540,10.425
80,29,out,0.0984,10,7,1,0.795059,28.2620,0.4540,10.425
80,29,out,0.0984,11,0,1,0.868172,0.0826,0.2847,2.589
80,29,out,0.0984,11,1,1,0.786865,48.4186,0.7180,2.589
80,29,out,0.0984,11,2,1,0.763106,44.5662,179.7637,2.589
80,29,out,0.0984,11,3,1,0.782690,42.2519,0.2847,2.589
80,29,out,0.0984,11,4,1,0.728284,49.1349,0.7180,2.589
80,29,out,0.0984,11,5,1,0.763212,17.9531,0.2847,2.589
80,29,out,0.0984,11,6,1,0.718453,61.4938,0.7180,2.589
80,29,out,0.0984,11,7,1,0.778898,28.3239,0.7180,2.589
80,30,out,0.1709,0,0,1,0.843133,0.0646,0.0457,5961.238
80,30,out,0.1709,0,1,1,0.788381,6.0507,0.0457,5961.238
80,30,out,0.1709,0,2,1,0.784487,12.0506,0.0457,5961.238
80,30,out,0.1709,0,3,1,0.780894,79.0222,179.5640,5961.238
80,30,out,0.1709,0,4,1,0.777912,18.0506,0.0457,5961.238
80,30,out,0.1709,0,5,1,0.776157,24.0506,0.0457,5961.238
80,30,out,0.1709,0,6,1,0.775199,12.0495,0.0457,5961.238
80,30,out,0.1709,0,7,1,0.771827,81.5556,179.5640,5961.238
80,30,out,0.1709,1,0,1,0.809592,0.0434,0.1756,2.025
80,30,out,0.1709,1,1,1,0.754380,6.0232,0.1756,2.025
80,30,out,0.1709,1,2,1,0.755143,12.0231,0.1756,2.025
80,30,out,0.1709,1,3,1,0.755062,79.6064,179.6547,2.025
80,30,out,0.1709,1,4,1,0.747223,18.0231,0.1756,2.025
80,30,out,0.1709,1,5,1,0.744278,24.0231,0.1756,2.025
80,30,out,0.1709,1,6,1,0.744061,11.9770,0.1756,2.025
80,30,out,0.1709,1,7,1,0.759565,82.1305,179.6547,2.025
80,30,out,0.1709,2,0,1,0.823169,0.0909,0.4738,1.422
80,30,out,0.1709,2,1,1,0.770683,6.0197,0.5289,1.422
80,30,out,0.1709,2,2,1,0.768407,12.0196,0.5289,1.422
80,30,out,0.1709,2,3,1,0.780499,79.6124,179.9528,1.422
80,30,out,0.1709,2,4,1,0.763779,18.0196,0.5289,1.422
80,30,out,0.1709,2,5,1,0.761347,24.0196,0.5289,1.422
80,30,out,0.1709,2,6,1,0.754310,11.9806,0.5289,1.422
80,30,out,0.1709,2,7,1,0.776430,82.1368,179.9528,1.422
80,30,out,0.1709,3,0,1,0.866232,0.0489,0.4048,1.901
80,30,out,0.1709,3,1,1,0.805964,6.0209,0.4048,1.901
80,30,out,0.1709,3,2,1,0.802439,12.0209,0.4048,1.901
80,30,out,0.1709,3,3,1,0.817133,79.1325,179.9231,1.901
80,30,out,0.1709,3,4,1,0.803321,18.0208,0.4048,1.901
80,30,out,0.1709,3,5,1,0.805281,24.0208,0.4048,1.901
80,30,out,0.1709,3,6,1,0.791521,11.9793,0.4048,1.901
80,30,out,0.1709,3,7,1,0.809994,81.7136,179.9231,1.901
80,30,out,0.1709,4,0,1,0.742553,0.0461,0.2390,1.890
80,30,out,0.1709,4,1,1,0.679667,6.0087,0.2390,1.890
80,30,out,0.1709,4,2,1,0.677447,12.0086,0.2390,1.890
80,30,out,0.1709,4,3,1,0.687212,78.6134,179.7180,1.890
80,30,out,0.1709,4,4,1,0.673375,18.0085,0.2390,1.890
80,30,out,0.1709,4,5,1,0.683003,23.9085,0.2390,1.890
80,30,out,0.1709,4,6,1,0.655325,12.0916,0.2390,1.890
80,30,out,0.1709,4,7,1,0.679885,81.2446,179.7180,1.890
80,30,out,0.1709,5,0,1,0.795059,0.0346,0.4249,2.217
80,30,out,0.1709,5,1,1,0.743770,6.0103,0.4249,2.217
80,30,out,0.1709,5,2,1,0.739817,12.0102,0.4249,2.217
80,30,out,0.1709,5,3,1,0.761158,78.1397,179.9432,2.217
80,30,out,0.1709,5,4,1,0.740865,18.0102,0.4249,2.217
80,30,out,0.1709,5,5,1,0.736490,24.0102,0.4249,2.217
80,30,out,0.1709,5,6,1,0.742529,11.9899,0.4249,2.217
80,30,out,0.1709,5,7,1,0.760270,80.8323,179.9432,2.217
80,30,out,0.1709,6,0,1,0.846538,0.0264,0.0902,2.120
80,30,out,0.1709,6,1,1,0.800354,6.0136,0.0902,2.120
80,30,out,0.1709,6,2,1,0.790684,12.0135,0.0902,2.120
80,30,out,0.1709,6,3,1,0.766125,77.6985,179.6085,2.120
80,30,out,0.1709,6,4,1,0.787171,18.0135,0.0902,2.120
80,30,out,0.1709,6,5,1,0.782069,24.0135,0.0902,2.120
80,30,out,0.1709,6,6,1,0.774271,11.9865,0.0902,2.120
80,30,out,0.1709,6,7,1,0.756955,80.4695,179.6085,2.120
80,30,out,0.1709,7,0,1,0.788026,0.0856,0.4317,2.716
80,30,out,0.1709,7,1,1,0.738903,6.0148,0.4317,2.716
80,30,out,0.1709,7,2,1,0.722303,12.0148,0.4317,2.716
80,30,out,0.1709,7,3,1,0.771131,77.1897,179.9107,2.716
80,30,out,0.1709,7,4,1,0.721763,18.0148,0.4317,2.716
80,30,out,0.1709,7,5,1,0.719126,24.0148,0.4317,2.716
80,30,out,0.1709,7,6,1,0.722108,11.9853,0.5710,2.716
80,30,out,0.1709,7,7,1,0.764026,79.9998,179.9107,2.716
80,30,out,0.1709,8,0,1,0.797014,0.0138,0.1882,2.249
80,30,out,0.1709,8,1,1,0.663377,6.2043,0.1882,2.249
80,30,out,0.1709,8,2,1,0.762000,12.0043,0.1882,2.249
80,30,out,0.1709,8,3,1,0.755680,76.6478,179.6672,2.249
80,30,out,0.1709,8,4,1,0.762554,18.0043,0.1882,2.249
80,30,out,0.1709,8,5,1,0.756208,24.0043,0.1882,2.249
80,30,out,0.1709,8,6,1,0.748904,12.0010,0.1882,2.249
80,30,out,0.1709,8,7,1,0.749715,79.5088,179.6672,2.249
80,30,out,0.1709,9,0,1,0.795407,0.0112,0.3528,1.891
80,30,out,0.1709,9,1,1,0.775177,6.0056,0.3528,1.891
80,30,out,0.1709,9,2,1,0.764282,12.0056,0.3528,1.891
80,30,out,0.1709,9,3,1,0.775476,76.0950,179.8711,1.891
80,30,out,0.1709,9,4,1,0.765297,18.0056,0.3528,1.891
80,30,out,0.1709,9,5,1,0.765193,24.0056,0.3528,1.891
80,30,out,0.1709,9,6,1,0.762851,11.9996,0.3528,1.891
80,30,out,0.1709,9,7,1,0.761265,79.0021,179.8711,1.891
80,30,out,0.1709,10,0,1,0.827443,0.0025,0.4853,1.873
80,30,out,0.1709,10,1,1,0.797031,5.9975,0.4853,1.873
80,30,out,0.1709,10,2,1,0.790919,11.9975,0.4853,1.873
80,30,out,0.1709,10,3,1,0.811439,75.5368,179.9643,1.873
80,30,out,0.1709,10,4,1,0.791172,17.9975,0.4853,1.873
80,30,out,0.1709,10,5,1,0.782896,23.9975,0.4853,1.873
80,30,out,0.1709,10,6,1,0.787942,12.0078,0.4853,1.873
80,30,out,0.1709,10,7,1,0.808947,78.4815,179.9643,1.873
80,30,out,0.1709,11,0,1,0.858784,0.0243,0.3114,2.367
80,30,out,0.1709,11,1,1,0.835144,6.0126,0.3114,2.367
80,30,out,0.1709,11,2,1,0.833135,12.0126,0.3114,2.367
80,30,out,0.1709,11,3,1,0.825450,74.9576,179.8297,2.367
80,30,out,0.1709,11,4,1,0.829735,18.0125,0.3114,2.367
80,30,out,0.1709,11,5,1,0.827534,24.0125,0.3114,2.367
80,30,out,0.1709,11,6,1,0.813362,11.9927,0.3114,2.367
80,30,out,0.1709,11,7,1,0.819609,77.9405,179.8297,2.367
80,31,out,0.0223,0,0,1,0.967823,0.0065,0.3536,4035.786
80,31,out,0.0223,0,1,1,0.755878,60.4361,0.3536,4035.786
80,31,out,0.0223,0,2,1,0.752985,28.1767,179.8719,4035.786
80,31,out,0.0223,0,3,1,0.740656,44.8054,0.3536,4035.786
80,31,out,0.0223,0,4,1,0.735002,71.0572,179.8719,4035.786
80,31,out,0.0223,0,5,1,0.732472,48.4453,0.3536,4035.786
80,31,out,0.0223,0,6,1,0.732266,62.4107,0.3536,4035.786
80,31,out,0.0223,0,7,1,0.731532,57.4688,0.3536,4035.786
80,31,out,0.0223,1,0,1,0.952992,0.0043,0.4458,6.449
80,31,out,0.0223,1,1,1,0.739694,60.4302,0.4458,6.449
80,31,out,0.0223,1,2,1,0.746344,27.9120,179.9248,6.449
80,31,out,0.0223,1,3,1,0.726297,44.7087,0.4458,6.449
80,31,out,0.0223,1,4,1,0.755085,70.6432,179.9248,6.449
80,31,out,0.0223,1,5,1,0.729462,48.4515,0.4458,6.449
80,31,out,0.0223,1,6,1,0.717136,62.4171,0.5569,6.449
80,31,out,0.0223,1,7,1,0.720402,57.4749,0.4458,6.449
80,31,out,0.0223,2,0,1,0.967419,0.0088,0.0753,2.003
80,31,out,0.0223,2,1,1,0.714078,60.4446,0.0753,2.003
80,31,out,0.0223,2,2,1,0.723676,27.5112,179.5936,2.003
80,31,out,0.0223,2,3,1,0.725221,44.7950,0.0753,2.003
80,31,out,0.0223,2,4,1,0.746351,70.1681,179.4037,2.003
80,31,out,0.0223,2,5,1,0.730687,48.4536,0.0753,2.003
80,31,out,0.0223,2,6,1,0.709315,62.4498,0.0753,2.003
80,31,out,0.0223,2,7,1,0.713457,57.4677,0.0753,2.003
80,31,out,0.0223,3,0,1,0.980083,0.0088,0.1797,6.353
80,31,out,0.0223,3,1,1,0.717746,60.4221,0.1797,6.353
80,31,out,0.0223,3,2,1,0.736804,27.0610,179.6587,6.353
80,31,out,0.0223,3,3,1,0.750333,44.8009,0.1797,6.353
80,31,out,0.0223,3,4,1,0.770087,69.6444,179.6587,6.353
80,31,out,0.0223,3,5,1,0.752700,48.4432,0.1797,6.353
80,31,out,0.0223,3,6,1,0.721001,62.5240,0.1797,6.353
80,31,out,0.0223,3,7,1,0.734231,57.4641,0.1797,6.353
80,31,out,0.0223,4,0,1,0.962027,0.0115,0.1127,6.364
80,31,out,0.0223,4,1,1,0.715020,60.4293,0.1127,6.364
80,31,out,0.0223,4,2,1,0.723326,26.6165,179.4056,6.364
80,31,out,0.0223,4,3,1,0.731772,44.8151,0.1127,6.364
80,31,out,0.0223,4,4,1,0.764503,69.0771,179.5917,6.364
80,31,out,0.0223,4,5,1,0.745820,48.4644,0.1127,6.364
80,31,out,0.0223,4,6,1,0.720182,62.5335,0.1127,6.364
80,31,out,0.0223,4,7,1,0.719091,57.4793,0.1127,6.364
80,31,out,0.0223,5,0,1,0.966074,0.0225,0.2805,2.019
80,31,out,0.0223,5,1,1,0.739870,60.4270,0.2805,2.019
80,31,out,0.0223,5,2,1,0.738483,25.9940,179.7595,2.019
80,31,out,0.0223,5,3,1,0.754544,44.8201,0.2805,2.019
80,31,out,0.0223,5,4,1,0.791954,68.5131,179.7595,2.019
80,31,out,0.0223,5,5,1,0.773212,48.4364,0.2805,2.019
80,31,out,0.0223,5,6,1,0.742350,62.5484,0.2805,2.019
80,31,out,0.0223,5,7,1,0.742598,57.4724,0.2805,2.019
80,31,out,0.0223,6,0,1,0.946428,0.0283,0.2290,5.911
80,31,out,0.0223,6,1,1,0.703493,60.4247,0.2290,5.911
80,31,out,0.0223,6,2,1,0.723241,25.6474,179.7080,5.911
80,31,out,0.0223,6,3,1,0.732307,44.7267,0.2290,5.911
80,31,out,0.0223,6,4,1,0.770989,68.0156,179.7080,5.911
80,31,out,0.0223,6,5,1,0.741212,48.4480,0.2290,5.911
80,31,out,0.0223,6,6,1,0.717222,62.5188,0.2290,5.911
80,31,out,0.0223,6,7,1,0.709708,57.3968,0.2290,5.911
80,31,out,0.0223,7,0,1,0.962473,0.0192,0.0266,2.251
80,31,out,0.0223,7,1,1,0.723776,60.4848,0.0266,2.251
80,31,out,0.0223,7,2,1,0.712523,25.0206,179.5449,2.251
80,31,out,0.0223,7,3,1,0.722623,44.7228,0.0266,2.251
80,31,out,0.0223,7,4,1,0.760945,67.4744,179.4525,2.251
80,31,out,0.0223,7,5,1,0.761645,48.4572,0.0266,2.251
80,31,out,0.0223,7,6,1,0.708497,62.5692,0.0266,2.251
80,31,out,0.0223,7,7,1,0.702334,57.4887,0.0266,2.251
80,31,out,0.0223,8,0,1,0.973717,0.0208,0.0844,6.209
80,31,out,0.0223,8,1,1,0.753532,60.5060,0.0844,6.209
80,31,out,0.0223,8,2,1,0.719414,24.7632,179.6027,6.209
80,31,out,0.0223,8,3,1,0.713306,44.8208,0.0844,6.209
80,31,out,0.0223,8,4,1,0.809296,66.9568,179.3946,6.209
80,31,out,0.0223,8,5,1,0.770477,48.4536,0.0844,6.209
80,31,out,0.0223,8,6,1,0.731704,62.5519,0.0844,6.209
80,31,out,0.0223,8,7,1,0.715846,57.4754,0.0844,6.209
80,31,out,0.0223,9,0,1,0.952070,0.0166,0.0128,2.127
80,31,out,0.0223,9,1,1,0.696301,60.4657,0.0128,2.127
80,31,out,0.0223,9,2,1,0.642868,24.1210,179.4919,2.127
80,31,out,0.0223,9,3,1,0.634683,44.7140,0.0128,2.127
80,31,out,0.0223,9,4,1,0.793865,66.3985,179.4919,2.127
80,31,out,0.0223,9,5,1,0.703198,48.4518,0.0128,2.127
80,31,out,0.0223,9,6,1,0.666882,62.5207,0.0128,2.127
80,31,out,0.0223,9,7,1,0.646078,57.4688,0.0128,2.127
80,31,out,0.0223,10,0,1,0.965467,0.0200,0.1605,6.168
80,31,out,0.0223,10,1,1,0.695550,60.5025,0.1605,6.168
80,31,out,0.0223,10,2,1,0.651741,24.2268,179.3185,6.168
80,31,out,0.0223,10,3,1,0.650714,44.8165,0.1605,6.168
80,31,out,0.0223,10,4,1,0.804808,66.3976,179.6788,6.168
80,31,out,0.0223,10,5,1,0.706968,48.4501,0.1605,6.168
80,31,out,0.0223,10,6,1,0.666484,62.5762,0.1605,6.168
80,31,out,0.0223,10,7,1,0.658737,57.4699,0.1605,6.168
80,31,out,0.0223,11,0,1,0.933586,0.0422,0.8021,2.304
80,31,out,0.0223,11,1,1,0.747011,60.4894,0.8021,2.304
80,31,out,0.0223,11,2,1,0.664760,24.1159,179.6796,2.304
80,31,out,0.0223,11,3,1,0.646260,44.7118,0.8021,2.304
80,31,out,0.0223,11,4,1,0.777727,66.6014,179.6796,2.304
80,31,out,0.0223,11,5,1,0.745256,48.5228,0.2006,2.304
80,31,out,0.0223,11,6,1,0.678947,62.5210,0.8021,2.304
80,31,out,0.0223,11,7,1,0.648016,57.4469,0.2006,2.304
80,32,out,0.6247,0,0,1,0.415124,23.9854,0.4225,16020.748
80,32,out,0.6247,0,1,1,0.411372,17.9855,0.4225,16020.748
80,32,out,0.6247,0,2,1,0.407031,41.9854,0.4225,16020.748
80,32,out,0.6247,0,3,1,0.405280,0.0397,0.4225,16020.748
80,32,out,0.6247,0,4,1,0.405199,11.9855,0.4225,16020.748
80,32,out,0.6247,0,5,1,0.404499,35.9854,0.4225,16020.748
80,32,out,0.6247,0,6,1,0.401880,53.9854,0.4225,16020.748
80,32,out,0.6247,1,0,1,0.435284,24.0926,0.4017,2.848
80,32,out,0.6247,1,1,1,0.416583,18.0927,0.4017,2.848
80,32,out,0.6247,1,2,1,0.411229,41.9926,0.4017,2.848
80,32,out,0.6247,1,3,1,0.407493,0.0546,0.4017,2.848
80,32,out,0.6247,1,4,1,0.400121,12.0927,0.4017,2.848
80,32,out,0.6247,1,5,1,0.413036,36.0926,0.4017,2.848
80,32,out,0.6247,1,6,1,0.413297,53.9926,0.4017,2.848
80,32,out,0.6247,2,0,1,0.400854,24.0056,0.3689,2.536
80,32,out,0.6247,2,1,1,0.401852,18.0056,0.3689,2.536
80,32,out,0.6247,2,2,1,0.402624,42.0055,0.3689,2.536
80,32,out,0.6247,2,3,1,0.392938,0.0401,0.3689,2.536
80,32,out,0.6247,2,4,1,0.404066,12.0056,0.3689,2.536
80,32,out,0.6247,2,5,1,0.398687,36.0055,0.3689,2.536
80,32,out,0.6247,2,6,1,0.408514,54.0055,0.3689,2.536
80,32,out,0.6247,3,0,1,0.432413,24.0068,0.0499,2.919
80,32,out,0.6247,3,1,1,0.443745,18.0068,0.0499,2.919
80,32,out,0.6247,3,2,1,0.450861,42.0068,0.0499,2.919
80,32,out,0.6247,3,3,1,0.425555,0.0206,0.0499,2.919
80,32,out,0.6247,3,4,1,0.439637,12.0068,0.0499,2.919
80,32,out,0.6247,3,5,1,0.439591,36.1068,0.0499,2.919
80,32,out,0.6247,3,6,1,0.423765,54.0068,0.0499,2.919
80,32,out,0.6247,4,0,1,0.363129,24.0165,0.0241,2.574
80,32,out,0.6247,4,1,1,0.362762,17.9165,0.0241,2.574
80,32,out,0.6247,4,2,1,0.378447,42.0165,0.0241,2.574
80,32,out,0.6247,4,3,1,0.370307,0.0377,0.0241,2.574
80,32,out,0.6247,4,4,1,0.365559,12.1165,0.9786,2.574
80,32,out,0.6247,4,5,1,0.374041,36.0165,0.0241,2.574
80,32,out,0.6247,4,6,1,0.373792,54.0165,0.0241,2.574
80,32,out,0.6247,5,0,1,0.413125,24.0174,0.6471,2.771
80,32,out,0.6247,5,1,1,0.411970,18.0174,0.6471,2.771
80,32,out,0.6247,5,2,1,0.419315,41.9174,0.3555,2.771
80,32,out,0.6247,5,3,1,0.415136,0.0282,0.6471,2.771
80,32,out,0.6247,5,4,1,0.414706,12.0206,0.6471,2.771
80,32,out,0.6247,5,5,1,0.423878,36.0174,0.6471,2.771
80,32,out,0.6247,5,6,1,0.413690,54.0174,0.6471,2.771
80,32,out,0.6247,6,0,1,0.398460,24.0069,0.7794,2.774
80,32,out,0.6247,6,1,1,0.389306,18.0069,0.7794,2.774
80,32,out,0.6247,6,2,1,0.408233,42.0023,0.7794,2.774
80,32,out,0.6247,6,3,1,0.441334,0.0337,0.2233,2.774
80,32,out,0.6247,6,4,1,0.400014,11.9100,0.2233,2.774
80,32,out,0.6247,6,5,1,0.398618,36.0069,0.7794,2.774
80,32,out,0.6247,6,6,1,0.384026,54.1069,0.7794,2.774
80,32,out,0.6247,7,0,1,0.382451,24.0039,0.4470,2.482
80,32,out,0.6247,7,1,1,0.383288,18.0039,0.4470,2.482
80,32,out,0.6247,7,2,1,0.377474,41.9993,0.4470,2.482
80,32,out,0.6247,7,3,1,0.362785,0.1050,0.4470,2.482
80,32,out,0.6247,7,4,1,0.375384,12.0035,0.4470,2.482
80,32,out,0.6247,7,5,1,0.383294,36.0039,0.4470,2.482
80,32,out,0.6247,7,6,1,0.372713,53.9039,0.5556,2.482
80,32,out,0.6247,8,0,1,0.408413,24.0073,0.2679,2.606
80,32,out,0.6247,8,1,1,0.425677,18.0073,0.2679,2.606
80,32,out,0.6247,8,2,1,0.401191,42.0027,0.2679,2.606
80,32,out,0.6247,8,3,1,0.430368,0.0194,0.2679,2.606
80,32,out,0.6247,8,4,1,0.411985,12.0069,0.2679,2.606
80,32,out,0.6247,8,5,1,0.406522,36.0073,0.2679,2.606
80,32,out,0.6247,8,6,1,0.384697,54.0045,0.2679,2.606
80,32,out,0.6247,9,0,1,0.425053,24.1055,0.6581,2.463
80,32,out,0.6247,9,1,1,0.427507,17.9055,0.3445,2.463
80,32,out,0.6247,9,2,1,0.425485,41.9009,0.3445,2.463
80,32,out,0.6247,9,3,1,0.433000,0.0104,0.3445,2.463
80,32,out,0.6247,9,4,1,0.433792,11.9051,0.3445,2.463
80,32,out,0.6247,9,5,1,0.429292,35.9055,0.3445,2.463
80,32,out,0.6247,9,6,1,0.398863,53.9027,0.3445,2.463
80,32,out,0.6247,10,0,1,0.310373,23.8926,3.8801,3.049
80,32,out,0.6247,10,1,1,0.300638,17.9924,0.1306,3.049
80,32,out,0.6247,10,2,1,0.314651,41.9878,0.8721,3.049
80,32,out,0.6247,10,3,1,0.311375,0.1132,3.8801,3.049
80,32,out,0.6247,10,4,1,0.310031,11.9920,0.8721,3.049
80,32,out,0.6247,10,5,1,0.307507,35.9924,0.1306,3.049
80,32,out,0.6247,10,6,1,0.320084,54.0896,0.1306,3.049
80,32,out,0.6247,11,0,1,0.367646,23.9721,0.8215,2.444
80,32,out,0.6247,11,1,1,0.383044,17.9762,0.1812,2.444
80,32,out,0.6247,11,2,1,0.380865,42.0707,0.1812,2.444
80,32,out,0.6247,11,3,1,0.400756,0.0523,0.8215,2.444
80,32,out,0.6247,11,4,1,0.377494,12.0748,0.1812,2.444
80,32,out,0.6247,11,5,1,0.394259,35.9762,0.1812,2.444
80,32,out,0.6247,11,6,1,0.374293,53.9734,0.1812,2.444
80,33,out,0.3555,0,0,1,0.643302,0.0829,0.2004,4994.540
80,33,out,0.3555,0,1,1,0.595367,23.1973,1.2030,4994.540
80,33,out,0.3555,0,2,1,0.590127,41.9171,0.2004,4994.540
80,33,out,0.3555,0,3,1,0.585092,24.5678,0.8023,4994.540
80,33,out,0.3555,0,4,1,0.584778,30.5469,0.2004,4994.540
80,33,out,0.3555,0,5,1,0.584699,28.7464,179.2787,4994.540
80,33,out,0.3555,0,6,1,0.584685,26.6308,0.2004,4994.540
80,33,out,0.3555,0,7,1,0.583438,24.9433,179.7187,4994.540
80,33,out,0.3555,1,0,1,0.695880,0.0083,0.1385,8.215
80,33,out,0.3555,1,1,1,0.588883,23.1599,0.1385,8.215
80,33,out,0.3555,1,2,1,0.573165,42.0072,0.1385,8.215
80,33,out,0.3555,1,3,1,0.578322,24.6982,0.1385,8.215
80,33,out,0.3555,1,4,1,0.544928,30.5403,0.1385,8.215
80,33,out,0.3555,1,5,1,0.570260,28.6480,179.3798,8.215
80,33,out,0.3555,1,6,1,0.575884,26.6996,0.1385,8.215
80,33,out,0.3555,1,7,1,0.600386,24.9486,179.6175,8.215
80,33,out,0.3555,2,0,1,0.631711,0.0163,0.4811,12.120
80,33,out,0.3555,2,1,1,0.563368,23.1655,1.5242,12.120
80,33,out,0.3555,2,2,1,0.497225,42.0153,0.4811,12.120
80,33,out,0.3555,2,3,1,0.505718,24.7052,0.4811,12.120
80,33,out,0.3555,2,4,1,0.502390,30.5022,0.4811,12.120
80,33,out,0.3555,2,5,1,0.507313,28.4812,177.9548,12.120
80,33,out,0.3555,2,6,1,0.547834,26.6321,0.5216,12.120
80,33,out,0.3555,2,7,1,0.555676,24.2728,177.9548,12.120
80,33,out,0.3555,3,0,1,0.681125,0.0168,0.8080,7.819
80,33,out,0.3555,3,1,1,0.585868,23.1681,0.8080,7.819
80,33,out,0.3555,3,2,1,0.533036,42.0126,0.8080,7.819
80,33,out,0.3555,3,3,1,0.539162,24.7070,0.8080,7.819
80,33,out,0.3555,3,4,1,0.515943,30.6894,0.8080,7.819
80,33,out,0.3555,3,5,1,0.525941,28.0705,179.6738,7.819
80,33,out,0.3555,3,6,1,0.557994,26.9247,0.1947,7.819
80,33,out,0.3555,3,7,1,0.592141,23.8287,179.6738,7.819
80,33,out,0.3555,4,0,1,0.628644,0.0185,0.0341,8.345
80,33,out,0.3555,4,1,1,0.549009,23.1702,0.0341,8.345
80,33,out,0.3555,4,2,1,0.493630,42.0129,0.0341,8.345
80,33,out,0.3555,4,3,1,0.501819,24.5722,0.0341,8.345
80,33,out,0.3555,4,4,1,0.483983,30.5669,0.0341,8.345
80,33,out,0.3555,4,5,1,0.485605,28.0621,179.5524,8.345
80,33,out,0.3555,4,6,1,0.527593,26.6369,0.0341,8.345
80,33,out,0.3555,4,7,1,0.570106,23.8269,179.5524,8.345
80,33,out,0.3555,5,0,1,0.650358,0.0166,0.2914,8.227
80,33,out,0.3555,5,1,1,0.545243,23.2542,0.2914,8.227
80,33,out,0.3555,5,2,1,0.490037,42.0072,0.2914,8.227
80,33,out,0.3555,5,3,1,0.509231,24.6373,0.2914,8.227
80,33,out,0.3555,5,4,1,0.463676,30.5634,0.2914,8.227
80,33,out,0.3555,5,5,1,0.474672,28.0763,179.8097,8.227
80,33,out,0.3555,5,6,1,0.526243,26.8497,0.2914,8.227
80,33,out,0.3555,5,7,1,0.547619,23.8295,179.8097,8.227
80,33,out,0.3555,6,0,1,0.713964,0.0213,0.6162,7.922
80,33,out,0.3555,6,1,1,0.607955,23.2463,0.6162,7.922
80,33,out,0.3555,6,2,1,0.564394,41.9212,0.6162,7.922
80,33,out,0.3555,6,3,1,0.575501,24.3582,0.3865,7.922
80,33,out,0.3555,6,4,1,0.556968,30.6718,0.6162,7.922
80,33,out,0.3555,6,5,1,0.579167,28.5422,179.8655,7.922
80,33,out,0.3555,6,6,1,0.594646,26.8533,0.6162,7.922
80,33,out,0.3555,6,7,1,0.646841,24.4991,179.8655,7.922
80,33,out,0.3555,7,0,1,0.621016,0.0093,0.4370,13.129
80,33,out,0.3555,7,1,1,0.540464,23.1883,1.4397,13.129
80,33,out,0.3555,7,2,1,0.517860,41.9089,0.4370,13.129
80,33,out,0.3555,7,3,1,0.536608,24.4855,1.4397,13.129
80,33,out,0.3555,7,4,1,0.510394,30.5374,0.4370,13.129
80,33,out,0.3555,7,5,1,0.530765,28.9225,179.0813,13.129
80,33,out,0.3555,7,6,1,0.558602,26.7706,1.4397,13.129
80,33,out,0.3555,7,7,1,0.563633,24.8863,179.0813,13.129
80,33,out,0.3555,8,0,1,0.664925,0.0156,0.2870,8.225
80,33,out,0.3555,8,1,1,0.602936,23.1869,0.2870,8.225
80,33,out,0.3555,8,2,1,0.544381,41.9148,2.2924,8.225
80,33,out,0.3555,8,3,1,0.554616,24.5542,0.7157,8.225
80,33,out,0.3555,8,4,1,0.547821,30.6630,0.2870,8.225
80,33,out,0.3555,8,5,1,0.558500,28.9317,179.8053,8.225
80,33,out,0.3555,8,6,1,0.577774,26.8449,0.7157,8.225
80,33,out,0.3555,8,7,1,0.600846,24.8130,179.8053,8.225
80,33,out,0.3555,9,0,1,0.662743,0.0189,0.6383,4.751
80,33,out,0.3555,9,1,1,0.626740,23.2726,0.3643,4.751
80,33,out,0.3555,9,2,1,0.568787,41.9165,0.6383,4.751
80,33,out,0.3555,9,3,1,0.600541,24.7611,0.6383,4.751
80,33,out,0.3555,9,4,1,0.589144,30.6016,0.3643,4.751
80,33,out,0.3555,9,5,1,0.591294,28.9288,179.8826,4.751
80,33,out,0.3555,9,6,1,0.583071,26.7711,0.3643,4.751
80,33,out,0.3555,9,7,1,0.607550,24.9594,178.8800,4.751
80,33,out,0.3555,10,0,1,0.613438,0.0096,0.1638,4.941
80,33,out,0.3555,10,1,1,0.540348,23.1535,0.1638,4.941
80,33,out,0.3555,10,2,1,0.485786,42.0095,0.1638,4.941
80,33,out,0.3555,10,3,1,0.492712,24.6928,1.8416,4.941
80,33,out,0.3555,10,4,1,0.468044,30.8032,0.1638,4.941
80,33,out,0.3555,10,5,1,0.455670,28.3997,179.6821,4.941
80,33,out,0.3555,10,6,1,0.511852,26.8450,0.1638,4.941
80,33,out,0.3555,10,7,1,0.535688,24.2630,178.3126,4.941
80,33,out,0.3555,11,0,1,0.651875,0.0146,0.5576,4.344
80,33,out,0.3555,11,1,1,0.534925,23.1403,0.4450,4.344
80,33,out,0.3555,11,2,1,0.519407,42.0050,0.5576,4.344
80,33,out,0.3555,11,3,1,0.508860,24.6888,0.5576,4.344
80,33,out,0.3555,11,4,1,0.476081,30.9806,0.5576,4.344
80,33,out,0.3555,11,5,1,0.474807,27.7657,179.9241,4.344
80,33,out,0.3555,11,6,1,0.506641,26.6774,0.4450,4.344
80,33,out,0.3555,11,7,1,0.554536,23.7390,179.9241,4.344
80,34,out,0.7993,0,-1,0,0,0,0,20246.917
80,34,out,0.7993,1,-1,0,0,0,0,0.000
80,34,out,0.7993,2,-1,0,0,0,0,0.000
80,34,out,0.7993,3,-1,0,0,0,0,0.000
80,34,out,0.7993,4,-1,0,0,0,0,0.000
80,34,out,0.7993,5,-1,0,0,0,0,0.000
80,34,out,0.7993,6,-1,0,0,0,0,0.000
80,34,out,0.7993,7,-1,0,0,0,0,0.000
80,34,out,0.7993,8,-1,0,0,0,0,0.000
80,34,out,0.7993,9,-1,0,0,0,0,0.000
80,34,out,0.7993,10,-1,0,0,0,0,0.000
80,34,out,0.7993,11,-1,0,0,0,0,0.000
80,35,out,0.1219,0,0,1,0.868690,0.0398,0.2202,2622.107
80,35,out,0.1219,0,1,1,0.738064,23.4790,179.7385,2622.107
80,35,out,0.1219,0,2,1,0.734796,14.8504,0.2202,2622.107
80,35,out,0.1219,0,3,1,0.733119,4.1387,0.2202,2622.107
80,35,out,0.1219,0,4,1,0.732760,33.4516,179.7385,2622.107
80,35,out,0.1219,0,5,1,0.728379,7.1613,0.2202,2622.107
80,35,out,0.1219,0,6,1,0.727526,49.0450,179.7385,2622.107
80,35,out,0.1219,0,7,1,0.726912,31.7880,179.7385,2622.107
80,35,out,0.1219,1,0,1,0.853372,0.0414,0.0896,6.365
80,35,out,0.1219,1,1,1,0.689688,23.8651,179.6079,6.365
80,35,out,0.1219,1,2,1,0.688227,14.8546,0.0896,6.365
80,35,out,0.1219,1,3,1,0.686855,4.0413,0.0896,6.365
80,35,out,0.1219,1,4,1,0.708453,33.5220,179.3894,6.365
80,35,out,0.1219,1,5,1,0.706945,7.1587,0.0896,6.365
80,35,out,0.1219,1,6,1,0.682130,48.9446,179.6079,6.365
80,35,out,0.1219,1,7,1,0.679351,31.8043,179.3894,6.365
80,35,out,0.1219,2,0,1,0.857726,0.0039,0.1069,2.663
80,35,out,0.1219,2,1,1,0.677794,24.5301,179.3721,2.663
80,35,out,0.1219,2,2,1,0.654953,14.8215,0.1069,2.663
80,35,out,0.1219,2,3,1,0.674037,4.0034,0.1069,2.663
80,35,out,0.1219,2,4,1,0.703017,33.6618,179.3721,2.663
80,35,out,0.1219,2,5,1,0.696902,7.1966,0.1069,2.663
80,35,out,0.1219,2,6,1,0.685594,48.9000,179.3721,2.663
80,35,out,0.1219,2,7,1,0.668658,31.8864,179.3721,2.663
80,35,out,0.1219,3,0,1,0.909116,0.0069,0.2041,6.752
80,35,out,0.1219,3,1,1,0.712910,24.9904,179.6832,6.752
80,35,out,0.1219,3,2,1,0.659452,14.8835,0.2041,6.752
80,35,out,0.1219,3,3,1,0.694651,3.9933,0.2041,6.752
80,35,out,0.1219,3,4,1,0.745063,33.7049,179.6832,6.752
80,35,out,0.1219,3,5,1,0.731743,7.2067,0.2041,6.752
80,35,out,0.1219,3,6,1,0.730045,48.8341,179.6832,6.752
80,35,out,0.1219,3,7,1,0.712868,31.8774,179.6832,6.752
80,35,out,0.1219,4,0,1,0.880163,0.0037,0.5789,8.262
80,35,out,0.1219,4,1,1,0.694272,25.3261,179.9028,8.262
80,35,out,0.1219,4,2,1,0.648934,14.9395,0.4238,8.262
80,35,out,0.1219,4,3,1,0.677296,4.0034,0.5789,8.262
80,35,out,0.1219,4,4,1,0.715344,33.6376,179.9028,8.262
80,35,out,0.1219,4,5,1,0.716786,7.1966,0.5789,8.262
80,35,out,0.1219,4,6,1,0.714906,48.6765,179.9028,8.262
80,35,out,0.1219,4,7,1,0.695027,31.8161,179.9028,8.262
80,35,out,0.1219,5,0,1,0.904635,0.0119,0.1249,2.739
80,35,out,0.1219,5,1,1,0.704261,25.6683,179.3541,2.739
80,35,out,0.1219,5,2,1,0.689946,14.8944,0.1249,2.739
80,35,out,0.1219,5,3,1,0.690358,3.8933,0.1249,2.739
80,35,out,0.1219,5,4,1,0.727449,33.6592,179.6432,2.739
80,35,out,0.1219,5,5,1,0.753344,7.2067,0.1249,2.739
80,35,out,0.1219,5,6,1,0.727479,48.5511,179.6432,2.739
80,35,out,0.1219,5,7,1,0.712105,31.7356,179.3541,2.739
80,35,out,0.1219,6,0,1,0.889549,0.0090,0.3727,2.458
80,35,out,0.1219,6,1,1,0.704072,26.1593,179.8910,2.458
80,35,out,0.1219,6,2,1,0.679880,14.9487,0.3727,2.458
80,35,out,0.1219,6,3,1,0.683317,3.9007,0.3727,2.458
80,35,out,0.1219,6,4,1,0.732432,33.6218,179.8910,2.458
80,35,out,0.1219,6,5,1,0.744299,7.2994,0.3727,2.458
80,35,out,0.1219,6,6,1,0.721996,48.4804,179.1064,2.458
80,35,out,0.1219,6,7,1,0.718327,31.8186,179.8910,2.458
80,35,out,0.1219,7,0,1,0.858368,0.0349,0.3133,6.540
80,35,out,0.1219,7,1,1,0.677306,26.5898,178.7896,6.540
80,35,out,0.1219,7,2,1,0.662804,14.9309,0.3133,6.540
80,35,out,0.1219,7,3,1,0.660371,3.8221,0.6894,6.540
80,35,out,0.1219,7,4,1,0.684981,33.4080,179.7923,6.540
80,35,out,0.1219,7,5,1,0.694545,7.5786,0.6894,6.540
80,35,out,0.1219,7,6,1,0.680975,48.1386,179.7923,6.540
80,35,out,0.1219,7,7,1,0.693145,31.7052,178.7896,6.540
80,35,out,0.1219,8,0,1,0.852915,0.1044,0.5006,7.363
80,35,out,0.1219,8,1,1,0.700873,26.9664,178.9784,7.363
80,35,out,0.1219,8,2,1,0.709949,14.9341,0.5006,7.363
80,35,out,0.1219,8,3,1,0.687928,3.8183,0.5006,7.363
80,35,out,0.1219,8,4,1,0.721262,33.4070,178.9784,7.363
80,35,out,0.1219,8,5,1,0.712703,7.2828,0.5006,7.363
80,35,out,0.1219,8,6,1,0.711437,47.9618,178.9784,7.363
80,35,out,0.1219,8,7,1,0.732417,31.3939,178.9784,7.363
80,35,out,0.1219,9,0,1,0.853826,0.0743,0.4895,2.676
80,35,out,0.1219,9,1,1,0.691426,27.2023,179.9685,2.676
80,35,out,0.1219,9,2,1,0.689882,14.9884,0.5132,2.676
80,35,out,0.1219,9,3,1,0.695567,3.8321,0.5132,2.676
80,35,out,0.1219,9,4,1,0.718547,33.2700,179.9685,2.676
80,35,out,0.1219,9,5,1,0.707062,7.5689,0.5132,2.676
80,35,out,0.1219,9,6,1,0.701346,47.5876,179.9685,2.676
80,35,out,0.1219,9,7,1,0.717440,31.1510,179.9685,2.676
80,35,out,0.1219,10,0,1,0.815905,0.0941,0.2494,7.533
80,35,out,0.1219,10,1,1,0.688130,27.3999,179.7677,7.533
80,35,out,0.1219,10,2,1,0.691652,14.8693,0.2494,7.533
80,35,out,0.1219,10,3,1,0.675803,4.0298,0.2494,7.533
80,35,out,0.1219,10,4,1,0.709097,33.2030,179.7677,7.533
80,35,out,0.1219,10,5,1,0.709256,7.3711,0.2494,7.533
80,35,out,0.1219,10,6,1,0.707148,47.6700,179.7677,7.533
80,35,out,0.1219,10,7,1,0.693402,31.1492,179.7677,7.533
80,35,out,0.1219,11,0,1,0.849278,0.0669,0.6265,6.651
80,35,out,0.1219,11,1,1,0.703900,26.8155,178.8526,6.651
80,35,out,0.1219,11,2,1,0.702493,14.9828,0.6265,6.651
80,35,out,0.1219,11,3,1,0.686400,3.8383,0.6265,6.651
80,35,out,0.1219,11,4,1,0.716314,32.8232,178.8526,6.651
80,35,out,0.1219,11,5,1,0.710871,7.2627,0.6265,6.651
80,35,out,0.1219,11,6,1,0.708111,47.4386,178.8526,6.651
80,35,out,0.1219,11,7,1,0.720850,30.9356,178.8526,6.651
80,36,in,0.2722,0,0,1,0.765706,0.0682,0.3965,3014.295
80,36,in,0.2722,0,1,1,0.699694,7.7731,0.3965,3014.295
80,36,in,0.2722,0,2,1,0.691823,7.6925,179.8755,3014.295
80,36,in,0.2722,0,3,1,0.690625,5.8063,179.8755,3014.295
80,36,in,0.2722,0,4,1,0.689490,9.1799,179.8755,3014.295
80,36,in,0.2722,0,5,1,0.686062,13.7356,0.3965,3014.295
80,36,in,0.2722,0,6,1,0.686057,2.9444,179.8755,3014.295
80,36,in,0.2722,0,7,1,0.685808,20.7384,0.3965,3014.295
80,36,in,0.2722,1,0,1,0.742521,0.0471,0.5838,4.092
80,36,in,0.2722,1,1,1,0.645333,7.6305,0.5838,4.092
80,36,in,0.2722,1,2,1,0.625999,6.8957,179.9372,4.092
80,36,in,0.2722,1,3,1,0.661968,5.2349,179.9372,4.092
80,36,in,0.2722,1,4,1,0.630146,8.5343,179.9372,4.092
80,36,in,0.2722,1,5,1,0.630099,13.7135,0.5838,4.092
80,36,in,0.2722,1,6,1,0.647095,3.4821,179.9372,4.092
80,36,in,0.2722,1,7,1,0.626599,20.7286,0.5838,4.092
80,36,in,0.2722,2,0,1,0.731873,0.0488,0.4124,3.747
80,36,in,0.2722,2,1,1,0.659670,7.7685,0.5903,3.747
80,36,in,0.2722,2,2,1,0.648723,6.3903,179.8914,3.747
80,36,in,0.2722,2,3,1,0.673893,4.7367,179.8914,3.747
80,36,in,0.2722,2,4,1,0.640799,8.1655,179.8914,3.747
80,36,in,0.2722,2,5,1,0.632710,13.7235,0.4124,3.747
80,36,in,0.2722,2,6,1,0.627119,3.8567,179.8914,3.747
80,36,in,0.2722,2,7,1,0.637937,20.7716,0.4124,3.747
80,36,in,0.2722,3,0,1,0.774285,0.0480,0.2776,3.206
80,36,in,0.2722,3,1,1,0.672436,7.7050,0.2776,3.206
80,36,in,0.2722,3,2,1,0.670181,5.8863,179.7959,3.206
80,36,in,0.2722,3,3,1,0.695007,3.8902,179.7959,3.206
80,36,in,0.2722,3,4,1,0.670236,8.0048,179.7959,3.206
80,36,in,0.2722,3,5,1,0.653806,13.4501,0.2776,3.206
80,36,in,0.2722,3,6,1,0.671194,4.3528,179.7959,3.206
80,36,in,0.2722,3,7,1,0.648305,20.7747,0.2776,3.206
80,36,in,0.2722,4,0,1,0.758958,0.0411,0.1473,3.505
80,36,in,0.2722,4,1,1,0.702560,7.6470,0.1473,3.505
80,36,in,0.2722,4,2,1,0.665790,5.2997,179.6656,3.505
80,36,in,0.2722,4,3,1,0.693255,3.5030,179.6656,3.505
80,36,in,0.2722,4,4,1,0.658057,7.3216,179.6656,3.505
80,36,in,0.2722,4,5,1,0.644698,13.4501,0.1473,3.505
80,36,in,0.2722,4,6,1,0.658802,4.7361,179.6656,3.505
80,36,in,0.2722,4,7,1,0.656074,20.7641,0.1473,3.505
80,36,in,0.2722,5,0,1,0.738454,0.0499,0.5347,3.588
80,36,in,0.2722,5,1,1,0.659334,7.6424,0.5347,3.588
80,36,in,0.2722,5,2,1,0.654931,4.5226,179.9470,3.588
80,36,in,0.2722,5,3,1,0.677067,2.9565,179.9470,3.588
80,36,in,0.2722,5,4,1,0.636942,6.8111,179.9470,3.588
80,36,in,0.2722,5,5,1,0.612138,13.3615,0.5347,3.588
80,36,in,0.2722,5,6,1,0.657390,5.2601,179.9470,3.588
80,36,in,0.2722,5,7,1,0.631859,20.7765,0.5347,3.588
80,36,in,0.2722,6,0,1,0.723168,0.0529,0.5364,4.414
80,36,in,0.2722,6,1,1,0.648149,7.6574,0.5364,4.414
80,36,in,0.2722,6,2,1,0.653133,4.1944,179.9453,4.414
80,36,in,0.2722,6,3,1,0.659968,2.7039,179.9453,4.414
80,36,in,0.2722,6,4,1,0.648105,6.0778,179.9453,4.414
80,36,in,0.2722,6,5,1,0.618513,13.6389,0.5364,4.414
80,36,in,0.2722,6,6,1,0.609032,5.9446,179.9453,4.414
80,36,in,0.2722,6,7,1,0.620964,20.7105,0.5364,4.414
80,36,in,0.2722,7,0,1,0.721838,0.0515,0.0369,4.137
80,36,in,0.2722,7,1,1,0.614595,7.4768,0.0369,4.137
80,36,in,0.2722,7,2,1,0.593406,3.7561,179.5552,4.137
80,36,in,0.2722,7,3,1,0.624041,2.2809,179.4421,4.137
80,36,in,0.2722,7,4,1,0.599986,5.6260,179.4421,4.137
80,36,in,0.2722,7,5,1,0.594572,13.7322,0.0369,4.137
80,36,in,0.2722,7,6,1,0.600057,6.6423,179.5552,4.137
80,36,in,0.2722,7,7,1,0.581975,20.7632,0.0369,4.137
80,36,in,0.2722,8,0,1,0.723396,0.0325,0.4449,4.072
80,36,in,0.2722,8,1,1,0.615394,7.4117,0.5578,4.072
80,36,in,0.2722,8,2,1,0.617608,3.2690,179.9239,4.072
80,36,in,0.2722,8,3,1,0.662360,2.3193,179.9239,4.072
80,36,in,0.2722,8,4,1,0.612391,5.1758,179.9239,4.072
80,36,in,0.2722,8,5,1,0.600762,13.4482,0.5578,4.072
80,36,in,0.2722,8,6,1,0.617852,7.0352,179.9239,4.072
80,36,in,0.2722,8,7,1,0.588115,20.8980,0.5578,4.072
80,36,in,0.2722,9,0,1,0.724076,0.0500,0.0437,8.370
80,36,in,0.2722,9,1,1,0.607092,7.3775,0.0437,8.370
80,36,in,0.2722,9,2,1,0.599785,3.1063,179.4746,8.370
80,36,in,0.2722,9,3,1,0.647028,2.4327,179.4746,8.370
80,36,in,0.2722,9,4,1,0.608725,4.5660,179.4746,8.370
80,36,in,0.2722,9,5,1,0.597349,13.4666,0.0437,8.370
80,36,in,0.2722,9,6,1,0.563816,7.7461,179.4746,8.370
80,36,in,0.2722,9,7,1,0.563774,20.9346,0.0437,8.370
80,36,in,0.2722,10,0,1,0.771584,0.0533,0.3779,7.539
80,36,in,0.2722,10,1,1,0.674748,7.4275,0.3779,7.539
80,36,in,0.2722,10,2,1,0.665064,3.0241,179.8569,7.539
80,36,in,0.2722,10,3,1,0.686270,2.6613,179.8569,7.539
80,36,in,0.2722,10,4,1,0.659755,4.0594,179.8569,7.539
80,36,in,0.2722,10,5,1,0.628571,13.5573,0.3779,7.539
80,36,in,0.2722,10,6,1,0.593251,8.1586,179.8569,7.539
80,36,in,0.2722,10,7,1,0.614041,20.9029,0.6248,7.539
80,36,in,0.2722,11,0,1,0.713430,0.0391,0.3940,8.413
80,36,in,0.2722,11,1,1,0.607564,7.3537,0.3940,8.413
80,36,in,0.2722,11,2,1,0.616337,3.1597,179.9123,8.413
80,36,in,0.2722,11,3,1,0.636686,3.0397,179.9123,8.413
80,36,in,0.2722,11,4,1,0.604519,3.5628,179.9123,8.413
80,36,in,0.2722,11,5,1,0.587943,13.6467,0.3940,8.413
80,36,in,0.2722,11,6,1,0.564657,8.8450,179.9123,8.413
80,36,in,0.2722,11,7,1,0.584359,20.8789,0.6087,8.413
80,37,out,0.4763,0,0,1,0.576693,0.0759,0.2472,10112.767
80,37,out,0.4763,0,1,1,0.450856,24.4290,0.2472,10112.767
80,37,out,0.4763,0,2,1,0.449914,24.7137,0.2472,10112.767
80,37,out,0.4763,0,3,1,0.446406,7.3320,179.7655,10112.767
80,37,out,0.4763,0,4,1,0.439192,24.8412,0.2472,10112.767
80,37,out,0.4763,0,5,1,0.436697,2.1510,179.2318,10112.767
80,37,out,0.4763,0,6,1,0.436618,31.0060,179.7655,10112.767
80,37,out,0.4763,0,7,1,0.434712,26.2595,0.2472,10112.767
80,37,out,0.4763,1,0,1,0.547816,0.0885,0.0313,6.382
80,37,out,0.4763,1,1,1,0.450815,24.4368,0.0313,6.382
80,37,out,0.4763,1,2,1,0.444796,24.7952,0.0313,6.382
80,37,out,0.4763,1,3,1,0.455994,7.1330,179.4477,6.382
80,37,out,0.4763,1,4,1,0.419074,24.7329,0.0313,6.382
80,37,out,0.4763,1,5,1,0.457996,1.8948,179.4477,6.382
80,37,out,0.4763,1,6,1,0.435471,31.2561,179.4477,6.382
80,37,out,0.4763,1,7,1,0.474928,26.4360,0.0313,6.382
80,37,out,0.4763,2,0,1,0.570737,0.0780,0.3801,6.662
80,37,out,0.4763,2,1,1,0.453841,24.5528,0.3801,6.662
80,37,out,0.4763,2,2,1,0.429440,24.8658,0.3801,6.662
80,37,out,0.4763,2,3,1,0.419373,6.6522,179.8591,6.662
80,37,out,0.4763,2,4,1,0.388247,24.8300,0.6226,6.662
80,37,out,0.4763,2,5,1,0.441057,1.8630,179.8591,6.662
80,37,out,0.4763,2,6,1,0.421448,31.4229,179.8591,6.662
80,37,out,0.4763,2,7,1,0.475316,26.3955,0.3801,6.662
80,37,out,0.4763,3,0,1,0.580986,0.0773,0.3384,5.641
80,37,out,0.4763,3,1,1,0.419565,24.4530,0.3384,5.641
80,37,out,0.4763,3,2,1,0.454710,24.7929,0.3384,5.641
80,37,out,0.4763,3,3,1,0.424005,6.3114,179.8567,5.641
80,37,out,0.4763,3,4,1,0.394318,24.9296,0.3384,5.641
80,37,out,0.4763,3,5,1,0.443131,1.8924,179.8567,5.641
80,37,out,0.4763,3,6,1,0.394388,31.7808,179.8567,5.641
80,37,out,0.4763,3,7,1,0.410305,26.3954,0.3384,5.641
80,37,out,0.4763,4,0,1,0.597155,0.0488,0.4064,11.027
80,37,out,0.4763,4,1,1,0.479788,24.5036,0.4064,11.027
80,37,out,0.4763,4,2,1,0.468085,24.7323,0.4064,11.027
80,37,out,0.4763,4,3,1,0.451882,5.7538,179.0727,11.027
80,37,out,0.4763,4,4,1,0.433371,24.7587,2.4117,11.027
80,37,out,0.4763,4,5,1,0.515164,2.1003,179.0727,11.027
80,37,out,0.4763,4,6,1,0.453548,32.0954,179.0727,11.027
80,37,out,0.4763,4,7,1,0.458045,26.4193,0.4064,11.027
80,37,out,0.4763,5,0,1,0.557835,0.0656,0.7572,7.464
80,37,out,0.4763,5,1,1,0.441456,24.4686,0.2455,7.464
80,37,out,0.4763,5,2,1,0.467641,24.8153,0.2455,7.464
80,37,out,0.4763,5,3,1,0.424530,5.5544,179.7638,7.464
80,37,out,0.4763,5,4,1,0.378372,24.6038,0.2455,7.464
80,37,out,0.4763,5,5,1,0.502442,2.2852,179.7638,7.464
80,37,out,0.4763,5,6,1,0.425918,32.2360,179.7638,7.464
80,37,out,0.4763,5,7,1,0.416220,26.3867,0.2455,7.464
80,37,out,0.4763,6,0,1,0.585231,0.0528,0.4774,5.553
80,37,out,0.4763,6,1,1,0.452497,24.4233,0.4774,5.553
80,37,out,0.4763,6,2,1,0.453004,24.9080,0.4774,5.553
80,37,out,0.4763,6,3,1,0.447630,4.9250,179.0016,5.553
80,37,out,0.4763,6,4,1,0.408063,24.8931,0.4774,5.553
80,37,out,0.4763,6,5,1,0.513003,2.6848,179.9957,5.553
80,37,out,0.4763,6,6,1,0.447864,32.4523,179.0016,5.553
80,37,out,0.4763,6,7,1,0.452419,26.4782,0.4774,5.553
80,37,out,0.4763,7,0,1,0.537917,0.0541,0.6561,6.068
80,37,out,0.4763,7,1,1,0.449291,24.4132,0.6561,6.068
80,37,out,0.4763,7,2,1,0.436638,24.8725,0.6561,6.068
80,37,out,0.4763,7,3,1,0.432949,4.6315,179.8256,6.068
80,37,out,0.4763,7,4,1,0.401437,24.7267,0.6561,6.068
80,37,out,0.4763,7,5,1,0.475103,3.0363,179.8256,6.068
80,37,out,0.4763,7,6,1,0.434885,32.6209,179.8256,6.068
80,37,out,0.4763,7,7,1,0.457500,26.3867,0.6561,6.068
80,37,out,0.4763,8,0,1,0.571542,0.0336,0.0561,5.728
80,37,out,0.4763,8,1,1,0.459656,24.4387,1.0588,5.728
80,37,out,0.4763,8,2,1,0.482265,24.8277,1.0588,5.728
80,37,out,0.4763,8,3,1,0.467360,4.0831,178.4595,5.728
80,37,out,0.4763,8,4,1,0.433779,24.8140,1.0588,5.728
80,37,out,0.4763,8,5,1,0.494746,3.4642,179.4622,5.728
80,37,out,0.4763,8,6,1,0.454823,32.7576,179.4622,5.728
80,37,out,0.4763,8,7,1,0.453212,26.4477,0.0561,5.728
80,37,out,0.4763,9,0,1,0.573526,0.0343,0.2191,6.178
80,37,out,0.4763,9,1,1,0.443065,24.4437,0.2191,6.178
80,37,out,0.4763,9,2,1,0.460588,24.8079,0.2191,6.178
80,37,out,0.4763,9,3,1,0.451633,3.8520,179.6981,6.178
80,37,out,0.4763,9,4,1,0.384276,25.0056,0.2191,6.178
80,37,out,0.4763,9,5,1,0.472047,3.8366,179.6981,6.178
80,37,out,0.4763,9,6,1,0.421413,32.8937,179.6981,6.178
80,37,out,0.4763,9,7,1,0.420264,26.4107,0.2191,6.178
80,37,out,0.4763,10,0,1,0.541268,0.0293,0.4173,5.398
80,37,out,0.4763,10,1,1,0.482743,24.3935,0.5854,5.398
80,37,out,0.4763,10,2,1,0.469275,24.8676,0.5854,5.398
80,37,out,0.4763,10,3,1,0.469783,3.5312,178.9329,5.398
80,37,out,0.4763,10,4,1,0.427099,25.2698,0.4173,5.398
80,37,out,0.4763,10,5,1,0.469982,4.6832,179.9356,5.398
80,37,out,0.4763,10,6,1,0.441429,33.1917,179.9356,5.398
80,37,out,0.4763,10,7,1,0.455236,26.5459,0.5854,5.398
80,37,out,0.4763,11,0,1,0.615445,0.0293,0.1256,6.899
80,37,out,0.4763,11,1,1,0.477579,24.4704,0.1256,6.899
80,37,out,0.4763,11,2,1,0.471250,24.8880,0.8771,6.899
80,37,out,0.4763,11,3,1,0.466580,3.3903,179.6439,6.899
80,37,out,0.4763,11,4,1,0.457609,25.0137,0.8771,6.899
80,37,out,0.4763,11,5,1,0.494127,5.1550,179.6439,6.899
80,37,out,0.4763,11,6,1,0.461618,33.4146,179.6439,6.899
80,37,out,0.4763,11,7,1,0.448749,26.4398,0.1256,6.899
80,38,out,0.7358,0,-1,0,0,0,0,28232.743
80,38,out,0.7358,1,-1,0,0,0,0,0.000
80,38,out,0.7358,2,-1,0,0,0,0,0.000
80,38,out,0.7358,3,-1,0,0,0,0,0.000
80,38,out,0.7358,4,-1,0,0,0,0,0.000
80,38,out,0.7358,5,-1,0,0,0,0,0.000
80,38,out,0.7358,6,-1,0,0,0,0,0.000
80,38,out,0.7358,7,-1,0,0,0,0,0.000
80,38,out,0.7358,8,-1,0,0,0,0,0.000
80,38,out,0.7358,9,-1,0,0,0,0,0.000
80,38,out,0.7358,10,-1,0,0,0,0,0.000
80,38,out,0.7358,11,-1,0,0,0,0,0.000
80,39,out,0.2639,0,0,1,0.708959,30.0352,0.2351,5726.992
80,39,out,0.2639,0,1,1,0.702845,0.0541,0.2351,5726.992
80,39,out,0.2639,0,2,1,0.700168,60.0352,0.2351,5726.992
80,39,out,0.2639,0,3,1,0.700154,36.0352,0.2351,5726.992
80,39,out,0.2639,0,4,1,0.698788,82.5251,179.7534,5726.992
80,39,out,0.2639,0,5,1,0.697755,18.0352,0.2351,5726.992
80,39,out,0.2639,0,6,1,0.695399,54.0352,0.2351,5726.992
80,39,out,0.2639,0,7,1,0.693805,24.0352,0.2351,5726.992
80,39,out,0.2639,1,0,1,0.729633,30.0405,0.0396,8.338
80,39,out,0.2639,1,1,1,0.727309,0.0559,0.0396,8.338
80,39,out,0.2639,1,2,1,0.711381,60.0405,0.0396,8.338
80,39,out,0.2639,1,3,1,0.721836,36.0405,0.0396,8.338
80,39,out,0.2639,1,4,1,0.699031,81.9700,179.5579,8.338
80,39,out,0.2639,1,5,1,0.720525,18.0405,0.0396,8.338
80,39,out,0.2639,1,6,1,0.718674,54.0405,0.0396,8.338
80,39,out,0.2639,1,7,1,0.714457,24.0405,0.0396,8.338
80,39,out,0.2639,2,0,1,0.715811,30.0316,0.0955,2.453
80,39,out,0.2639,2,1,1,0.725756,0.0468,0.0955,2.453
80,39,out,0.2639,2,2,1,0.718553,60.0316,0.0955,2.453
80,39,out,0.2639,2,3,1,0.720213,36.0316,0.0955,2.453
80,39,out,0.2639,2,4,1,0.718737,81.4362,179.5745,2.453
80,39,out,0.2639,2,5,1,0.712310,18.0317,0.0955,2.453
80,39,out,0.2639,2,6,1,0.716822,54.0316,0.0955,2.453
80,39,out,0.2639,2,7,1,0.710651,24.0317,0.0955,2.453
80,39,out,0.2639,3,0,1,0.745181,30.0281,0.1019,9.062
80,39,out,0.2639,3,1,1,0.761532,0.0441,0.1019,9.062
80,39,out,0.2639,3,2,1,0.748518,60.0281,0.1019,9.062
80,39,out,0.2639,3,3,1,0.743049,36.0281,0.1019,9.062
80,39,out,0.2639,3,4,1,0.727626,80.9332,179.6202,9.062
80,39,out,0.2639,3,5,1,0.734549,18.0282,0.1019,9.062
80,39,out,0.2639,3,6,1,0.744921,54.0281,0.1019,9.062
80,39,out,0.2639,3,7,1,0.737425,24.0281,0.1019,9.062
80,39,out,0.2639,4,0,1,0.665659,30.0204,0.4573,2.452
80,39,out,0.2639,4,1,1,0.698697,0.0450,0.4573,2.452
80,39,out,0.2639,4,2,1,0.656969,60.0204,0.5453,2.452
80,39,out,0.2639,4,3,1,0.662221,36.0204,0.4573,2.452
80,39,out,0.2639,4,4,1,0.673203,80.5458,179.9364,2.452
80,39,out,0.2639,4,5,1,0.652483,18.0204,0.4573,2.452
80,39,out,0.2639,4,6,1,0.661484,54.0204,0.4573,2.452
80,39,out,0.2639,4,7,1,0.662311,24.0204,0.4573,2.452
80,39,out,0.2639,5,0,1,0.741741,30.0279,0.4571,3.167
80,39,out,0.2639,5,1,1,0.770121,0.0409,0.4571,3.167
80,39,out,0.2639,5,2,1,0.745684,60.0268,0.4571,3.167
80,39,out,0.2639,5,3,1,0.760821,36.0279,0.4571,3.167
80,39,out,0.2639,5,4,1,0.751149,80.2100,179.9754,3.167
80,39,out,0.2639,5,5,1,0.745306,18.0279,0.4571,3.167
80,39,out,0.2639,5,6,1,0.757887,54.0279,0.4571,3.167
80,39,out,0.2639,5,7,1,0.740874,24.0279,0.4571,3.167
80,39,out,0.2639,6,0,1,0.732392,30.0474,0.1564,6.796
80,39,out,0.2639,6,1,1,0.768910,0.0475,0.1564,6.796
80,39,out,0.2639,6,2,1,0.747885,60.0464,0.8463,6.796
80,39,out,0.2639,6,3,1,0.745070,36.0474,0.8463,6.796
80,39,out,0.2639,6,4,1,0.744864,79.9291,179.6354,6.796
80,39,out,0.2639,6,5,1,0.736364,18.0474,0.1564,6.796
80,39,out,0.2639,6,6,1,0.736087,54.0474,0.8463,6.796
80,39,out,0.2639,6,7,1,0.730049,24.0474,0.8463,6.796
80,39,out,0.2639,7,0,1,0.725192,30.0476,1.1142,8.057
80,39,out,0.2639,7,1,1,0.736130,0.1077,1.1142,8.057
80,39,out,0.2639,7,2,1,0.710793,60.0464,1.1142,8.057
80,39,out,0.2639,7,3,1,0.732753,36.0476,1.1142,8.057
80,39,out,0.2639,7,4,1,0.735451,79.9306,179.3675,8.057
80,39,out,0.2639,7,5,1,0.736492,18.0477,1.1142,8.057
80,39,out,0.2639,7,6,1,0.720903,54.0476,1.1142,8.057
80,39,out,0.2639,7,7,1,0.723625,24.0477,1.1142,8.057
80,39,out,0.2639,8,0,1,0.641230,30.0282,1.0024,6.424
80,39,out,0.2639,8,1,1,0.666513,0.0426,0.0002,6.424
80,39,out,0.2639,8,2,1,0.628571,60.0271,0.0002,6.424
80,39,out,0.2639,8,3,1,0.655695,36.0281,0.0002,6.424
80,39,out,0.2639,8,4,1,0.643506,79.7425,179.4793,6.424
80,39,out,0.2639,8,5,1,0.651916,18.0282,1.0024,6.424
80,39,out,0.2639,8,6,1,0.637635,54.0282,1.0024,6.424
80,39,out,0.2639,8,7,1,0.643215,24.0282,1.0024,6.424
80,39,out,0.2639,9,0,1,0.760740,30.0323,0.0260,1.859
80,39,out,0.2639,9,1,1,0.794298,0.0541,0.0260,1.859
80,39,out,0.2639,9,2,1,0.732053,59.9351,0.0260,1.859
80,39,out,0.2639,9,3,1,0.760303,36.0361,0.0260,1.859
80,39,out,0.2639,9,4,1,0.742410,79.4876,179.4923,1.859
80,39,out,0.2639,9,5,1,0.760750,18.0323,0.0260,1.859
80,39,out,0.2639,9,6,1,0.757729,54.0323,0.0260,1.859
80,39,out,0.2639,9,7,1,0.759291,24.0323,0.0260,1.859
80,39,out,0.2639,10,0,1,0.704455,30.0211,0.0606,6.756
80,39,out,0.2639,10,1,1,0.725500,0.0448,0.0606,6.756
80,39,out,0.2639,10,2,1,0.702477,60.0239,0.0606,6.756
80,39,out,0.2639,10,3,1,0.714107,36.0250,0.0606,6.756
80,39,out,0.2639,10,4,1,0.693802,79.0086,179.5397,6.756
80,39,out,0.2639,10,5,1,0.702762,18.0211,0.0606,6.756
80,39,out,0.2639,10,6,1,0.705371,54.0211,0.0606,6.756
80,39,out,0.2639,10,7,1,0.700292,24.0211,0.0606,6.756
80,39,out,0.2639,11,0,1,0.765913,30.0008,0.1543,2.239
80,39,out,0.2639,11,1,1,0.787190,0.0439,0.1543,2.239
80,39,out,0.2639,11,2,1,0.777524,60.0036,0.1543,2.239
80,39,out,0.2639,11,3,1,0.778866,36.0046,0.1543,2.239
80,39,out,0.2639,11,4,1,0.745971,78.7996,179.3640,2.239
80,39,out,0.2639,11,5,1,0.772450,18.0008,0.1543,2.239
80,39,out,0.2639,11,6,1,0.768664,54.0008,0.1543,2.239
80,39,out,0.2639,11,7,1,0.772515,24.0008,0.1543,2.239
80,40,in,0.3411,0,0,1,0.720544,0.1003,0.3250,3115.398
80,40,in,0.3411,0,1,1,0.671593,4.6784,179.8041,3115.398
80,40,in,0.3411,0,2,1,0.667965,22.0674,0.3250,3115.398
80,40,in,0.3411,0,3,1,0.667930,19.2263,0.3250,3115.398
80,40,in,0.3411,0,4,1,0.667529,28.5720,179.1933,3115.398
80,40,in,0.3411,0,5,1,0.666931,30.7470,179.1933,3115.398
80,40,in,0.3411,0,6,1,0.664945,24.0618,0.3250,3115.398
80,40,in,0.3411,0,7,1,0.664665,23.1052,179.8041,3115.398
80,40,in,0.3411,1,0,1,0.736770,0.0550,0.5421,3.884
80,40,in,0.3411,1,1,1,0.674890,4.3890,179.9396,3.884
80,40,in,0.3411,1,2,1,0.672412,22.1583,0.5421,3.884
80,40,in,0.3411,1,3,1,0.649935,19.1880,0.4605,3.884
80,40,in,0.3411,1,4,1,0.657923,28.4229,179.9396,3.884
80,40,in,0.3411,1,5,1,0.642419,30.7819,179.9396,3.884
80,40,in,0.3411,1,6,1,0.656549,24.0871,0.4605,3.884
80,40,in,0.3411,1,7,1,0.668943,22.5175,179.9396,3.884
80,40,in,0.3411,2,0,1,0.682543,0.0422,0.2990,4.438
80,40,in,0.3411,2,1,1,0.619662,4.1984,179.7780,4.438
80,40,in,0.3411,2,2,1,0.608470,22.1998,0.2990,4.438
80,40,in,0.3411,2,3,1,0.601859,19.1830,0.2990,4.438
80,40,in,0.3411,2,4,1,0.606719,28.3014,179.7780,4.438
80,40,in,0.3411,2,5,1,0.585181,30.9018,179.7780,4.438
80,40,in,0.3411,2,6,1,0.591914,24.1872,0.2990,4.438
80,40,in,0.3411,2,7,1,0.587490,22.4487,179.7780,4.438
80,40,in,0.3411,3,0,1,0.647488,0.0624,0.2578,3.757
80,40,in,0.3411,3,1,1,0.575808,3.9647,179.7761,3.757
80,40,in,0.3411,3,2,1,0.562990,22.4240,0.2578,3.757
80,40,in,0.3411,3,3,1,0.580831,19.1189,0.2578,3.757
80,40,in,0.3411,3,4,1,0.600683,28.0992,179.7761,3.757
80,40,in,0.3411,3,5,1,0.581707,30.8496,179.7761,3.757
80,40,in,0.3411,3,6,1,0.583049,24.0529,2.7502,3.757
80,40,in,0.3411,3,7,1,0.562373,22.2004,178.7734,3.757
80,40,in,0.3411,4,0,1,0.688787,0.0386,0.5010,3.931
80,40,in,0.3411,4,1,1,0.602034,3.8789,178.9781,3.931
80,40,in,0.3411,4,2,1,0.601599,22.1178,0.5017,3.931
80,40,in,0.3411,4,3,1,0.593210,19.0856,0.5010,3.931
80,40,in,0.3411,4,4,1,0.588885,27.9905,178.9781,3.931
80,40,in,0.3411,4,5,1,0.590825,30.8914,179.9807,3.931
80,40,in,0.3411,4,6,1,0.590692,24.0689,0.5010,3.931
80,40,in,0.3411,4,7,1,0.604464,21.7425,178.9781,3.931
80,40,in,0.3411,5,0,1,0.691937,0.0432,0.6023,3.439
80,40,in,0.3411,5,1,1,0.628371,3.9683,179.8794,3.439
80,40,in,0.3411,5,2,1,0.609485,21.8750,0.4004,3.439
80,40,in,0.3411,5,3,1,0.617412,19.1253,0.6023,3.439
80,40,in,0.3411,5,4,1,0.633566,27.9056,179.8794,3.439
80,40,in,0.3411,5,5,1,0.607736,30.9255,179.8794,3.439
80,40,in,0.3411,5,6,1,0.609369,24.0873,0.6023,3.439
80,40,in,0.3411,5,7,1,0.611954,21.5498,179.8794,3.439
80,40,in,0.3411,6,0,1,0.684718,0.0611,0.7988,4.145
80,40,in,0.3411,6,1,1,0.591443,4.0125,179.6829,4.145
80,40,in,0.3411,6,2,1,0.587997,22.0146,0.2039,4.145
80,40,in,0.3411,6,3,1,0.598405,19.1054,0.2039,4.145
80,40,in,0.3411,6,4,1,0.577396,27.7889,179.6829,4.145
80,40,in,0.3411,6,5,1,0.591777,31.0961,179.6829,4.145
80,40,in,0.3411,6,6,1,0.583568,24.1176,0.2039,4.145
80,40,in,0.3411,6,7,1,0.569818,21.1237,179.3144,4.145
80,40,in,0.3411,7,0,1,0.713724,0.0482,0.1178,3.733
80,40,in,0.3411,7,1,1,0.597011,4.3234,179.6361,3.733
80,40,in,0.3411,7,2,1,0.602801,22.0204,0.8848,3.733
80,40,in,0.3411,7,3,1,0.605227,19.0959,0.1178,3.733
80,40,in,0.3411,7,4,1,0.604451,27.7918,179.6361,3.733
80,40,in,0.3411,7,5,1,0.595518,31.1818,179.6361,3.733
80,40,in,0.3411,7,6,1,0.595617,24.1075,0.1178,3.733
80,40,in,0.3411,7,7,1,0.575847,21.0811,179.6361,3.733
80,40,in,0.3411,8,0,1,0.695498,0.0573,0.2696,4.404
80,40,in,0.3411,8,1,1,0.574375,4.7540,179.7879,4.404
80,40,in,0.3411,8,2,1,0.555407,21.9005,0.2696,4.404
80,40,in,0.3411,8,3,1,0.585557,19.2546,0.2696,4.404
80,40,in,0.3411,8,4,1,0.557563,27.7933,179.7879,4.404
80,40,in,0.3411,8,5,1,0.560560,31.4338,179.2094,4.404
80,40,in,0.3411,8,6,1,0.552503,24.0629,0.2696,4.404
80,40,in,0.3411,8,7,1,0.562087,20.5802,179.2094,4.404
80,40,in,0.3411,9,0,1,0.645132,0.0396,0.3785,3.642
80,40,in,0.3411,9,1,1,0.577584,5.0399,179.8575,3.642
80,40,in,0.3411,9,2,1,0.551947,21.8303,0.6242,3.642
80,40,in,0.3411,9,3,1,0.585534,19.1783,0.3785,3.642
80,40,in,0.3411,9,4,1,0.577113,27.8428,179.8575,3.642
80,40,in,0.3411,9,5,1,0.572158,31.8702,179.8575,3.642
80,40,in,0.3411,9,6,1,0.538593,24.1710,0.3785,3.642
80,40,in,0.3411,9,7,1,0.569479,20.2617,179.8575,3.642
80,40,in,0.3411,10,0,1,0.690352,0.0546,0.5384,4.421
80,40,in,0.3411,10,1,1,0.608550,5.7067,179.9433,4.421
80,40,in,0.3411,10,2,1,0.567351,21.8757,0.4642,4.421
80,40,in,0.3411,10,3,1,0.589369,19.2388,0.5384,4.421
80,40,in,0.3411,10,4,1,0.584163,28.2607,179.9433,4.421
80,40,in,0.3411,10,5,1,0.585542,32.1635,179.9433,4.421
80,40,in,0.3411,10,6,1,0.585738,24.1036,0.4642,4.421
80,40,in,0.3411,10,7,1,0.587244,19.5947,179.9433,4.421
80,40,in,0.3411,11,0,1,0.689652,0.0544,0.2075,3.741
80,40,in,0.3411,11,1,1,0.612068,6.2952,179.6865,3.741
80,40,in,0.3411,11,2,1,0.616075,21.8339,0.2075,3.741
80,40,in,0.3411,11,3,1,0.602310,19.2522,0.2075,3.741
80,40,in,0.3411,11,4,1,0.591009,28.3572,179.6865,3.741
80,40,in,0.3411,11,5,1,0.594052,32.5308,179.6865,3.741
80,40,in,0.3411,11,6,1,0.565461,24.2210,0.2075,3.741
80,40,in,0.3411,11,7,1,0.581193,19.1815,179.6865,3.741
80,41,out,0.0723,0,0,1,0.924198,0.0306,0.3214,2230.095
80,41,out,0.0723,0,1,1,0.817899,47.9879,0.3214,2230.095
80,41,out,0.0723,0,2,1,0.814104,8.9669,179.8396,2230.095
80,41,out,0.0723,0,3,1,0.813668,39.8749,0.3214,2230.095
80,41,out,0.0723,0,4,1,0.809499,37.8725,179.8396,2230.095
80,41,out,0.0723,0,5,1,0.808829,25.6768,179.8396,2230.095
80,41,out,0.0723,0,6,1,0.807861,8.5448,0.3214,2230.095
80,41,out,0.0723,0,7,1,0.806508,5.9880,0.3214,2230.095
80,41,out,0.0723,1,0,1,0.916527,0.0266,0.3913,2.497
80,41,out,0.0723,1,1,1,0.797763,48.0091,0.6113,2.497
80,41,out,0.0723,1,2,1,0.796586,9.6061,179.8704,2.497
80,41,out,0.0723,1,3,1,0.788464,39.8953,0.3913,2.497
80,41,out,0.0723,1,4,1,0.792754,38.3922,179.8704,2.497
80,41,out,0.0723,1,5,1,0.797294,25.9996,179.8704,2.497
80,41,out,0.0723,1,6,1,0.787736,8.4612,0.3913,2.497
80,41,out,0.0723,1,7,1,0.794207,6.0092,0.3913,2.497
80,41,out,0.0723,2,0,1,0.906858,0.0296,0.0714,2.696
80,41,out,0.0723,2,1,1,0.783512,48.0059,0.0714,2.696
80,41,out,0.0723,2,2,1,0.761183,9.9482,179.4076,2.696
80,41,out,0.0723,2,3,1,0.789055,40.0157,0.0714,2.696
80,41,out,0.0723,2,4,1,0.740760,38.8945,179.4076,2.696
80,41,out,0.0723,2,5,1,0.738995,26.3838,179.4076,2.696
80,41,out,0.0723,2,6,1,0.775699,8.6062,0.0714,2.696
80,41,out,0.0723,2,7,1,0.788287,6.0007,0.0714,2.696
80,41,out,0.0723,3,0,1,0.879256,0.0386,0.2122,2.951
80,41,out,0.0723,3,1,1,0.755741,47.9848,0.2122,2.951
80,41,out,0.0723,3,2,1,0.727422,10.5064,179.6912,2.951
80,41,out,0.0723,3,3,1,0.752806,39.9518,0.2122,2.951
80,41,out,0.0723,3,4,1,0.717816,39.2971,179.6912,2.951
80,41,out,0.0723,3,5,1,0.714604,26.7989,179.6912,2.951
80,41,out,0.0723,3,6,1,0.725479,8.6905,0.2122,2.951
80,41,out,0.0723,3,7,1,0.755703,5.9796,0.2122,2.951
80,41,out,0.0723,4,0,1,0.883898,0.0705,0.4344,2.976
80,41,out,0.0723,4,1,1,0.735581,48.0648,0.4344,2.976
80,41,out,0.0723,4,2,1,0.728806,11.0772,179.9527,2.976
80,41,out,0.0723,4,3,1,0.760150,40.0546,0.4344,2.976
80,41,out,0.0723,4,4,1,0.709692,39.7822,179.9527,2.976
80,41,out,0.0723,4,5,1,0.710251,27.3100,179.9527,2.976
80,41,out,0.0723,4,6,1,0.724505,8.6833,0.4344,2.976
80,41,out,0.0723,4,7,1,0.754853,6.0596,0.5683,2.976
80,41,out,0.0723,5,0,1,0.883459,0.0661,0.1953,3.314
80,41,out,0.0723,5,1,1,0.743110,48.0614,0.8074,3.314
80,41,out,0.0723,5,2,1,0.719081,11.6390,179.6743,3.314
80,41,out,0.0723,5,3,1,0.749241,40.0502,0.1953,3.314
80,41,out,0.0723,5,4,1,0.686854,40.1273,179.6743,3.314
80,41,out,0.0723,5,5,1,0.687511,27.6169,179.6743,3.314
80,41,out,0.0723,5,6,1,0.739940,8.6141,0.8074,3.314
80,41,out,0.0723,5,7,1,0.750360,6.0510,0.1953,3.314
80,41,out,0.0723,6,0,1,0.873938,0.0457,0.1054,2.949
80,41,out,0.0723,6,1,1,0.728528,48.0476,0.1054,2.949
80,41,out,0.0723,6,2,1,0.714691,12.2258,179.5844,2.949
80,41,out,0.0723,6,3,1,0.734457,40.1169,0.8973,2.949
80,41,out,0.0723,6,4,1,0.658066,40.5130,179.5844,2.949
80,41,out,0.0723,6,5,1,0.648622,27.7500,179.5844,2.949
80,41,out,0.0723,6,6,1,0.703277,8.5457,0.8973,2.949
80,41,out,0.0723,6,7,1,0.747373,6.0317,0.1054,2.949
80,41,out,0.0723,7,0,1,0.912035,0.0437,0.0213,2.806
80,41,out,0.0723,7,1,1,0.725385,48.0412,1.0240,2.806
80,41,out,0.0723,7,2,1,0.702173,12.8082,179.4577,2.806
80,41,out,0.0723,7,3,1,0.736109,40.0739,1.0240,2.806
80,41,out,0.0723,7,4,1,0.657878,41.0236,179.4577,2.806
80,41,out,0.0723,7,5,1,0.645621,28.1961,179.4577,2.806
80,41,out,0.0723,7,6,1,0.718074,8.5497,1.0240,2.806
80,41,out,0.0723,7,7,1,0.766430,6.0254,0.0213,2.806
80,41,out,0.0723,8,0,1,0.888014,0.0543,0.0360,2.985
80,41,out,0.0723,8,1,1,0.711908,48.0530,1.0387,2.985
80,41,out,0.0723,8,2,1,0.679727,13.3996,179.4430,2.985
80,41,out,0.0723,8,3,1,0.710487,40.0885,1.0387,2.985
80,41,out,0.0723,8,4,1,0.585025,41.3278,179.4430,2.985
80,41,out,0.0723,8,5,1,0.579000,28.6537,179.4430,2.985
80,41,out,0.0723,8,6,1,0.689317,8.4766,1.0387,2.985
80,41,out,0.0723,8,7,1,0.770549,6.0321,0.0360,2.985
80,41,out,0.0723,9,0,1,0.868687,0.0559,0.6706,2.833
80,41,out,0.0723,9,1,1,0.722393,48.0552,0.6706,2.833
80,41,out,0.0723,9,2,1,0.683915,13.4001,178.8085,2.833
80,41,out,0.0723,9,3,1,0.708310,40.0469,0.6706,2.833
80,41,out,0.0723,9,4,1,0.596598,41.4020,178.8085,2.833
80,41,out,0.0723,9,5,1,0.592312,28.6520,178.8085,2.833
80,41,out,0.0723,9,6,1,0.686985,8.4751,0.6706,2.833
80,41,out,0.0723,9,7,1,0.755613,6.0343,0.6706,2.833
80,41,out,0.0723,10,0,1,0.930309,0.0499,0.4118,2.734
80,41,out,0.0723,10,1,1,0.744926,48.0298,0.4118,2.734
80,41,out,0.0723,10,2,1,0.710381,13.2796,179.0672,2.734
80,41,out,0.0723,10,3,1,0.767031,40.0714,0.4118,2.734
80,41,out,0.0723,10,4,1,0.633063,40.7586,179.0672,2.734
80,41,out,0.0723,10,5,1,0.614457,28.0047,179.0672,2.734
80,41,out,0.0723,10,6,1,0.728656,8.6423,0.4118,2.734
80,41,out,0.0723,10,7,1,0.778346,6.0090,0.4118,2.734
80,41,out,0.0723,11,0,1,0.894355,0.0468,0.0404,7.148
80,41,out,0.0723,11,1,1,0.687012,48.0318,1.0431,7.148
80,41,out,0.0723,11,2,1,0.666203,13.0723,179.4386,7.148
80,41,out,0.0723,11,3,1,0.737547,40.0767,1.0431,7.148
80,41,out,0.0723,11,4,1,0.619187,40.1993,179.4386,7.148
80,41,out,0.0723,11,5,1,0.603431,27.3544,179.4386,7.148
80,41,out,0.0723,11,6,1,0.712410,8.7195,1.0431,7.148
80,41,out,0.0723,11,7,1,0.713263,6.0110,0.0404,7.148
80,42,out,0.6436,0,0,1,0.417330,27.8150,0.0193,11762.488
80,42,out,0.6436,0,1,1,0.415992,47.6538,0.0193,11762.488
80,42,out,0.6436,0,2,1,0.411641,49.2878,0.0193,11762.488
80,42,out,0.6436,0,3,1,0.409932,51.1258,0.0193,11762.488
80,42,out,0.6436,0,4,1,0.409884,49.5102,179.5376,11762.488
80,42,out,0.6436,0,5,1,0.407848,0.0523,0.0193,11762.488
80,42,out,0.6436,0,6,1,0.406208,24.6060,179.4598,11762.488
80,42,out,0.6436,0,7,1,0.404316,46.6563,179.4598,11762.488
80,42,out,0.6436,1,0,1,0.387387,28.0960,1.1969,16.416
80,42,out,0.6436,1,1,1,0.400498,47.8570,1.1969,16.416
80,42,out,0.6436,1,2,1,0.373104,49.2170,1.1969,16.416
80,42,out,0.6436,1,3,1,0.363572,51.1827,1.1969,16.416
80,42,out,0.6436,1,4,1,0.394731,49.1402,178.3214,16.416
80,42,out,0.6436,1,5,1,0.390602,0.1028,1.1969,16.416
80,42,out,0.6436,1,6,1,0.370011,24.1932,178.3214,16.416
80,42,out,0.6436,1,7,1,0.383878,45.8924,178.3214,16.416
80,42,out,0.6436,2,0,1,0.403771,28.2798,2.1868,15.399
80,42,out,0.6436,2,1,1,0.396089,47.7810,1.8239,15.399
80,42,out,0.6436,2,2,1,0.422910,49.0598,2.8265,15.399
80,42,out,0.6436,2,3,1,0.386128,50.9205,0.8212,15.399
80,42,out,0.6436,2,4,1,0.421235,48.4653,178.2949,15.399
80,42,out,0.6436,2,5,1,0.417336,0.0364,1.1842,15.399
80,42,out,0.6436,2,6,1,0.403998,23.8773,177.6944,15.399
80,42,out,0.6436,2,7,1,0.403944,45.5727,178.2949,15.399
80,42,out,0.6436,3,0,1,0.441784,28.5211,0.0349,10.128
80,42,out,0.6436,3,1,1,0.449192,48.0257,0.0349,10.128
80,42,out,0.6436,3,2,1,0.459234,49.0328,0.0349,10.128
80,42,out,0.6436,3,3,1,0.428667,50.8060,0.0349,10.128
80,42,out,0.6436,3,4,1,0.444729,47.7545,179.5139,10.128
80,42,out,0.6436,3,5,1,0.479049,0.0691,0.0349,10.128
80,42,out,0.6436,3,6,1,0.425503,23.3212,179.5139,10.128
80,42,out,0.6436,3,7,1,0.443970,45.0035,179.5139,10.128
80,42,out,0.6436,4,0,1,0.421298,28.2573,0.2120,14.105
80,42,out,0.6436,4,1,1,0.433150,47.8352,0.2120,14.105
80,42,out,0.6436,4,2,1,0.431894,49.0407,1.2147,14.105
80,42,out,0.6436,4,3,1,0.411388,51.0785,1.2147,14.105
80,42,out,0.6436,4,4,1,0.427481,47.0098,179.3063,14.105
80,42,out,0.6436,4,5,1,0.440187,0.0372,0.2120,14.105
80,42,out,0.6436,4,6,1,0.416175,22.8335,179.3063,14.105
80,42,out,0.6436,4,7,1,0.441178,44.5305,178.3036,14.105
80,42,out,0.6436,5,0,1,0.428193,27.9512,0.9013,9.166
80,42,out,0.6436,5,1,1,0.447389,47.6548,0.9013,9.166
80,42,out,0.6436,5,2,1,0.439503,48.9756,0.9013,9.166
80,42,out,0.6436,5,3,1,0.429552,51.3546,0.9013,9.166
80,42,out,0.6436,5,4,1,0.428988,46.4637,179.6197,9.166
80,42,out,0.6436,5,5,1,0.462511,0.0856,0.1014,9.166
80,42,out,0.6436,5,6,1,0.445012,22.2226,179.6197,9.166
80,42,out,0.6436,5,7,1,0.427043,43.8614,178.6170,9.166
80,42,out,0.6436,6,0,1,0.471993,28.0948,0.5894,8.567
80,42,out,0.6436,6,1,1,0.465523,47.8494,0.4133,8.567
80,42,out,0.6436,6,2,1,0.477715,48.7427,0.5894,8.567
80,42,out,0.6436,6,3,1,0.469433,51.6291,0.4133,8.567
80,42,out,0.6436,6,4,1,0.464662,45.7474,179.8923,8.567
80,42,out,0.6436,6,5,1,0.479837,0.0335,0.4133,8.567
80,42,out,0.6436,6,6,1,0.452509,21.8856,179.8923,8.567
80,42,out,0.6436,6,7,1,0.475087,43.3507,179.8923,8.567
80,42,out,0.6436,7,0,1,0.409327,27.9194,0.5233,14.087
80,42,out,0.6436,7,1,1,0.410201,47.7875,0.4794,14.087
80,42,out,0.6436,7,2,1,0.367715,48.7485,0.5233,14.087
80,42,out,0.6436,7,3,1,0.354330,51.8113,0.5233,14.087
80,42,out,0.6436,7,4,1,0.386709,45.3931,179.9584,14.087
80,42,out,0.6436,7,5,1,0.405021,0.0326,0.5233,14.087
80,42,out,0.6436,7,6,1,0.368591,21.4697,179.9584,14.087
80,42,out,0.6436,7,7,1,0.396806,42.9976,179.9584,14.087
80,42,out,0.6436,8,0,1,0.365485,28.1358,1.4820,10.253
80,42,out,0.6436,8,1,1,0.359389,48.0642,0.4794,10.253
80,42,out,0.6436,8,2,1,0.345799,48.9861,0.4794,10.253
80,42,out,0.6436,8,3,1,0.329154,51.6307,0.4794,10.253
80,42,out,0.6436,8,4,1,0.332523,44.5393,178.0363,10.253
80,42,out,0.6436,8,5,1,0.343783,0.0552,0.5233,10.253
80,42,out,0.6436,8,6,1,0.328567,21.0161,179.0389,10.253
80,42,out,0.6436,8,7,1,0.338797,42.2475,179.9584,10.253
80,42,out,0.6436,9,0,1,0.420678,27.7413,1.6876,15.337
80,42,out,0.6436,9,1,1,0.409234,47.8065,0.6849,15.337
80,42,out,0.6436,9,2,1,0.412657,49.2346,1.3204,15.337
80,42,out,0.6436,9,3,1,0.400242,51.5965,6.3338,15.337
80,42,out,0.6436,9,4,1,0.405704,43.9407,178.8334,15.337
80,42,out,0.6436,9,5,1,0.433181,0.0319,0.3177,15.337
80,42,out,0.6436,9,6,1,0.407888,20.7397,178.1586,15.337
80,42,out,0.6436,9,7,1,0.414794,41.5938,178.8334,15.337
80,42,out,0.6436,10,0,1,0.439291,27.4474,0.1495,14.289
80,42,out,0.6436,10,1,1,0.441339,47.5573,0.1495,14.289
80,42,out,0.6436,10,2,1,0.417345,48.9603,0.1495,14.289
80,42,out,0.6436,10,3,1,0.415392,51.6116,1.1522,14.289
80,42,out,0.6436,10,4,1,0.417550,43.6530,179.3295,14.289
80,42,out,0.6436,10,5,1,0.459797,0.0855,0.1495,14.289
80,42,out,0.6436,10,6,1,0.422149,20.4831,179.3295,14.289
80,42,out,0.6436,10,7,1,0.424171,41.0033,178.6651,14.289
80,42,out,0.6436,11,0,1,0.429530,27.7987,2.7866,14.820
80,42,out,0.6436,11,1,1,0.440411,47.9016,2.7866,14.820
80,42,out,0.6436,11,2,1,0.427451,49.3152,2.7866,14.820
80,42,out,0.6436,11,3,1,0.390784,51.6062,0.7812,14.820
80,42,out,0.6436,11,4,1,0.411938,43.0941,176.7317,14.820
80,42,out,0.6436,11,5,1,0.421687,0.0234,0.2214,14.820
80,42,out,0.6436,11,6,1,0.405644,20.1103,177.7344,14.820
80,42,out,0.6436,11,7,1,0.426155,40.5166,177.7344,14.820
80,43,out,0.5941,0,0,1,0.455218,0.0501,0.0718,9050.673
80,43,out,0.5941,0,1,1,0.438003,41.9231,1.0745,9050.673
80,43,out,0.5941,0,2,1,0.434571,34.3380,179.4464,9050.673
80,43,out,0.5941,0,3,1,0.429985,54.4511,0.0718,9050.673
80,43,out,0.5941,0,4,1,0.428423,39.8697,0.0718,9050.673
80,43,out,0.5941,0,5,1,0.427315,50.7081,0.0718,9050.673
80,43,out,0.5941,0,6,1,0.426913,33.9113,0.0718,9050.673
80,43,out,0.5941,0,7,1,0.423928,28.0845,179.4464,9050.673
80,43,out,0.5941,1,0,1,0.381027,0.0476,0.9635,22.232
80,43,out,0.5941,1,1,1,0.369931,42.0902,1.9662,22.232
80,43,out,0.5941,1,2,1,0.388393,34.4273,178.5548,22.232
80,43,out,0.5941,1,3,1,0.368833,54.5374,0.9635,22.232
80,43,out,0.5941,1,4,1,0.389066,39.9695,0.9635,22.232
80,43,out,0.5941,1,5,1,0.377017,50.4096,0.9635,22.232
80,43,out,0.5941,1,6,1,0.382260,33.8294,2.9688,22.232
80,43,out,0.5941,1,7,1,0.396639,27.8055,177.5521,22.232
80,43,out,0.5941,2,0,1,0.456556,0.0388,0.3214,13.059
80,43,out,0.5941,2,1,1,0.418671,42.0184,1.3241,13.059
80,43,out,0.5941,2,2,1,0.425245,33.7026,179.8004,13.059
80,43,out,0.5941,2,3,1,0.435976,54.3285,1.3241,13.059
80,43,out,0.5941,2,4,1,0.440846,39.7778,1.3241,13.059
80,43,out,0.5941,2,5,1,0.419658,50.7174,0.3214,13.059
80,43,out,0.5941,2,6,1,0.439824,33.9208,1.6840,13.059
80,43,out,0.5941,2,7,1,0.424059,27.7965,177.7951,13.059
80,43,out,0.5941,3,0,1,0.432995,0.0521,0.1164,14.268
80,43,out,0.5941,3,1,1,0.397016,41.9320,0.1164,14.268
80,43,out,0.5941,3,2,1,0.411399,33.1609,179.4019,14.268
80,43,out,0.5941,3,3,1,0.389678,54.4630,2.1218,14.268
80,43,out,0.5941,3,4,1,0.417963,39.8645,1.1191,14.268
80,43,out,0.5941,3,5,1,0.424958,50.4234,1.1191,14.268
80,43,out,0.5941,3,6,1,0.419229,33.9246,1.1191,14.268
80,43,out,0.5941,3,7,1,0.418816,27.9366,179.4019,14.268
80,43,out,0.5941,4,0,1,0.439683,0.0539,0.2932,9.416
80,43,out,0.5941,4,1,1,0.431657,42.0119,2.2986,9.416
80,43,out,0.5941,4,2,1,0.437710,32.7303,179.7723,9.416
80,43,out,0.5941,4,3,1,0.426893,54.3990,0.7095,9.416
80,43,out,0.5941,4,4,1,0.444972,39.9726,2.2986,9.416
80,43,out,0.5941,4,5,1,0.435698,50.7174,0.7095,9.416
80,43,out,0.5941,4,6,1,0.437267,33.8659,0.7095,9.416
80,43,out,0.5941,4,7,1,0.425912,27.7041,179.7723,9.416
80,43,out,0.5941,5,0,1,0.478516,0.0477,0.5652,14.428
80,43,out,0.5941,5,1,1,0.413672,41.8926,1.4401,14.428
80,43,out,0.5941,5,2,1,0.447942,32.5445,178.9138,14.428
80,43,out,0.5941,5,3,1,0.404081,54.2022,0.5652,14.428
80,43,out,0.5941,5,4,1,0.442242,39.8488,0.5652,14.428
80,43,out,0.5941,5,5,1,0.448228,50.5214,0.5652,14.428
80,43,out,0.5941,5,6,1,0.452233,33.9172,1.5679,14.428
80,43,out,0.5941,5,7,1,0.415105,27.9665,179.0808,14.428
80,43,out,0.5941,6,0,1,0.459025,0.0513,0.3383,10.354
80,43,out,0.5941,6,1,1,0.447357,41.8317,1.3410,10.354
80,43,out,0.5941,6,2,1,0.453499,32.1706,179.1407,10.354
80,43,out,0.5941,6,3,1,0.440395,54.4551,0.3383,10.354
80,43,out,0.5941,6,4,1,0.472221,40.0473,0.3383,10.354
80,43,out,0.5941,6,5,1,0.451721,50.7227,0.3383,10.354
80,43,out,0.5941,6,6,1,0.463637,34.0082,0.3383,10.354
80,43,out,0.5941,6,7,1,0.440330,28.3386,179.1407,10.354
80,43,out,0.5941,7,0,1,0.414166,0.0514,0.6024,21.265
80,43,out,0.5941,7,1,1,0.391704,42.0566,0.6024,21.265
80,43,out,0.5941,7,2,1,0.391171,31.9368,179.9186,21.265
80,43,out,0.5941,7,3,1,0.363732,54.6222,0.4003,21.265
80,43,out,0.5941,7,4,1,0.393218,40.3444,0.4003,21.265
80,43,out,0.5941,7,5,1,0.407116,50.9230,0.6024,21.265
80,43,out,0.5941,7,6,1,0.424849,33.8391,0.6024,21.265
80,43,out,0.5941,7,7,1,0.385106,28.2245,179.9186,21.265
80,43,out,0.5941,8,0,1,0.466679,0.0606,0.0510,5.870
80,43,out,0.5941,8,1,1,0.426686,41.9021,0.0510,5.870
80,43,out,0.5941,8,2,1,0.425744,31.5508,179.4280,5.870
80,43,out,0.5941,8,3,1,0.407419,54.3851,0.0510,5.870
80,43,out,0.5941,8,4,1,0.450953,40.1575,1.0537,5.870
80,43,out,0.5941,8,5,1,0.433031,50.8296,1.0537,5.870
80,43,out,0.5941,8,6,1,0.417478,34.1026,1.0537,5.870
80,43,out,0.5941,8,7,1,0.414100,28.3401,179.4280,5.870
80,43,out,0.5941,9,0,1,0.466066,0.0496,0.3321,9.526
80,43,out,0.5941,9,1,1,0.448757,42.1123,0.3321,9.526
80,43,out,0.5941,9,2,1,0.441161,31.2899,179.8504,9.526
80,43,out,0.5941,9,3,1,0.413949,54.0993,0.3321,9.526
80,43,out,0.5941,9,4,1,0.451291,40.3209,0.3321,9.526
80,43,out,0.5941,9,5,1,0.442011,50.6940,0.3321,9.526
80,43,out,0.5941,9,6,1,0.460285,34.0692,0.3321,9.526
80,43,out,0.5941,9,7,1,0.438930,28.5315,179.8504,9.526
80,43,out,0.5941,10,0,1,0.413436,0.0597,0.1451,14.304
80,43,out,0.5941,10,1,1,0.397563,41.8106,0.1451,14.304
80,43,out,0.5941,10,2,1,0.397118,30.6084,179.6242,14.304
80,43,out,0.5941,10,3,1,0.399972,53.8514,0.1451,14.304
80,43,out,0.5941,10,4,1,0.422649,40.0183,0.8576,14.304
80,43,out,0.5941,10,5,1,0.393353,50.3894,0.1451,14.304
80,43,out,0.5941,10,6,1,0.411247,34.1873,0.1451,14.304
80,43,out,0.5941,10,7,1,0.412850,28.8703,179.6242,14.304
80,43,out,0.5941,11,0,1,0.476509,0.0491,0.8000,13.717
80,43,out,0.5941,11,1,1,0.458605,42.1154,0.8000,13.717
80,43,out,0.5941,11,2,1,0.447087,30.2088,178.6790,13.717
80,43,out,0.5941,11,3,1,0.435211,53.6045,0.8000,13.717
80,43,out,0.5941,11,4,1,0.449844,40.3293,0.8000,13.717
80,43,out,0.5941,11,5,1,0.449006,50.6976,0.8000,13.717
80,43,out,0.5941,11,6,1,0.449413,33.9875,0.8000,13.717
80,43,out,0.5941,11,7,1,0.435858,29.0219,178.6790,13.717
80,44,out,0.5059,0,0,1,0.539883,0.0582,0.6637,6746.819
80,44,out,0.5059,0,1,1,0.530171,47.7295,176.8492,6746.819
80,44,out,0.5059,0,2,1,0.529628,58.1785,177.8519,6746.819
80,44,out,0.5059,0,3,1,0.525594,45.2433,1.6664,6746.819
80,44,out,0.5059,0,4,1,0.525075,58.7622,1.6664,6746.819
80,44,out,0.5059,0,5,1,0.522838,47.0663,176.8492,6746.819
80,44,out,0.5059,0,6,1,0.519922,24.2236,176.8492,6746.819
80,44,out,0.5059,0,7,1,0.519623,46.3210,176.8492,6746.819
80,44,out,0.5059,1,0,1,0.498958,0.0377,0.4597,5.643
80,44,out,0.5059,1,1,1,0.460581,47.1011,179.9780,5.643
80,44,out,0.5059,1,2,1,0.481222,57.6147,179.9780,5.643
80,44,out,0.5059,1,3,1,0.464690,45.4849,0.5429,5.643
80,44,out,0.5059,1,4,1,0.496096,58.8579,1.5456,5.643
80,44,out,0.5059,1,5,1,0.454150,46.3729,177.9727,5.643
80,44,out,0.5059,1,6,1,0.476113,23.9944,177.9727,5.643
80,44,out,0.5059,1,7,1,0.454038,45.7454,179.9780,5.643
80,44,out,0.5059,2,0,1,0.616064,0.0497,0.4366,5.036
80,44,out,0.5059,2,1,1,0.552183,46.6399,179.0816,5.036
80,44,out,0.5059,2,2,1,0.555987,57.0290,179.0816,5.036
80,44,out,0.5059,2,3,1,0.563753,45.3273,0.4366,5.036
80,44,out,0.5059,2,4,1,0.569816,58.8111,0.4366,5.036
80,44,out,0.5059,2,5,1,0.558470,45.9380,179.9157,5.036
80,44,out,0.5059,2,6,1,0.570094,23.4648,179.9157,5.036
80,44,out,0.5059,2,7,1,0.566127,45.2491,179.0816,5.036
80,44,out,0.5059,3,0,1,0.550906,0.0414,0.5307,4.586
80,44,out,0.5059,3,1,1,0.506835,46.6430,179.9903,4.586
80,44,out,0.5059,3,2,1,0.496195,57.2008,179.9903,4.586
80,44,out,0.5059,3,3,1,0.531962,45.3229,0.5307,4.586
80,44,out,0.5059,3,4,1,0.526873,58.8036,0.4720,4.586
80,44,out,0.5059,3,5,1,0.510131,45.7715,179.9903,4.586
80,44,out,0.5059,3,6,1,0.514747,23.4641,179.9903,4.586
80,44,out,0.5059,3,7,1,0.516966,45.3133,179.9903,4.586
80,44,out,0.5059,4,0,1,0.533893,0.0439,0.1685,4.558
80,44,out,0.5059,4,1,1,0.505749,46.5185,179.6868,4.558
80,44,out,0.5059,4,2,1,0.499281,56.7972,179.6868,4.558
80,44,out,0.5059,4,3,1,0.533189,45.3299,0.1685,4.558
80,44,out,0.5059,4,4,1,0.519822,58.8674,0.1685,4.558
80,44,out,0.5059,4,5,1,0.513718,45.7811,179.3105,4.558
80,44,out,0.5059,4,6,1,0.532712,22.9243,179.6868,4.558
80,44,out,0.5059,4,7,1,0.517228,45.1074,178.6841,4.558
80,44,out,0.5059,5,0,1,0.591533,0.0547,0.6349,4.890
80,44,out,0.5059,5,1,1,0.543896,45.9414,179.8468,4.890
80,44,out,0.5059,5,2,1,0.549117,56.4777,179.8468,4.890
80,44,out,0.5059,5,3,1,0.564247,45.1656,0.6349,4.890
80,44,out,0.5059,5,4,1,0.585920,58.7508,0.3677,4.890
80,44,out,0.5059,5,5,1,0.554444,45.7278,179.8468,4.890
80,44,out,0.5059,5,6,1,0.563836,22.2868,179.8468,4.890
80,44,out,0.5059,5,7,1,0.559691,45.0224,179.8468,4.890
80,44,out,0.5059,6,0,1,0.530709,0.0634,0.3166,4.983
80,44,out,0.5059,6,1,1,0.528930,45.9424,179.8349,4.983
80,44,out,0.5059,6,2,1,0.492403,56.4563,179.8349,4.983
80,44,out,0.5059,6,3,1,0.505134,45.3286,0.6860,4.983
80,44,out,0.5059,6,4,1,0.523277,58.7997,0.6860,4.983
80,44,out,0.5059,6,5,1,0.502885,45.9285,179.8349,4.983
80,44,out,0.5059,6,6,1,0.506936,21.9496,179.8349,4.983
80,44,out,0.5059,6,7,1,0.497426,45.2311,179.8349,4.983
80,44,out,0.5059,7,0,1,0.474715,0.0358,0.9441,31.236
80,44,out,0.5059,7,1,1,0.446486,45.4087,179.5377,31.236
80,44,out,0.5059,7,2,1,0.412091,56.1911,179.4597,31.236
80,44,out,0.5059,7,3,1,0.438792,45.3171,0.0586,31.236
80,44,out,0.5059,7,4,1,0.456956,58.7910,0.9441,31.236
80,44,out,0.5059,7,5,1,0.422670,45.9650,179.5377,31.236
80,44,out,0.5059,7,6,1,0.432312,21.7171,179.5377,31.236
80,44,out,0.5059,7,7,1,0.430377,45.3340,179.5377,31.236
80,44,out,0.5059,8,0,1,0.487736,0.0644,0.4505,5.015
80,44,out,0.5059,8,1,1,0.482346,45.3957,179.0285,5.015
80,44,out,0.5059,8,2,1,0.486057,55.7567,179.9688,5.015
80,44,out,0.5059,8,3,1,0.489814,45.2387,0.4505,5.015
80,44,out,0.5059,8,4,1,0.485831,58.6280,0.4505,5.015
80,44,out,0.5059,8,5,1,0.474378,45.9410,179.0285,5.015
80,44,out,0.5059,8,6,1,0.493466,21.2718,179.9688,5.015
80,44,out,0.5059,8,7,1,0.481931,45.2742,179.9688,5.015
80,44,out,0.5059,9,0,1,0.519150,0.0319,0.2967,4.294
80,44,out,0.5059,9,1,1,0.510543,44.9464,179.7757,4.294
80,44,out,0.5059,9,2,1,0.493865,55.8145,179.7757,4.294
80,44,out,0.5059,9,3,1,0.501030,45.2185,0.7060,4.294
80,44,out,0.5059,9,4,1,0.508614,58.6030,0.7060,4.294
80,44,out,0.5059,9,5,1,0.504981,46.1378,179.7757,4.294
80,44,out,0.5059,9,6,1,0.505411,20.7403,179.7757,4.294
80,44,out,0.5059,9,7,1,0.497146,45.1858,178.7731,4.294
80,44,out,0.5059,10,0,1,0.490304,0.0602,0.0691,4.929
80,44,out,0.5059,10,1,1,0.492094,44.7054,179.5874,4.929
80,44,out,0.5059,10,2,1,0.478664,55.4070,179.4100,4.929
80,44,out,0.5059,10,3,1,0.523687,45.4475,0.0691,4.929
80,44,out,0.5059,10,4,1,0.501807,58.6871,0.0691,4.929
80,44,out,0.5059,10,5,1,0.497198,45.9011,179.5874,4.929
80,44,out,0.5059,10,6,1,0.504938,20.3810,179.4100,4.929
80,44,out,0.5059,10,7,1,0.496993,45.0282,179.5874,4.929
80,44,out,0.5059,11,0,1,0.590703,0.0285,0.3628,5.008
80,44,out,0.5059,11,1,1,0.511419,44.4508,179.8418,5.008
80,44,out,0.5059,11,2,1,0.524933,55.0362,179.8418,5.008
80,44,out,0.5059,11,3,1,0.527649,45.4693,0.6399,5.008
80,44,out,0.5059,11,4,1,0.552385,58.6568,0.3628,5.008
80,44,out,0.5059,11,5,1,0.515522,45.7019,179.8418,5.008
80,44,out,0.5059,11,6,1,0.532440,19.6239,179.8418,5.008
80,44,out,0.5059,11,7,1,0.516249,44.9423,179.1555,5.008
80,45,out,0.5844,0,0,1,0.466689,0.0006,0.1469,12384.413
80,45,out,0.5844,0,1,1,0.443697,5.9995,0.1469,12384.413
80,45,out,0.5844,0,2,1,0.432913,73.3224,179.3322,12384.413
80,45,out,0.5844,0,3,1,0.429819,12.0005,0.1469,12384.413
80,45,out,0.5844,0,4,1,0.429702,25.4912,176.3241,12384.413
80,45,out,0.5844,0,5,1,0.429086,39.0268,4.1576,12384.413
80,45,out,0.5844,0,6,1,0.428046,11.9995,0.1469,12384.413
80,45,out,0.5844,0,7,1,0.427186,23.9995,0.1469,12384.413
80,45,out,0.5844,1,0,1,0.513014,0.0034,0.5623,7.250
80,45,out,0.5844,1,1,1,0.450514,6.0007,0.4404,7.250
80,45,out,0.5844,1,2,1,0.454150,73.9131,179.9586,7.250
80,45,out,0.5844,1,3,1,0.442143,11.9993,0.5623,7.250
80,45,out,0.5844,1,4,1,0.461520,25.9628,179.9586,7.250
80,45,out,0.5844,1,5,1,0.458086,38.9924,0.4404,7.250
80,45,out,0.5844,1,6,1,0.449822,12.0007,0.4404,7.250
80,45,out,0.5844,1,7,1,0.435332,24.0007,0.4404,7.250
80,45,out,0.5844,2,0,1,0.467823,0.1348,0.7130,5.501
80,45,out,0.5844,2,1,1,0.408472,5.9079,0.7130,5.501
80,45,out,0.5844,2,2,1,0.426474,74.5058,179.7687,5.501
80,45,out,0.5844,2,3,1,0.416123,12.0882,0.7130,5.501
80,45,out,0.5844,2,4,1,0.415432,26.1930,176.7607,5.501
80,45,out,0.5844,2,5,1,0.410018,39.1539,2.7184,5.501
80,45,out,0.5844,2,6,1,0.422804,11.9074,0.7130,5.501
80,45,out,0.5844,2,7,1,0.407981,24.0070,0.2897,5.501
80,45,out,0.5844,3,0,1,0.510435,0.0066,0.5099,3.970
80,45,out,0.5844,3,1,1,0.471282,6.0001,0.5099,3.970
80,45,out,0.5844,3,2,1,0.481013,75.1041,179.9718,3.970
80,45,out,0.5844,3,3,1,0.457911,11.9947,0.5099,3.970
80,45,out,0.5844,3,4,1,0.470123,27.0780,176.9638,3.970
80,45,out,0.5844,3,5,1,0.445903,39.4364,2.5152,3.970
80,45,out,0.5844,3,6,1,0.462933,12.0001,0.4928,3.970
80,45,out,0.5844,3,7,1,0.472048,24.0053,0.5099,3.970
80,45,out,0.5844,4,0,1,0.419349,0.0264,0.5333,8.889
80,45,out,0.5844,4,1,1,0.396053,5.9798,0.5333,8.889
80,45,out,0.5844,4,2,1,0.389887,75.6814,179.9484,8.889
80,45,out,0.5844,4,3,1,0.390923,12.0151,0.5333,8.889
80,45,out,0.5844,4,4,1,0.357621,27.8667,173.9323,8.889
80,45,out,0.5844,4,5,1,0.365046,39.3810,2.5387,8.889
80,45,out,0.5844,4,6,1,0.388034,11.9847,0.5333,8.889
80,45,out,0.5844,4,7,1,0.382774,23.9850,0.4694,8.889
80,45,out,0.5844,5,0,1,0.472325,0.0319,0.0256,8.315
80,45,out,0.5844,5,1,1,0.411460,5.9642,0.0256,8.315
80,45,out,0.5844,5,2,1,0.405139,76.2927,179.4535,8.315
80,45,out,0.5844,5,3,1,0.419608,12.0306,0.0256,8.315
80,45,out,0.5844,5,4,1,0.403466,28.1697,173.4374,8.315
80,45,out,0.5844,5,5,1,0.391240,39.3278,0.9771,8.315
80,45,out,0.5844,5,6,1,0.419577,11.9691,0.0256,8.315
80,45,out,0.5844,5,7,1,0.420535,23.9748,0.0256,8.315
80,45,out,0.5844,6,0,1,0.481777,0.0208,0.1328,8.047
80,45,out,0.5844,6,1,1,0.401998,5.9766,0.1328,8.047
80,45,out,0.5844,6,2,1,0.404599,76.9114,179.3462,8.047
80,45,out,0.5844,6,3,1,0.409134,12.0182,0.1328,8.047
80,45,out,0.5844,6,4,1,0.390956,28.8177,177.3409,8.047
80,45,out,0.5844,6,5,1,0.353155,39.2244,2.1382,8.047
80,45,out,0.5844,6,6,1,0.406064,11.9815,0.1328,8.047
80,45,out,0.5844,6,7,1,0.384101,23.9873,0.1328,8.047
80,45,out,0.5844,7,0,1,0.483430,0.0397,0.5822,8.601
80,45,out,0.5844,7,1,1,0.427516,5.9640,0.5822,8.601
80,45,out,0.5844,7,2,1,0.420893,77.5158,179.8995,8.601
80,45,out,0.5844,7,3,1,0.425830,12.0308,0.5822,8.601
80,45,out,0.5844,7,4,1,0.395943,29.5033,178.8968,8.601
80,45,out,0.5844,7,5,1,0.394541,39.2319,3.5903,8.601
80,45,out,0.5844,7,6,1,0.429813,11.9689,0.5822,8.601
80,45,out,0.5844,7,7,1,0.416799,23.9747,0.4204,8.601
80,45,out,0.5844,8,0,1,0.443798,0.0540,0.2118,14.460
80,45,out,0.5844,8,1,1,0.397136,6.0466,0.2118,14.460
80,45,out,0.5844,8,2,1,0.393922,78.1054,179.6909,14.460
80,45,out,0.5844,8,3,1,0.394403,12.0482,0.7908,14.460
80,45,out,0.5844,8,4,1,0.390247,30.0828,174.6775,14.460
80,45,out,0.5844,8,5,1,0.335918,39.4820,0.7908,14.460
80,45,out,0.5844,8,6,1,0.393792,12.0515,0.2118,14.460
80,45,out,0.5844,8,7,1,0.395035,23.9623,0.2118,14.460
80,45,out,0.5844,9,0,1,0.460866,0.0649,0.5461,4.631
80,45,out,0.5844,9,1,1,0.421002,5.9594,0.5461,4.631
80,45,out,0.5844,9,2,1,0.426261,78.6928,179.9748,4.631
80,45,out,0.5844,9,3,1,0.434448,12.0405,0.5461,4.631
80,45,out,0.5844,9,4,1,0.392371,30.5898,173.0064,4.631
80,45,out,0.5844,9,5,1,0.344430,39.2381,2.5515,4.631
80,45,out,0.5844,9,6,1,0.420412,11.9643,0.5461,4.631
80,45,out,0.5844,9,7,1,0.416023,23.9751,0.4565,4.631
80,45,out,0.5844,10,0,1,0.444223,0.0383,1.1840,14.541
80,45,out,0.5844,10,1,1,0.376914,5.9565,0.1813,14.541
80,45,out,0.5844,10,2,1,0.357511,78.6825,178.2950,14.541
80,45,out,0.5844,10,3,1,0.367025,12.0433,1.1840,14.541
80,45,out,0.5844,10,4,1,0.377458,30.5572,175.2870,14.541
80,45,out,0.5844,10,5,1,0.348952,39.1829,1.1840,14.541
80,45,out,0.5844,10,6,1,0.363767,11.8614,1.1840,14.541
80,45,out,0.5844,10,7,1,0.359954,23.9724,0.1813,14.541
80,45,out,0.5844,11,0,1,0.437228,0.0196,0.5665,4.553
80,45,out,0.5844,11,1,1,0.394621,5.9712,0.5665,4.553
80,45,out,0.5844,11,2,1,0.375809,78.1478,179.9152,4.553
80,45,out,0.5844,11,3,1,0.372858,12.0240,0.5665,4.553
80,45,out,0.5844,11,4,1,0.404156,30.1449,177.9099,4.553
80,45,out,0.5844,11,5,1,0.358718,38.9064,0.4362,4.553
80,45,out,0.5844,11,6,1,0.378195,11.9808,0.5665,4.553
80,45,out,0.5844,11,7,1,0.369211,23.9871,0.5665,4.553
80,46,in,0.0252,0,0,1,0.922038,0.0181,0.3361,2352.000
80,46,in,0.0252,0,1,1,0.829796,18.5714,179.8151,2352.000
80,46,in,0.0252,0,2,1,0.821744,13.4908,0.3361,2352.000
80,46,in,0.0252,0,3,1,0.820643,30.2716,179.8151,2352.000
80,46,in,0.0252,0,4,1,0.815689,12.0157,0.6666,2352.000
80,46,in,0.0252,0,5,1,0.814095,24.2296,0.6666,2352.000
80,46,in,0.0252,0,6,1,0.813023,12.5419,179.8151,2352.000
80,46,in,0.0252,0,7,1,0.810948,24.4286,179.8151,2352.000
80,46,in,0.0252,1,0,1,0.928913,0.0401,0.3961,6.943
80,46,in,0.0252,1,1,1,0.828702,18.8056,179.8751,6.943
80,46,in,0.0252,1,2,1,0.839563,13.4680,0.3961,6.943
80,46,in,0.0252,1,3,1,0.819124,30.9559,179.8751,6.943
80,46,in,0.0252,1,4,1,0.824978,12.0944,0.6066,6.943
80,46,in,0.0252,1,5,1,0.815678,24.3089,0.3961,6.943
80,46,in,0.0252,1,6,1,0.819798,11.9782,179.8751,6.943
80,46,in,0.0252,1,7,1,0.819367,25.1026,179.8751,6.943
80,46,in,0.0252,2,0,1,0.932363,0.0548,0.1879,7.063
80,46,in,0.0252,2,1,1,0.840265,18.9923,179.7062,7.063
80,46,in,0.0252,2,2,1,0.841596,13.5499,0.1879,7.063
80,46,in,0.0252,2,3,1,0.838343,31.5366,179.7062,7.063
80,46,in,0.0252,2,4,1,0.848509,12.0869,0.1879,7.063
80,46,in,0.0252,2,5,1,0.850768,24.3071,0.1879,7.063
80,46,in,0.0252,2,6,1,0.830361,11.3777,179.7062,7.063
80,46,in,0.0252,2,7,1,0.837545,25.6941,179.7062,7.063
80,46,in,0.0252,3,0,1,0.915799,0.0532,0.3530,6.606
80,46,in,0.0252,3,1,1,0.849889,19.2343,179.8320,6.606
80,46,in,0.0252,3,2,1,0.836046,13.5102,0.6497,6.606
80,46,in,0.0252,3,3,1,0.853909,32.1529,179.8320,6.606
80,46,in,0.0252,3,4,1,0.853826,12.0952,0.3530,6.606
80,46,in,0.0252,3,5,1,0.833743,24.3169,0.6497,6.606
80,46,in,0.0252,3,6,1,0.851758,10.8254,179.8320,6.606
80,46,in,0.0252,3,7,1,0.833312,26.2769,179.8320,6.606
80,46,in,0.0252,4,0,1,0.943153,0.0367,0.3126,2.946
80,46,in,0.0252,4,1,1,0.882321,19.4080,179.7916,2.946
80,46,in,0.0252,4,2,1,0.867936,13.4977,0.3126,2.946
80,46,in,0.0252,4,3,1,0.885179,32.7212,179.7916,2.946
80,46,in,0.0252,4,4,1,0.885484,12.0784,0.3126,2.946
80,46,in,0.0252,4,5,1,0.866558,24.2029,0.3126,2.946
80,46,in,0.0252,4,6,1,0.878266,10.2443,179.7916,2.946
80,46,in,0.0252,4,7,1,0.862170,26.8280,179.7916,2.946
80,46,in,0.0252,5,0,1,0.918224,0.0397,0.3905,6.789
80,46,in,0.0252,5,1,1,0.841431,19.6039,179.9088,6.789
80,46,in,0.0252,5,2,1,0.828341,13.5793,0.3905,6.789
80,46,in,0.0252,5,3,1,0.854198,33.3168,179.9088,6.789
80,46,in,0.0252,5,4,1,0.843145,12.0773,0.3905,6.789
80,46,in,0.0252,5,5,1,0.831311,24.2537,0.3905,6.789
80,46,in,0.0252,5,6,1,0.834790,9.7141,179.9088,6.789
80,46,in,0.0252,5,7,1,0.832557,27.4492,179.9088,6.789
80,46,in,0.0252,6,0,1,0.936649,0.0657,0.1813,6.980
80,46,in,0.0252,6,1,1,0.831724,19.7390,179.6603,6.980
80,46,in,0.0252,6,2,1,0.826668,13.6005,0.1813,6.980
80,46,in,0.0252,6,3,1,0.844634,33.9403,179.6603,6.980
80,46,in,0.0252,6,4,1,0.850713,12.1029,0.1813,6.980
80,46,in,0.0252,6,5,1,0.820720,24.2316,0.1813,6.980
80,46,in,0.0252,6,6,1,0.824764,9.0749,179.6603,6.980
80,46,in,0.0252,6,7,1,0.825295,28.0742,179.6603,6.980
80,46,in,0.0252,7,0,1,0.920444,0.0413,0.3246,2.714
80,46,in,0.0252,7,1,1,0.825088,19.9920,179.1937,2.714
80,46,in,0.0252,7,2,1,0.809982,13.5147,0.3246,2.714
80,46,in,0.0252,7,3,1,0.839388,34.4374,179.8036,2.714
80,46,in,0.0252,7,4,1,0.836615,12.0960,0.3246,2.714
80,46,in,0.0252,7,5,1,0.814813,24.2927,0.3246,2.714
80,46,in,0.0252,7,6,1,0.822167,8.6302,179.1937,2.714
80,46,in,0.0252,7,7,1,0.815343,28.6070,179.8036,2.714
80,46,in,0.0252,8,0,1,0.933087,0.0755,0.2578,7.498
80,46,in,0.0252,8,1,1,0.847402,20.0481,179.7760,7.498
80,46,in,0.0252,8,2,1,0.822507,13.5940,0.2578,7.498
80,46,in,0.0252,8,3,1,0.865064,34.5305,179.7760,7.498
80,46,in,0.0252,8,4,1,0.851085,12.0894,0.7449,7.498
80,46,in,0.0252,8,5,1,0.824981,24.1502,0.2578,7.498
80,46,in,0.0252,8,6,1,0.845798,8.5048,179.7760,7.498
80,46,in,0.0252,8,7,1,0.829416,28.6990,179.7760,7.498
80,46,in,0.0252,9,0,1,0.938335,0.0448,0.4286,10.838
80,46,in,0.0252,9,1,1,0.845214,19.3285,179.9076,10.838
80,46,in,0.0252,9,2,1,0.838233,13.4734,0.4286,10.838
80,46,in,0.0252,9,3,1,0.853315,34.1053,179.9076,10.838
80,46,in,0.0252,9,4,1,0.849108,12.0180,0.4286,10.838
80,46,in,0.0252,9,5,1,0.830522,24.2093,0.5741,10.838
80,46,in,0.0252,9,6,1,0.838824,8.7649,179.9076,10.838
80,46,in,0.0252,9,7,1,0.833427,28.2776,179.9076,10.838
80,46,in,0.0252,10,0,1,0.930878,0.0677,0.0231,11.347
80,46,in,0.0252,10,1,1,0.832854,18.8089,179.5414,11.347
80,46,in,0.0252,10,2,1,0.824396,13.5700,0.0231,11.347
80,46,in,0.0252,10,3,1,0.832130,33.8362,179.5414,11.347
80,46,in,0.0252,10,4,1,0.846187,12.0270,0.0231,11.347
80,46,in,0.0252,10,5,1,0.824586,24.3489,0.0231,11.347
80,46,in,0.0252,10,6,1,0.828427,8.7797,179.5414,11.347
80,46,in,0.0252,10,7,1,0.815124,28.0322,179.5414,11.347
80,46,in,0.0252,11,0,1,0.927670,0.0499,0.1349,11.447
80,46,in,0.0252,11,1,1,0.851531,18.1265,179.6140,11.447
80,46,in,0.0252,11,2,1,0.836892,13.5583,0.1349,11.447
80,46,in,0.0252,11,3,1,0.849449,33.5878,179.6140,11.447
80,46,in,0.0252,11,4,1,0.851381,12.0176,0.1349,11.447
80,46,in,0.0252,11,5,1,0.839476,24.2084,0.1349,11.447
80,46,in,0.0252,11,6,1,0.846415,8.9700,179.6140,11.447
80,46,in,0.0252,11,7,1,0.835908,27.8489,179.6140,11.447
80,47,in,0.5236,0,0,1,0.576413,0.0208,0.0264,12529.142
80,47,in,0.5236,0,1,1,0.511475,13.4251,0.0264,12529.142
80,47,in,0.5236,0,2,1,0.506548,17.5506,0.0264,12529.142
80,47,in,0.5236,0,3,1,0.492060,0.4012,179.4919,12529.142
80,47,in,0.5236,0,4,1,0.491809,24.2834,179.4919,12529.142
80,47,in,0.5236,0,5,1,0.490573,8.4711,179.4919,12529.142
80,47,in,0.5236,0,6,1,0.490261,20.6097,179.4919,12529.142
80,47,in,0.5236,0,7,1,0.489673,24.6317,0.0264,12529.142
80,47,in,0.5236,1,0,1,0.594155,0.0176,0.0507,5.745
80,47,in,0.5236,1,1,1,0.478495,13.5964,0.0507,5.745
80,47,in,0.5236,1,2,1,0.448767,17.5581,0.0507,5.745
80,47,in,0.5236,1,3,1,0.442565,0.8033,176.4596,5.745
80,47,in,0.5236,1,4,1,0.432674,24.3950,179.4676,5.745
80,47,in,0.5236,1,5,1,0.428969,8.2986,179.4676,5.745
80,47,in,0.5236,1,6,1,0.440583,21.2042,179.4676,5.745
80,47,in,0.5236,1,7,1,0.455158,24.7112,0.0507,5.745
80,47,in,0.5236,2,0,1,0.574455,0.0133,1.4475,5.056
80,47,in,0.5236,2,1,1,0.448371,13.4112,1.4475,5.056
80,47,in,0.5236,2,2,1,0.428546,17.5297,2.4502,5.056
80,47,in,0.5236,2,3,1,0.431914,1.1882,178.0315,5.056
80,47,in,0.5236,2,4,1,0.420562,24.5481,179.9631,5.056
80,47,in,0.5236,2,5,1,0.419704,8.1277,178.0315,5.056
80,47,in,0.5236,2,6,1,0.434669,21.6227,178.0315,5.056
80,47,in,0.5236,2,7,1,0.433727,24.7157,1.4475,5.056
80,47,in,0.5236,3,0,1,0.495350,0.0669,0.3308,6.933
80,47,in,0.5236,3,1,1,0.387884,13.4652,0.6719,6.933
80,47,in,0.5236,3,2,1,0.349262,17.5624,0.6719,6.933
80,47,in,0.5236,3,3,1,0.365213,1.9577,179.8098,6.933
80,47,in,0.5236,3,4,1,0.356507,24.8102,179.8098,6.933
80,47,in,0.5236,3,5,1,0.356343,7.8812,179.8098,6.933
80,47,in,0.5236,3,6,1,0.354561,22.4022,179.8098,6.933
80,47,in,0.5236,3,7,1,0.374464,24.6663,0.3308,6.933
80,47,in,0.5236,4,0,1,0.615608,0.0300,0.0728,5.132
80,47,in,0.5236,4,1,1,0.478277,13.5094,0.0728,5.132
80,47,in,0.5236,4,2,1,0.429509,17.5617,0.0728,5.132
80,47,in,0.5236,4,3,1,0.437453,2.5035,179.5519,5.132
80,47,in,0.5236,4,4,1,0.451003,25.0450,179.5519,5.132
80,47,in,0.5236,4,5,1,0.432664,7.5929,179.4455,5.132
80,47,in,0.5236,4,6,1,0.420808,22.9365,179.4455,5.132
80,47,in,0.5236,4,7,1,0.455866,24.6710,0.0728,5.132
80,47,in,0.5236,5,0,1,0.583264,0.0678,0.0433,5.209
80,47,in,0.5236,5,1,1,0.449264,13.3459,0.0433,5.209
80,47,in,0.5236,5,2,1,0.424293,17.6404,0.9593,5.209
80,47,in,0.5236,5,3,1,0.443559,3.0997,179.5224,5.209
80,47,in,0.5236,5,4,1,0.433086,25.5120,179.5224,5.209
80,47,in,0.5236,5,5,1,0.425544,7.3461,178.5197,5.209
80,47,in,0.5236,5,6,1,0.431216,23.4679,179.4750,5.209
80,47,in,0.5236,5,7,1,0.458227,24.5985,0.9593,5.209
80,47,in,0.5236,6,0,1,0.578782,0.0388,0.5214,5.666
80,47,in,0.5236,6,1,1,0.436153,13.4358,0.5214,5.666
80,47,in,0.5236,6,2,1,0.371185,17.7396,1.4840,5.666
80,47,in,0.5236,6,3,1,0.434801,3.5966,179.9996,5.666
80,47,in,0.5236,6,4,1,0.411826,25.4714,178.9977,5.666
80,47,in,0.5236,6,5,1,0.401273,7.3135,179.9996,5.666
80,47,in,0.5236,6,6,1,0.376844,24.0862,179.9996,5.666
80,47,in,0.5236,6,7,1,0.410648,24.5559,0.5214,5.666
80,47,in,0.5236,7,0,1,0.575851,0.0346,0.4612,5.971
80,47,in,0.5236,7,1,1,0.386276,13.4286,0.4612,5.971
80,47,in,0.5236,7,2,1,0.363814,17.4750,0.4612,5.971
80,47,in,0.5236,7,3,1,0.439952,4.1484,179.9402,5.971
80,47,in,0.5236,7,4,1,0.383501,25.7483,179.9402,5.971
80,47,in,0.5236,7,5,1,0.363169,7.4530,179.0571,5.971
80,47,in,0.5236,7,6,1,0.354006,24.6819,179.9402,5.971
80,47,in,0.5236,7,7,1,0.369365,24.2877,0.4612,5.971
80,47,in,0.5236,8,0,1,0.562561,0.0455,1.5123,7.941
80,47,in,0.5236,8,1,1,0.371191,13.4242,1.5123,7.941
80,47,in,0.5236,8,2,1,0.350009,17.5750,0.5096,7.941
80,47,in,0.5236,8,3,1,0.428935,4.7584,179.0087,7.941
80,47,in,0.5236,8,4,1,0.361331,25.9349,179.0087,7.941
80,47,in,0.5236,8,5,1,0.341819,7.4277,178.0060,7.941
80,47,in,0.5236,8,6,1,0.357692,25.1206,179.0087,7.941
80,47,in,0.5236,8,7,1,0.351860,24.5450,1.5123,7.941
80,47,in,0.5236,9,0,1,0.538472,0.0590,0.7749,13.878
80,47,in,0.5236,9,1,1,0.318131,13.2031,0.7749,13.878
80,47,in,0.5236,9,2,1,0.295564,17.4832,1.7776,13.878
80,47,in,0.5236,9,3,1,0.389544,5.3862,178.7041,13.878
80,47,in,0.5236,9,4,1,0.309814,26.0810,179.7068,13.878
80,47,in,0.5236,9,5,1,0.286693,7.4358,178.7041,13.878
80,47,in,0.5236,9,6,1,0.278167,25.9423,178.7041,13.878
80,47,in,0.5236,9,7,1,0.300407,24.5857,0.7749,13.878
80,47,in,0.5236,10,0,1,0.562545,0.0634,0.9690,5.703
80,47,in,0.5236,10,1,1,0.421120,13.4589,0.9690,5.703
80,47,in,0.5236,10,2,1,0.399833,17.6245,0.9690,5.703
80,47,in,0.5236,10,3,1,0.460880,5.5078,178.5100,5.703
80,47,in,0.5236,10,4,1,0.406886,26.0925,179.5127,5.703
80,47,in,0.5236,10,5,1,0.384435,7.5220,179.5127,5.703
80,47,in,0.5236,10,6,1,0.392181,25.8947,178.5100,5.703
80,47,in,0.5236,10,7,1,0.394728,24.4857,0.9690,5.703
80,47,in,0.5236,11,0,1,0.549755,0.0669,0.9060,5.348
80,47,in,0.5236,11,1,1,0.375017,13.2762,0.9060,5.348
80,47,in,0.5236,11,2,1,0.343962,17.5936,0.0966,5.348
80,47,in,0.5236,11,3,1,0.458424,5.3389,179.5757,5.348
80,47,in,0.5236,11,4,1,0.358957,26.3880,178.5730,5.348
80,47,in,0.5236,11,5,1,0.328508,7.4298,179.5757,5.348
80,47,in,0.5236,11,6,1,0.328037,25.8944,179.5757,5.348
80,47,in,0.5236,11,7,1,0.351732,24.5695,0.9060,5.348
80,48,in,0.5983,0,0,1,0.503693,0.0343,0.4360,13531.727
80,48,in,0.5983,0,1,1,0.474919,27.7063,178.0796,13531.727
80,48,in,0.5983,0,2,1,0.470400,4.9975,179.0823,13531.727
80,48,in,0.5983,0,3,1,0.468767,28.7426,0.4360,13531.727
80,48,in,0.5983,0,4,1,0.463433,15.2931,179.0823,13531.727
80,48,in,0.5983,0,5,1,0.460681,4.7040,1.4387,13531.727
80,48,in,0.5983,0,6,1,0.458765,23.3193,179.9150,13531.727
80,48,in,0.5983,0,7,1,0.457869,19.9388,179.0823,13531.727
80,48,in,0.5983,1,0,1,0.508957,0.1109,0.5598,11.391
80,48,in,0.5983,1,1,1,0.439638,27.9670,178.9585,11.391
80,48,in,0.5983,1,2,1,0.484863,5.3403,178.9585,11.391
80,48,in,0.5983,1,3,1,0.463749,28.6484,0.5598,11.391
80,48,in,0.5983,1,4,1,0.461467,15.5766,178.9585,11.391
80,48,in,0.5983,1,5,1,0.464178,4.7088,1.5624,11.391
80,48,in,0.5983,1,6,1,0.477766,23.7529,178.9585,11.391
80,48,in,0.5983,1,7,1,0.442495,19.3889,178.9585,11.391
80,48,in,0.5983,2,0,1,0.476470,0.0363,0.3926,19.406
80,48,in,0.5983,2,1,1,0.433691,28.2347,179.8716,19.406
80,48,in,0.5983,2,2,1,0.459993,5.4309,179.8716,19.406
80,48,in,0.5983,2,3,1,0.431050,28.8361,0.3926,19.406
80,48,in,0.5983,2,4,1,0.418794,15.9881,179.8716,19.406
80,48,in,0.5983,2,5,1,0.423810,5.0023,0.3926,19.406
80,48,in,0.5983,2,6,1,0.423331,24.2650,179.8716,19.406
80,48,in,0.5983,2,7,1,0.416717,18.7164,179.8716,19.406
80,48,in,0.5983,3,0,1,0.454655,0.3048,0.6667,22.847
80,48,in,0.5983,3,1,1,0.444184,28.4650,179.8150,22.847
80,48,in,0.5983,3,2,1,0.460626,5.7068,179.8150,22.847
80,48,in,0.5983,3,3,1,0.412598,28.9401,0.6667,22.847
80,48,in,0.5983,3,4,1,0.431391,16.6058,179.8150,22.847
80,48,in,0.5983,3,5,1,0.440320,4.9058,0.6667,22.847
80,48,in,0.5983,3,6,1,0.442570,25.0570,179.8150,22.847
80,48,in,0.5983,3,7,1,0.411002,17.9715,179.8150,22.847
80,48,in,0.5983,4,0,1,0.428568,0.0494,0.8289,22.342
80,48,in,0.5983,4,1,1,0.410611,28.6486,179.6528,22.342
80,48,in,0.5983,4,2,1,0.404355,6.5140,179.3446,22.342
80,48,in,0.5983,4,3,1,0.381467,28.6414,1.8316,22.342
80,48,in,0.5983,4,4,1,0.388095,16.7707,179.6528,22.342
80,48,in,0.5983,4,5,1,0.396349,4.8005,0.1737,22.342
80,48,in,0.5983,4,6,1,0.418763,25.4625,179.6528,22.342
80,48,in,0.5983,4,7,1,0.370320,17.5812,179.3446,22.342
80,48,in,0.5983,5,0,1,0.454892,0.0378,0.7061,14.247
80,48,in,0.5983,5,1,1,0.429713,28.8683,179.7756,14.247
80,48,in,0.5983,5,2,1,0.407268,7.1098,179.7756,14.247
80,48,in,0.5983,5,3,1,0.397099,28.6518,0.7061,14.247
80,48,in,0.5983,5,4,1,0.387395,17.0840,179.7756,14.247
80,48,in,0.5983,5,5,1,0.396821,4.7168,0.2966,14.247
80,48,in,0.5983,5,6,1,0.384969,25.9450,179.7756,14.247
80,48,in,0.5983,5,7,1,0.386064,17.0192,179.7756,14.247
80,48,in,0.5983,6,0,1,0.514339,0.0215,0.1356,19.787
80,48,in,0.5983,6,1,1,0.464595,28.9631,179.6538,19.787
80,48,in,0.5983,6,2,1,0.461469,7.5961,179.6538,19.787
80,48,in,0.5983,6,3,1,0.433497,28.7160,0.1356,19.787
80,48,in,0.5983,6,4,1,0.425647,17.6915,179.6538,19.787
80,48,in,0.5983,6,5,1,0.459866,4.6078,0.1356,19.787
80,48,in,0.5983,6,6,1,0.460037,26.6958,179.6538,19.787
80,48,in,0.5983,6,7,1,0.434654,16.6091,179.6538,19.787
80,48,in,0.5983,7,0,1,0.498738,0.0988,0.2288,5.348
80,48,in,0.5983,7,1,1,0.449039,29.1380,179.7078,5.348
80,48,in,0.5983,7,2,1,0.457815,7.9537,179.7078,5.348
80,48,in,0.5983,7,3,1,0.464413,28.9289,0.2288,5.348
80,48,in,0.5983,7,4,1,0.452247,17.8859,179.7078,5.348
80,48,in,0.5983,7,5,1,0.455201,4.3032,0.2288,5.348
80,48,in,0.5983,7,6,1,0.471175,27.1714,179.7078,5.348
80,48,in,0.5983,7,7,1,0.439520,16.0198,179.7078,5.348
80,48,in,0.5983,8,0,1,0.453687,0.0456,0.4953,30.110
80,48,in,0.5983,8,1,1,0.435271,29.3477,179.9744,30.110
80,48,in,0.5983,8,2,1,0.450335,8.2995,179.9744,30.110
80,48,in,0.5983,8,3,1,0.428443,28.6273,0.4953,30.110
80,48,in,0.5983,8,4,1,0.419243,18.6251,178.9717,30.110
80,48,in,0.5983,8,5,1,0.443613,4.1913,0.4953,30.110
80,48,in,0.5983,8,6,1,0.446320,27.6618,179.9744,30.110
80,48,in,0.5983,8,7,1,0.433996,15.7366,179.9744,30.110
80,48,in,0.5983,9,0,1,0.451591,0.1253,0.0650,23.575
80,48,in,0.5983,9,1,1,0.398776,29.6316,179.5440,23.575
80,48,in,0.5983,9,2,1,0.430931,9.1446,179.4533,23.575
80,48,in,0.5983,9,3,1,0.391241,28.8153,0.0650,23.575
80,48,in,0.5983,9,4,1,0.419136,18.7799,179.5440,23.575
80,48,in,0.5983,9,5,1,0.415005,4.4863,0.0650,23.575
80,48,in,0.5983,9,6,1,0.397863,28.0183,179.4533,23.575
80,48,in,0.5983,9,7,1,0.391459,14.8724,179.5440,23.575
80,48,in,0.5983,10,0,1,0.496059,0.0265,0.0026,14.212
80,48,in,0.5983,10,1,1,0.433848,29.8740,179.5209,14.212
80,48,in,0.5983,10,2,1,0.435893,9.6037,179.5209,14.212
80,48,in,0.5983,10,3,1,0.456099,28.5135,0.0026,14.212
80,48,in,0.5983,10,4,1,0.426769,18.9587,179.5209,14.212
80,48,in,0.5983,10,5,1,0.435874,4.7833,0.0026,14.212
80,48,in,0.5983,10,6,1,0.422212,28.4478,179.5209,14.212
80,48,in,0.5983,10,7,1,0.426467,13.9981,179.5209,14.212
80,48,in,0.5983,11,0,1,0.495574,0.0189,0.0246,22.626
80,48,in,0.5983,11,1,1,0.451630,30.0510,179.4937,22.626
80,48,in,0.5983,11,2,1,0.481660,10.4873,179.4937,22.626
80,48,in,0.5983,11,3,1,0.449203,28.8134,1.0272,22.626
80,48,in,0.5983,11,4,1,0.463765,19.6720,179.4937,22.626
80,48,in,0.5983,11,5,1,0.465668,4.5897,0.0246,22.626
80,48,in,0.5983,11,6,1,0.441952,28.7309,178.4911,22.626
80,48,in,0.5983,11,7,1,0.449784,13.5116,179.4937,22.626
80,49,in,0.4335,0,0,1,0.698609,0.0221,0.1796,4267.684
80,49,in,0.4335,0,1,1,0.641888,1.5476,179.6586,4267.684
80,49,in,0.4335,0,2,1,0.633068,6.7789,0.1796,4267.684
80,49,in,0.4335,0,3,1,0.630827,28.2816,0.1796,4267.684
80,49,in,0.4335,0,4,1,0.629750,23.0449,179.6586,4267.684
80,49,in,0.4335,0,5,1,0.629345,22.9669,0.1796,4267.684
80,49,in,0.4335,0,6,1,0.623791,20.7950,179.6586,4267.684
80,49,in,0.4335,0,7,1,0.623755,15.2237,0.1796,4267.684
80,49,in,0.4335,1,0,1,0.566842,0.0228,0.2003,6.104
80,49,in,0.4335,1,1,1,0.495036,1.2361,179.7186,6.104
80,49,in,0.4335,1,2,1,0.480602,6.7790,0.2003,6.104
80,49,in,0.4335,1,3,1,0.505092,28.4524,0.2003,6.104
80,49,in,0.4335,1,4,1,0.512037,23.3738,179.7186,6.104
80,49,in,0.4335,1,5,1,0.497977,22.7127,0.2003,6.104
80,49,in,0.4335,1,6,1,0.508013,21.1205,179.7186,6.104
80,49,in,0.4335,1,7,1,0.486551,15.0409,0.2003,6.104
80,49,in,0.4335,2,0,1,0.618916,0.0364,0.4907,4.565
80,49,in,0.4335,2,1,1,0.503644,1.1376,179.9910,4.565
80,49,in,0.4335,2,2,1,0.505044,6.7654,0.5119,4.565
80,49,in,0.4335,2,3,1,0.496623,28.3659,0.5119,4.565
80,49,in,0.4335,2,4,1,0.519199,23.5427,179.9910,4.565
80,49,in,0.4335,2,5,1,0.499634,22.5324,0.5119,4.565
80,49,in,0.4335,2,6,1,0.507942,21.7155,179.0064,4.565
80,49,in,0.4335,2,7,1,0.499683,15.0885,0.5119,4.565
80,49,in,0.4335,3,0,1,0.572645,0.0416,0.0196,5.911
80,49,in,0.4335,3,1,1,0.535711,1.3638,179.5379,5.911
80,49,in,0.4335,3,2,1,0.532551,6.9102,0.0196,5.911
80,49,in,0.4335,3,3,1,0.515773,28.1198,0.0196,5.911
80,49,in,0.4335,3,4,1,0.519106,23.8381,179.4594,5.911
80,49,in,0.4335,3,5,1,0.532431,22.7460,1.0223,5.911
80,49,in,0.4335,3,6,1,0.534963,22.0718,179.5379,5.911
80,49,in,0.4335,3,7,1,0.525007,15.3476,0.0196,5.911
80,49,in,0.4335,4,0,1,0.620310,0.0433,0.0877,4.520
80,49,in,0.4335,4,1,1,0.533064,2.0241,179.6060,4.520
80,49,in,0.4335,4,2,1,0.512243,6.8123,0.0877,4.520
80,49,in,0.4335,4,3,1,0.534883,28.3397,0.0877,4.520
80,49,in,0.4335,4,4,1,0.541136,24.2388,178.6033,4.520
80,49,in,0.4335,4,5,1,0.505891,22.9394,0.0877,4.520
80,49,in,0.4335,4,6,1,0.545147,22.7290,179.6060,4.520
80,49,in,0.4335,4,7,1,0.509798,15.0837,0.0877,4.520
80,49,in,0.4335,5,0,1,0.677606,0.0227,0.5657,4.118
80,49,in,0.4335,5,1,1,0.630695,2.1582,179.9160,4.118
80,49,in,0.4335,5,2,1,0.585322,6.9826,0.5657,4.118
80,49,in,0.4335,5,3,1,0.608162,28.2616,0.5657,4.118
80,49,in,0.4335,5,4,1,0.625944,24.6739,179.9160,4.118
80,49,in,0.4335,5,5,1,0.599230,23.0446,0.5657,4.118
80,49,in,0.4335,5,6,1,0.623387,23.4232,179.9160,4.118
80,49,in,0.4335,5,7,1,0.583434,14.9844,0.5657,4.118
80,49,in,0.4335,6,0,1,0.608068,0.0217,0.5755,4.626
80,49,in,0.4335,6,1,1,0.587857,2.8100,179.9062,4.626
80,49,in,0.4335,6,2,1,0.544004,6.8372,0.4271,4.626
80,49,in,0.4335,6,3,1,0.543671,28.2578,0.5755,4.626
80,49,in,0.4335,6,4,1,0.556187,25.0098,179.9062,4.626
80,49,in,0.4335,6,5,1,0.532463,23.0462,0.4271,4.626
80,49,in,0.4335,6,6,1,0.560762,24.0015,179.9062,4.626
80,49,in,0.4335,6,7,1,0.525653,14.8097,0.4271,4.626
80,49,in,0.4335,7,0,1,0.634253,0.0188,0.1965,4.891
80,49,in,0.4335,7,1,1,0.563766,3.1564,179.3218,4.891
80,49,in,0.4335,7,2,1,0.529923,7.0030,0.1965,4.891
80,49,in,0.4335,7,3,1,0.545076,28.2520,0.1965,4.891
80,49,in,0.4335,7,4,1,0.575594,25.5386,179.3218,4.891
80,49,in,0.4335,7,5,1,0.538261,22.9744,0.1965,4.891
80,49,in,0.4335,7,6,1,0.558767,24.4043,179.3218,4.891
80,49,in,0.4335,7,7,1,0.529659,15.0040,0.1965,4.891
80,49,in,0.4335,8,0,1,0.663394,0.0257,0.7804,4.046
80,49,in,0.4335,8,1,1,0.570890,3.8397,179.7013,4.046
80,49,in,0.4335,8,2,1,0.556018,6.8598,0.2223,4.046
80,49,in,0.4335,8,3,1,0.568896,28.2437,0.2223,4.046
80,49,in,0.4335,8,4,1,0.552995,26.0471,179.2960,4.046
80,49,in,0.4335,8,5,1,0.543458,22.7205,0.2223,4.046
80,49,in,0.4335,8,6,1,0.590597,25.0111,178.6986,4.046
80,49,in,0.4335,8,7,1,0.559316,15.1900,0.2223,4.046
80,49,in,0.4335,9,0,1,0.639950,0.0375,0.5925,4.473
80,49,in,0.4335,9,1,1,0.570539,4.1761,179.9285,4.473
80,49,in,0.4335,9,2,1,0.532228,7.0019,0.5925,4.473
80,49,in,0.4335,9,3,1,0.556773,28.1586,0.5925,4.473
80,49,in,0.4335,9,4,1,0.545831,26.5766,179.9285,4.473
80,49,in,0.4335,9,5,1,0.531933,22.6258,0.5925,4.473
80,49,in,0.4335,9,6,1,0.557254,25.6131,179.9285,4.473
80,49,in,0.4335,9,7,1,0.533093,15.0612,0.5925,4.473
80,49,in,0.4335,10,0,1,0.597978,0.0494,0.1038,5.032
80,49,in,0.4335,10,1,1,0.521817,4.7762,179.4145,5.032
80,49,in,0.4335,10,2,1,0.461219,6.8659,0.8989,5.032
80,49,in,0.4335,10,3,1,0.511874,28.2841,0.1038,5.032
80,49,in,0.4335,10,4,1,0.507579,27.1396,179.5828,5.032
80,49,in,0.4335,10,5,1,0.460831,22.7147,0.8989,5.032
80,49,in,0.4335,10,6,1,0.508903,26.1549,179.4145,5.032
80,49,in,0.4335,10,7,1,0.472652,14.9915,0.1038,5.032
80,49,in,0.4335,11,0,1,0.637808,0.0510,0.0147,3.802
80,49,in,0.4335,11,1,1,0.571452,4.7120,179.5036,3.802
80,49,in,0.4335,11,2,1,0.505727,6.6398,0.0147,3.802
80,49,in,0.4335,11,3,1,0.575502,28.1287,0.0147,3.802
80,49,in,0.4335,11,4,1,0.570086,27.0393,179.5036,3.802
80,49,in,0.4335,11,5,1,0.497661,22.7148,0.0147,3.802
80,49,in,0.4335,11,6,1,0.568833,26.1567,179.4937,3.802
80,49,in,0.4335,11,7,1,0.502222,14.9923,0.0147,3.802
80,50,in,0.0158,0,0,1,0.925812,0.0305,0.1086,2261.000
80,50,in,0.0158,0,1,1,0.848903,5.9285,0.1086,2261.000
80,50,in,0.0158,0,2,1,0.847315,24.0715,0.1086,2261.000
80,50,in,0.0158,0,3,1,0.842846,24.2821,0.1086,2261.000
80,50,in,0.0158,0,4,1,0.842091,48.0715,0.1086,2261.000
80,50,in,0.0158,0,5,1,0.838692,32.6087,0.1086,2261.000
80,50,in,0.0158,0,6,1,0.838143,36.0715,0.1086,2261.000
80,50,in,0.0158,0,7,1,0.837947,16.9854,179.6269,2261.000
80,50,in,0.0158,1,0,1,0.942728,0.0257,0.1745,6.867
80,50,in,0.0158,1,1,1,0.843479,6.0223,0.1745,6.867
80,50,in,0.0158,1,2,1,0.854416,23.9791,0.1745,6.867
80,50,in,0.0158,1,3,1,0.856410,24.2628,0.1745,6.867
80,50,in,0.0158,1,4,1,0.850386,47.9788,0.1745,6.867
80,50,in,0.0158,1,5,1,0.844765,32.5248,0.1745,6.867
80,50,in,0.0158,1,6,1,0.840794,35.9788,0.1745,6.867
80,50,in,0.0158,1,7,1,0.848117,16.8934,179.6928,6.867
80,50,in,0.0158,2,0,1,0.946080,0.0285,0.2789,8.122
80,50,in,0.0158,2,1,1,0.851272,6.0220,0.2789,8.122
80,50,in,0.0158,2,2,1,0.861389,23.9783,0.2789,8.122
80,50,in,0.0158,2,3,1,0.858425,24.2660,0.2789,8.122
80,50,in,0.0158,2,4,1,0.856972,47.9780,0.2789,8.122
80,50,in,0.0158,2,5,1,0.847457,32.5254,0.2789,8.122
80,50,in,0.0158,2,6,1,0.846365,35.9780,0.2789,8.122
80,50,in,0.0158,2,7,1,0.850004,16.8929,179.2394,8.122
80,50,in,0.0158,3,0,1,0.933891,0.0281,0.4158,2.471
80,50,in,0.0158,3,1,1,0.831478,5.9222,0.4158,2.471
80,50,in,0.0158,3,2,1,0.837980,23.9781,0.4158,2.471
80,50,in,0.0158,3,3,1,0.843521,24.2899,0.4158,2.471
80,50,in,0.0158,3,4,1,0.831149,48.0778,0.4158,2.471
80,50,in,0.0158,3,5,1,0.827327,32.6170,0.4158,2.471
80,50,in,0.0158,3,6,1,0.826254,36.0778,0.4158,2.471
80,50,in,0.0158,3,7,1,0.835597,17.0007,179.8948,2.471
80,50,in,0.0158,4,0,1,0.942644,0.0252,0.1128,8.129
80,50,in,0.0158,4,1,1,0.829220,5.9241,0.1128,8.129
80,50,in,0.0158,4,2,1,0.832073,23.9771,0.1128,8.129
80,50,in,0.0158,4,3,1,0.840686,24.2828,0.1128,8.129
80,50,in,0.0158,4,4,1,0.836735,48.0769,0.1128,8.129
80,50,in,0.0158,4,5,1,0.831405,32.7306,0.1128,8.129
80,50,in,0.0158,4,6,1,0.821810,36.0769,0.1128,8.129
80,50,in,0.0158,4,7,1,0.830844,16.8911,179.6311,8.129
80,50,in,0.0158,5,0,1,0.944617,0.0277,0.2813,7.099
80,50,in,0.0158,5,1,1,0.839147,5.9284,0.2813,7.099
80,50,in,0.0158,5,2,1,0.841696,23.9759,0.2813,7.099
80,50,in,0.0158,5,3,1,0.850539,24.3723,0.2813,7.099
80,50,in,0.0158,5,4,1,0.837544,47.9726,0.2813,7.099
80,50,in,0.0158,5,5,1,0.836219,32.6847,0.2813,7.099
80,50,in,0.0158,5,6,1,0.834383,36.0726,0.2813,7.099
80,50,in,0.0158,5,7,1,0.842091,16.7800,179.7603,7.099
80,50,in,0.0158,6,0,1,0.939644,0.0190,0.5242,6.428
80,50,in,0.0158,6,1,1,0.819328,6.0223,0.5242,6.428
80,50,in,0.0158,6,2,1,0.826770,23.9863,0.5242,6.428
80,50,in,0.0158,6,3,1,0.843226,24.3476,0.5242,6.428
80,50,in,0.0158,6,4,1,0.813783,47.9811,0.5242,6.428
80,50,in,0.0158,6,5,1,0.830307,32.5606,0.5242,6.428
80,50,in,0.0158,6,6,1,0.803935,35.9823,0.5242,6.428
80,50,in,0.0158,6,7,1,0.841380,16.5724,179.9967,6.428
80,50,in,0.0158,7,0,1,0.959127,0.0057,0.1741,7.927
80,50,in,0.0158,7,1,1,0.835464,6.0051,0.1741,7.927
80,50,in,0.0158,7,2,1,0.846899,24.0038,0.1741,7.927
80,50,in,0.0158,7,3,1,0.870009,24.3557,0.1741,7.927
80,50,in,0.0158,7,4,1,0.835599,48.0001,0.1741,7.927
80,50,in,0.0158,7,5,1,0.855457,32.5393,0.1741,7.927
80,50,in,0.0158,7,6,1,0.831787,35.9986,0.1741,7.927
80,50,in,0.0158,7,7,1,0.860962,16.3487,179.6924,7.927
80,50,in,0.0158,8,0,1,0.967000,0.0088,0.2005,2.538
80,50,in,0.0158,8,1,1,0.851748,6.0027,0.2005,2.538
80,50,in,0.0158,8,2,1,0.850934,24.0095,0.2005,2.538
80,50,in,0.0158,8,3,1,0.878401,24.3445,0.2005,2.538
80,50,in,0.0158,8,4,1,0.841103,48.0049,0.2005,2.538
80,50,in,0.0158,8,5,1,0.862506,32.5786,0.2005,2.538
80,50,in,0.0158,8,6,1,0.846930,36.0046,0.2005,2.538
80,50,in,0.0158,8,7,1,0.869250,16.1981,179.7188,2.538
80,50,in,0.0158,9,0,1,0.970962,0.0132,0.1765,2.722
80,50,in,0.0158,9,1,1,0.850011,6.0168,0.1765,2.722
80,50,in,0.0158,9,2,1,0.850259,24.0006,0.1765,2.722
80,50,in,0.0158,9,3,1,0.878869,24.3376,0.1765,2.722
80,50,in,0.0158,9,4,1,0.836915,47.9961,0.1765,2.722
80,50,in,0.0158,9,5,1,0.863608,32.5686,0.1765,2.722
80,50,in,0.0158,9,6,1,0.841177,35.9962,0.1765,2.722
80,50,in,0.0158,9,7,1,0.875372,15.9659,179.6948,2.722
80,50,in,0.0158,10,0,1,0.965695,0.0151,0.1620,2.137
80,50,in,0.0158,10,1,1,0.842105,6.0306,0.1620,2.137
80,50,in,0.0158,10,2,1,0.846192,23.9942,0.1620,2.137
80,50,in,0.0158,10,3,1,0.874680,24.2410,0.1620,2.137
80,50,in,0.0158,10,4,1,0.824283,47.9897,0.1620,2.137
80,50,in,0.0158,10,5,1,0.865161,32.5634,0.1620,2.137
80,50,in,0.0158,10,6,1,0.830490,35.9926,0.1620,2.137
80,50,in,0.0158,10,7,1,0.870169,15.7725,179.6803,2.137
80,50,in,0.0158,11,0,1,0.978830,0.0127,0.1928,2.516
80,50,in,0.0158,11,1,1,0.854172,5.9961,0.1928,2.516
80,50,in,0.0158,11,2,1,0.852694,24.0213,0.1928,2.516
80,50,in,0.0158,11,3,1,0.877834,24.2656,0.1928,2.516
80,50,in,0.0158,11,4,1,0.820693,48.0076,0.1928,2.516
80,50,in,0.0158,11,5,1,0.869073,32.5884,0.1928,2.516
80,50,in,0.0158,11,6,1,0.843395,36.0082,0.1928,2.516
80,50,in,0.0158,11,7,1,0.862634,15.6096,179.6719,2.516
80,51,in,0.3811,0,0,1,0.679108,0.0826,0.1651,4619.971
80,51,in,0.3811,0,1,1,0.603294,4.6880,179.6441,4619.971
80,51,in,0.3811,0,2,1,0.602777,7.6036,179.6441,4619.971
80,51,in,0.3811,0,3,1,0.584951,2.7798,0.1651,4619.971
80,51,in,0.3811,0,4,1,0.583636,26.1247,179.6441,4619.971
80,51,in,0.3811,0,5,1,0.582545,20.3295,179.6441,4619.971
80,51,in,0.3811,0,6,1,0.582177,9.0061,179.6441,4619.971
80,51,in,0.3811,0,7,1,0.581811,28.3847,179.6441,4619.971
80,51,in,0.3811,1,0,1,0.677613,0.0195,0.3548,5.211
80,51,in,0.3811,1,1,1,0.595276,5.3813,179.1635,5.211
80,51,in,0.3811,1,2,1,0.588858,8.2691,179.1635,5.211
80,51,in,0.3811,1,3,1,0.539143,3.0917,0.3548,5.211
80,51,in,0.3811,1,4,1,0.572876,25.5462,179.8339,5.211
80,51,in,0.3811,1,5,1,0.569346,19.6352,179.1635,5.211
80,51,in,0.3811,1,6,1,0.593093,9.2976,179.8339,5.211
80,51,in,0.3811,1,7,1,0.577069,28.1653,179.1635,5.211
80,51,in,0.3811,2,0,1,0.693891,0.0237,0.2928,5.334
80,51,in,0.3811,2,1,1,0.579579,5.3854,179.2255,5.334
80,51,in,0.3811,2,2,1,0.568127,8.1056,179.7718,5.334
80,51,in,0.3811,2,3,1,0.531036,3.3904,0.7099,5.334
80,51,in,0.3811,2,4,1,0.532284,25.5353,179.7718,5.334
80,51,in,0.3811,2,5,1,0.564545,19.6315,179.2255,5.334
80,51,in,0.3811,2,6,1,0.558229,9.5639,178.7691,5.334
80,51,in,0.3811,2,7,1,0.532328,28.1645,179.2255,5.334
80,51,in,0.3811,3,0,1,0.705433,0.0515,0.1652,4.517
80,51,in,0.3811,3,1,1,0.615726,5.4677,179.6442,4.517
80,51,in,0.3811,3,2,1,0.622806,8.4063,179.6442,4.517
80,51,in,0.3811,3,3,1,0.597148,3.1778,0.1652,4.517
80,51,in,0.3811,3,4,1,0.611856,25.7714,179.3531,4.517
80,51,in,0.3811,3,5,1,0.594837,19.5213,179.3531,4.517
80,51,in,0.3811,3,6,1,0.592012,9.9151,179.6442,4.517
80,51,in,0.3811,3,7,1,0.600133,28.7614,179.6442,4.517
80,51,in,0.3811,4,0,1,0.689224,0.0325,0.2604,5.086
80,51,in,0.3811,4,1,1,0.584397,5.5989,179.7787,5.086
80,51,in,0.3811,4,2,1,0.585435,8.8109,179.7787,5.086
80,51,in,0.3811,4,3,1,0.538973,3.4896,0.2604,5.086
80,51,in,0.3811,4,4,1,0.550734,26.0640,179.7787,5.086
80,51,in,0.3811,4,5,1,0.563052,19.3740,179.7787,5.086
80,51,in,0.3811,4,6,1,0.566271,9.9939,179.7787,5.086
80,51,in,0.3811,4,7,1,0.553051,29.6223,179.2187,5.086
80,51,in,0.3811,5,0,1,0.660190,0.0462,0.2231,4.732
80,51,in,0.3811,5,1,1,0.592584,5.9974,179.2952,4.732
80,51,in,0.3811,5,2,1,0.577973,9.2662,179.2952,4.732
80,51,in,0.3811,5,3,1,0.544201,3.6833,1.2258,4.732
80,51,in,0.3811,5,4,1,0.555810,26.2190,179.2952,4.732
80,51,in,0.3811,5,5,1,0.567659,19.0997,179.2952,4.732
80,51,in,0.3811,5,6,1,0.536469,10.6566,179.7021,4.732
80,51,in,0.3811,5,7,1,0.556831,30.2094,179.2952,4.732
80,51,in,0.3811,6,0,1,0.681780,0.0564,0.0669,5.529
80,51,in,0.3811,6,1,1,0.594759,6.2423,179.5459,5.529
80,51,in,0.3811,6,2,1,0.595458,9.7585,179.5459,5.529
80,51,in,0.3811,6,3,1,0.549478,3.3905,0.0669,5.529
80,51,in,0.3811,6,4,1,0.561251,26.4174,179.5459,5.529
80,51,in,0.3811,6,5,1,0.587528,18.8841,179.5459,5.529
80,51,in,0.3811,6,6,1,0.566612,11.1158,179.5459,5.529
80,51,in,0.3811,6,7,1,0.573418,30.5292,179.5459,5.529
80,51,in,0.3811,7,0,1,0.616755,0.0530,0.1742,5.729
80,51,in,0.3811,7,1,1,0.535733,6.5558,179.3441,5.729
80,51,in,0.3811,7,2,1,0.548088,10.3266,179.3441,5.729
80,51,in,0.3811,7,3,1,0.498265,3.0870,1.1769,5.729
80,51,in,0.3811,7,4,1,0.519767,26.7810,179.3441,5.729
80,51,in,0.3811,7,5,1,0.522281,18.7825,179.3441,5.729
80,51,in,0.3811,7,6,1,0.514523,11.3827,179.3441,5.729
80,51,in,0.3811,7,7,1,0.534010,31.3058,178.3414,5.729
80,51,in,0.3811,8,0,1,0.625896,0.0366,0.7815,5.683
80,51,in,0.3811,8,1,1,0.530975,6.7544,179.7002,5.683
80,51,in,0.3811,8,2,1,0.512999,10.3045,179.2971,5.683
80,51,in,0.3811,8,3,1,0.486173,2.7979,0.2212,5.683
80,51,in,0.3811,8,4,1,0.489034,27.2122,179.2971,5.683
80,51,in,0.3811,8,5,1,0.510615,18.9013,179.2971,5.683
80,51,in,0.3811,8,6,1,0.484801,11.5689,179.7002,5.683
80,51,in,0.3811,8,7,1,0.509284,32.0067,179.7002,5.683
80,51,in,0.3811,9,0,1,0.649541,0.0289,0.5301,5.498
80,51,in,0.3811,9,1,1,0.532050,7.0734,179.9909,5.498
80,51,in,0.3811,9,2,1,0.544796,10.6036,178.9882,5.498
80,51,in,0.3811,9,3,1,0.477414,2.5051,0.4726,5.498
80,51,in,0.3811,9,4,1,0.498293,27.7542,179.9909,5.498
80,51,in,0.3811,9,5,1,0.529709,19.1430,178.9882,5.498
80,51,in,0.3811,9,6,1,0.508309,11.8855,179.9909,5.498
80,51,in,0.3811,9,7,1,0.520168,32.7498,179.9909,5.498
80,51,in,0.3811,10,0,1,0.636530,0.0576,0.1056,5.191
80,51,in,0.3811,10,1,1,0.512930,7.3489,179.4127,5.191
80,51,in,0.3811,10,2,1,0.491269,11.1237,179.5847,5.191
80,51,in,0.3811,10,3,1,0.444313,2.7891,0.1056,5.191
80,51,in,0.3811,10,4,1,0.431174,28.0662,179.4127,5.191
80,51,in,0.3811,10,5,1,0.496866,19.0780,179.4127,5.191
80,51,in,0.3811,10,6,1,0.450553,12.5177,179.4127,5.191
80,51,in,0.3811,10,7,1,0.479191,33.1027,179.5847,5.191
80,51,in,0.3811,11,0,1,0.678859,0.0507,0.3434,5.444
80,51,in,0.3811,11,1,1,0.520622,7.5795,179.8617,5.444
80,51,in,0.3811,11,2,1,0.516367,11.6005,179.8617,5.444
80,51,in,0.3811,11,3,1,0.457417,2.4990,0.3434,5.444
80,51,in,0.3811,11,4,1,0.468292,28.6079,179.8617,5.444
80,51,in,0.3811,11,5,1,0.509535,19.3391,179.8617,5.444
80,51,in,0.3811,11,6,1,0.454973,12.7001,179.8617,5.444
80,51,in,0.3811,11,7,1,0.502191,33.6843,179.8617,5.444
80,52,in,0.4761,0,0,1,0.595520,0.0836,0.5584,9560.639
80,52,in,0.4761,0,1,1,0.509362,22.6534,0.5584,9560.639
80,52,in,0.4761,0,2,1,0.505928,16.5126,179.9626,9560.639
80,52,in,0.4761,0,3,1,0.500722,17.6889,179.0348,9560.639
80,52,in,0.4761,0,4,1,0.499207,33.6287,0.5584,9560.639
80,52,in,0.4761,0,5,1,0.498827,14.0040,179.9626,9560.639
80,52,in,0.4761,0,6,1,0.498065,30.0789,0.5584,9560.639
80,52,in,0.4761,0,7,1,0.497728,18.0585,0.5584,9560.639
80,52,in,0.4761,1,0,1,0.603836,0.0706,0.3934,12.515
80,52,in,0.4761,1,1,1,0.524118,22.7132,0.3934,12.515
80,52,in,0.4761,1,2,1,0.515050,16.0807,179.9117,12.515
80,52,in,0.4761,1,3,1,0.513675,17.2827,179.0856,12.515
80,52,in,0.4761,1,4,1,0.515773,33.5637,0.3934,12.515
80,52,in,0.4761,1,5,1,0.530449,13.7740,179.9117,12.515
80,52,in,0.4761,1,6,1,0.485186,30.0729,0.3934,12.515
80,52,in,0.4761,1,7,1,0.488575,18.1342,0.3934,12.515
80,52,in,0.4761,2,0,1,0.609742,0.0769,0.9714,9.442
80,52,in,0.4761,2,1,1,0.540774,22.5470,0.9714,9.442
80,52,in,0.4761,2,2,1,0.572245,16.2174,179.4478,9.442
80,52,in,0.4761,2,3,1,0.571492,17.4999,179.5496,9.442
80,52,in,0.4761,2,4,1,0.535662,33.6353,3.0393,9.442
80,52,in,0.4761,2,5,1,0.544365,13.4073,179.5496,9.442
80,52,in,0.4761,2,6,1,0.510645,29.8683,3.0393,9.442
80,52,in,0.4761,2,7,1,0.522540,18.0653,0.9714,9.442
80,52,in,0.4761,3,0,1,0.535400,0.0705,1.1810,10.286
80,52,in,0.4761,3,1,1,0.485919,22.5699,0.1783,10.286
80,52,in,0.4761,3,2,1,0.464520,16.0460,178.3373,10.286
80,52,in,0.4761,3,3,1,0.476714,17.5085,179.3400,10.286
80,52,in,0.4761,3,4,1,0.456348,33.5466,0.1783,10.286
80,52,in,0.4761,3,5,1,0.486308,13.5010,178.3373,10.286
80,52,in,0.4761,3,6,1,0.414770,30.0577,4.8350,10.286
80,52,in,0.4761,3,7,1,0.453004,18.0571,1.1810,10.286
80,52,in,0.4761,4,0,1,0.614834,0.0857,0.2336,12.866
80,52,in,0.4761,4,1,1,0.553386,22.7899,0.7691,12.866
80,52,in,0.4761,4,2,1,0.535224,16.2290,179.7519,12.866
80,52,in,0.4761,4,3,1,0.547322,17.2377,179.7519,12.866
80,52,in,0.4761,4,4,1,0.538076,33.6248,0.7691,12.866
80,52,in,0.4761,4,5,1,0.555269,13.6746,178.7492,12.866
80,52,in,0.4761,4,6,1,0.503403,30.0316,0.7691,12.866
80,52,in,0.4761,4,7,1,0.514573,18.1302,0.2336,12.866
80,52,in,0.4761,5,0,1,0.585765,0.0708,0.3920,11.667
80,52,in,0.4761,5,1,1,0.533218,22.5362,0.3920,11.667
80,52,in,0.4761,5,2,1,0.525897,16.0034,179.8710,11.667
80,52,in,0.4761,5,3,1,0.531062,17.4201,179.8710,11.667
80,52,in,0.4761,5,4,1,0.502500,33.6246,0.3920,11.667
80,52,in,0.4761,5,5,1,0.524387,13.7261,179.8710,11.667
80,52,in,0.4761,5,6,1,0.488302,30.1297,2.3973,11.667
80,52,in,0.4761,5,7,1,0.519741,17.9817,0.3920,11.667
80,52,in,0.4761,6,0,1,0.597165,0.0716,0.4025,9.461
80,52,in,0.4761,6,1,1,0.541785,22.6231,0.6002,9.461
80,52,in,0.4761,6,2,1,0.526900,16.1807,179.0765,9.461
80,52,in,0.4761,6,3,1,0.528973,17.4184,178.9181,9.461
80,52,in,0.4761,6,4,1,0.523703,33.5380,0.4025,9.461
80,52,in,0.4761,6,5,1,0.524872,13.6721,179.9208,9.461
80,52,in,0.4761,6,6,1,0.475669,29.9530,1.4052,9.461
80,52,in,0.4761,6,7,1,0.482176,18.0588,2.4079,9.461
80,52,in,0.4761,7,0,1,0.596034,0.0887,0.2778,16.818
80,52,in,0.4761,7,1,1,0.536414,22.5339,2.7303,16.818
80,52,in,0.4761,7,2,1,0.538551,16.0513,177.7907,16.818
80,52,in,0.4761,7,3,1,0.550815,17.5143,179.2013,16.818
80,52,in,0.4761,7,4,1,0.516978,33.6217,0.7249,16.818
80,52,in,0.4761,7,5,1,0.535712,13.7284,177.7907,16.818
80,52,in,0.4761,7,6,1,0.516511,30.0287,0.7249,16.818
80,52,in,0.4761,7,7,1,0.537679,18.0541,1.7276,16.818
80,52,in,0.4761,8,0,1,0.635593,0.0928,0.0979,4.787
80,52,in,0.4761,8,1,1,0.564936,22.5322,1.9074,4.787
80,52,in,0.4761,8,2,1,0.558829,16.1873,179.6162,4.787
80,52,in,0.4761,8,3,1,0.593484,17.4253,179.3811,4.787
80,52,in,0.4761,8,4,1,0.570579,33.6174,0.0979,4.787
80,52,in,0.4761,8,5,1,0.574819,13.5929,179.6162,4.787
80,52,in,0.4761,8,6,1,0.526825,30.0247,0.9048,4.787
80,52,in,0.4761,8,7,1,0.551272,18.1275,1.9074,4.787
80,52,in,0.4761,9,0,1,0.552404,0.0603,0.3643,13.889
80,52,in,0.4761,9,1,1,0.495124,22.5981,1.3670,13.889
80,52,in,0.4761,9,2,1,0.458075,16.1635,179.1147,13.889
80,52,in,0.4761,9,3,1,0.475839,17.4165,179.1147,13.889
80,52,in,0.4761,9,4,1,0.466988,33.6183,0.3643,13.889
80,52,in,0.4761,9,5,1,0.498767,13.7580,179.1147,13.889
80,52,in,0.4761,9,6,1,0.459181,30.0173,0.3643,13.889
80,52,in,0.4761,9,7,1,0.484390,18.1837,0.3643,13.889
80,52,in,0.4761,10,0,1,0.582892,0.0675,0.8054,13.304
80,52,in,0.4761,10,1,1,0.502463,22.5619,0.1973,13.304
80,52,in,0.4761,10,2,1,0.502786,16.1822,179.6763,13.304
80,52,in,0.4761,10,3,1,0.489650,17.2349,179.6763,13.304
80,52,in,0.4761,10,4,1,0.485111,33.5989,0.1973,13.304
80,52,in,0.4761,10,5,1,0.498739,13.9174,179.6763,13.304
80,52,in,0.4761,10,6,1,0.489637,30.1486,0.1973,13.304
80,52,in,0.4761,10,7,1,0.482085,18.2031,0.1973,13.304
80,52,in,0.4761,11,0,1,0.582542,0.0536,0.2950,8.410
80,52,in,0.4761,11,1,1,0.529022,22.5674,0.2950,8.410
80,52,in,0.4761,11,2,1,0.526036,16.3103,179.1840,8.410
80,52,in,0.4761,11,3,1,0.529289,17.3479,178.1814,8.410
80,52,in,0.4761,11,4,1,0.504282,33.5080,0.2950,8.410
80,52,in,0.4761,11,5,1,0.528426,13.9909,179.8133,8.410
80,52,in,0.4761,11,6,1,0.532317,30.4201,0.2950,8.410
80,52,in,0.4761,11,7,1,0.541654,18.0598,0.2950,8.410
80,53,in,0.5484,0,0,1,0.493728,0.0931,0.5063,17819.865
80,53,in,0.5484,0,1,1,0.473364,20.7447,179.9754,17819.865
80,53,in,0.5484,0,2,1,0.472080,20.9520,0.4964,17819.865
80,53,in,0.5484,0,3,1,0.468509,7.2307,179.9754,17819.865
80,53,in,0.5484,0,4,1,0.466651,22.0743,0.5063,17819.865
80,53,in,0.5484,0,5,1,0.466317,16.9233,179.9754,17819.865
80,53,in,0.5484,0,6,1,0.465199,11.9964,0.5063,17819.865
80,53,in,0.5484,0,7,1,0.465060,17.1287,179.9754,17819.865
80,53,in,0.5484,1,0,1,0.481741,0.0332,0.3217,8.830
80,53,in,0.5484,1,1,1,0.455487,20.8369,179.8007,8.830
80,53,in,0.5484,1,2,1,0.422392,20.8058,0.6810,8.830
80,53,in,0.5484,1,3,1,0.459808,7.3098,179.8007,8.830
80,53,in,0.5484,1,4,1,0.435139,22.0438,0.6810,8.830
80,53,in,0.5484,1,5,1,0.437137,16.8768,179.8007,8.830
80,53,in,0.5484,1,6,1,0.458238,12.0985,0.3217,8.830
80,53,in,0.5484,1,7,1,0.473262,17.2604,179.1966,8.830
80,53,in,0.5484,2,0,1,0.503046,0.0750,0.2166,17.887
80,53,in,0.5484,2,1,1,0.484785,21.1049,179.6957,17.887
80,53,in,0.5484,2,2,1,0.447939,20.9522,0.2166,17.887
80,53,in,0.5484,2,3,1,0.461210,7.6503,179.6957,17.887
80,53,in,0.5484,2,4,1,0.455299,22.2121,0.7860,17.887
80,53,in,0.5484,2,5,1,0.457371,16.5012,179.6957,17.887
80,53,in,0.5484,2,6,1,0.471780,11.9911,0.2166,17.887
80,53,in,0.5484,2,7,1,0.458868,16.8409,179.3017,17.887
80,53,in,0.5484,3,0,1,0.537835,0.0752,0.2708,22.855
80,53,in,0.5484,3,1,1,0.492091,21.7174,179.7499,22.855
80,53,in,0.5484,3,2,1,0.483672,21.0055,0.2708,22.855
80,53,in,0.5484,3,3,1,0.518347,8.0458,179.7499,22.855
80,53,in,0.5484,3,4,1,0.460722,22.3958,0.2708,22.855
80,53,in,0.5484,3,5,1,0.501781,16.1354,179.2475,22.855
80,53,in,0.5484,3,6,1,0.498768,11.9760,0.2708,22.855
80,53,in,0.5484,3,7,1,0.515695,16.4347,179.7499,22.855
80,53,in,0.5484,4,0,1,0.457921,0.0859,0.0846,14.612
80,53,in,0.5484,4,1,1,0.423803,22.4678,179.6029,14.612
80,53,in,0.5484,4,2,1,0.404673,21.1137,0.9180,14.612
80,53,in,0.5484,4,3,1,0.426255,8.3925,179.6029,14.612
80,53,in,0.5484,4,4,1,0.414950,22.2836,0.9180,14.612
80,53,in,0.5484,4,5,1,0.410906,15.7526,179.6029,14.612
80,53,in,0.5484,4,6,1,0.409668,11.9889,0.0846,14.612
80,53,in,0.5484,4,7,1,0.411511,16.0012,179.6029,14.612
80,53,in,0.5484,5,0,1,0.552282,0.0810,0.1384,23.624
80,53,in,0.5484,5,1,1,0.515970,22.8125,179.6567,23.624
80,53,in,0.5484,5,2,1,0.494535,21.1478,0.8642,23.624
80,53,in,0.5484,5,3,1,0.490386,8.8353,179.6567,23.624
80,53,in,0.5484,5,4,1,0.481484,22.3841,0.1384,23.624
80,53,in,0.5484,5,5,1,0.486899,15.4141,179.6567,23.624
80,53,in,0.5484,5,6,1,0.493661,12.0223,0.1384,23.624
80,53,in,0.5484,5,7,1,0.503403,15.6097,179.6567,23.624
80,53,in,0.5484,6,0,1,0.540297,0.0083,0.2444,18.622
80,53,in,0.5484,6,1,1,0.516416,23.2171,179.7627,18.622
80,53,in,0.5484,6,2,1,0.496990,21.0415,0.2444,18.622
80,53,in,0.5484,6,3,1,0.507709,9.3225,179.7627,18.622
80,53,in,0.5484,6,4,1,0.494398,22.3311,0.2444,18.622
80,53,in,0.5484,6,5,1,0.511238,15.1515,179.7627,18.622
80,53,in,0.5484,6,6,1,0.527710,12.0199,0.2444,18.622
80,53,in,0.5484,6,7,1,0.491971,15.2603,179.7627,18.622
80,53,in,0.5484,7,0,1,0.528014,0.0799,0.4823,14.066
80,53,in,0.5484,7,1,1,0.464679,23.8574,179.9614,14.066
80,53,in,0.5484,7,2,1,0.475304,21.0398,0.4823,14.066
80,53,in,0.5484,7,3,1,0.476468,9.6797,179.9614,14.066
80,53,in,0.5484,7,4,1,0.459617,22.3265,0.4823,14.066
80,53,in,0.5484,7,5,1,0.466380,14.9189,179.0360,14.066
80,53,in,0.5484,7,6,1,0.493369,12.0191,0.4823,14.066
80,53,in,0.5484,7,7,1,0.469329,15.0043,179.0360,14.066
80,53,in,0.5484,8,0,1,0.509516,0.0236,0.4297,23.201
80,53,in,0.5484,8,1,1,0.426884,24.1482,179.9087,23.201
80,53,in,0.5484,8,2,1,0.430585,21.0928,0.4297,23.201
80,53,in,0.5484,8,3,1,0.439674,10.0103,179.0886,23.201
80,53,in,0.5484,8,4,1,0.434799,22.2690,0.4297,23.201
80,53,in,0.5484,8,5,1,0.442275,14.7267,179.0886,23.201
80,53,in,0.5484,8,6,1,0.454236,12.0199,1.4324,23.201
80,53,in,0.5484,8,7,1,0.444537,14.7157,179.0886,23.201
80,53,in,0.5484,9,0,1,0.511510,0.0135,0.1863,15.262
80,53,in,0.5484,9,1,1,0.467452,24.8485,179.7046,15.262
80,53,in,0.5484,9,2,1,0.449336,20.9826,0.1863,15.262
80,53,in,0.5484,9,3,1,0.432858,10.5424,179.2928,15.262
80,53,in,0.5484,9,4,1,0.447283,22.2655,0.1863,15.262
80,53,in,0.5484,9,5,1,0.480033,14.4699,179.2928,15.262
80,53,in,0.5484,9,6,1,0.481901,12.0554,0.1863,15.262
80,53,in,0.5484,9,7,1,0.463261,14.4041,179.2928,15.262
80,53,in,0.5484,10,0,1,0.538022,0.0149,0.1634,14.324
80,53,in,0.5484,10,1,1,0.470360,25.5041,179.6424,14.324
80,53,in,0.5484,10,2,1,0.502753,20.9969,0.1634,14.324
80,53,in,0.5484,10,3,1,0.446478,11.1661,179.6424,14.324
80,53,in,0.5484,10,4,1,0.464254,22.2794,0.1634,14.324
80,53,in,0.5484,10,5,1,0.472882,14.2152,179.6424,14.324
80,53,in,0.5484,10,6,1,0.499194,12.0202,0.1634,14.324
80,53,in,0.5484,10,7,1,0.499719,14.1099,179.6424,14.324
80,53,in,0.5484,11,0,1,0.514939,0.0104,0.1855,9.957
80,53,in,0.5484,11,1,1,0.476727,25.9764,179.6645,9.957
80,53,in,0.5484,11,2,1,0.468356,20.8279,0.1855,9.957
80,53,in,0.5484,11,3,1,0.463605,11.6064,179.6645,9.957
80,53,in,0.5484,11,4,1,0.449808,22.4413,0.1855,9.957
80,53,in,0.5484,11,5,1,0.465000,14.0448,179.6645,9.957
80,53,in,0.5484,11,6,1,0.486379,12.0342,0.1855,9.957
80,53,in,0.5484,11,7,1,0.488605,13.8494,179.6645,9.957
80,54,in,0.6473,0,0,1,0.455862,0.0910,1.0716,22837.559
80,54,in,0.6473,0,1,1,0.425783,8.1365,179.4493,22837.559
80,54,in,0.6473,0,2,1,0.424385,7.5511,1.0716,22837.559
80,54,in,0.6473,0,3,1,0.424061,12.0839,1.0716,22837.559
80,54,in,0.6473,0,4,1,0.422912,21.6419,179.4493,22837.559
80,54,in,0.6473,0,5,1,0.421047,32.3779,177.5426,22837.559
80,54,in,0.6473,0,6,1,0.419970,17.0500,178.5453,22837.559
80,54,in,0.6473,0,7,1,0.418936,10.6427,179.4493,22837.559
80,54,in,0.6473,1,0,1,0.470339,0.0733,0.6561,6.472
80,54,in,0.6473,1,1,1,0.384637,8.0218,176.8176,6.472
80,54,in,0.6473,1,2,1,0.407286,7.4646,0.3466,6.472
80,54,in,0.6473,1,3,1,0.399291,11.9820,0.3466,6.472
80,54,in,0.6473,1,4,1,0.391830,22.0473,179.8256,6.472
80,54,in,0.6473,1,5,1,0.413672,32.7590,179.8256,6.472
80,54,in,0.6473,1,6,1,0.407718,17.5650,177.8203,6.472
80,54,in,0.6473,1,7,1,0.418735,10.4649,177.8203,6.472
80,54,in,0.6473,2,0,1,0.453048,0.0736,0.6910,5.560
80,54,in,0.6473,2,1,1,0.433823,7.4623,179.2066,5.560
80,54,in,0.6473,2,2,1,0.409543,7.1670,2.3170,5.560
80,54,in,0.6473,2,3,1,0.424821,12.0774,1.6937,5.560
80,54,in,0.6473,2,4,1,0.447385,22.6359,178.7880,5.560
80,54,in,0.6473,2,5,1,0.435929,32.9818,178.7880,5.560
80,54,in,0.6473,2,6,1,0.425215,18.2025,178.7880,5.560
80,54,in,0.6473,2,7,1,0.456063,10.3206,179.2066,5.560
80,54,in,0.6473,3,0,1,0.461028,0.0875,0.3789,6.098
80,54,in,0.6473,3,1,1,0.410025,7.5650,179.8580,6.098
80,54,in,0.6473,3,2,1,0.400846,7.0619,0.3789,6.098
80,54,in,0.6473,3,3,1,0.396690,12.0761,0.3789,6.098
80,54,in,0.6473,3,4,1,0.402327,22.6605,179.8580,6.098
80,54,in,0.6473,3,5,1,0.397364,32.9875,179.8580,6.098
80,54,in,0.6473,3,6,1,0.384426,18.2446,179.1394,6.098
80,54,in,0.6473,3,7,1,0.393736,10.5235,179.8580,6.098
80,54,in,0.6473,4,0,1,0.409700,0.0863,1.2395,5.794
80,54,in,0.6473,4,1,1,0.370230,7.2690,179.2815,5.794
80,54,in,0.6473,4,2,1,0.376862,7.3640,2.2422,5.794
80,54,in,0.6473,4,3,1,0.353819,12.0654,2.2422,5.794
80,54,in,0.6473,4,4,1,0.360328,22.6729,178.2788,5.794
80,54,in,0.6473,4,5,1,0.367011,33.1339,179.7158,5.794
80,54,in,0.6473,4,6,1,0.346984,18.3687,179.7158,5.794
80,54,in,0.6473,4,7,1,0.366362,10.2246,178.2788,5.794
80,54,in,0.6473,5,0,1,0.477235,0.0636,0.1513,4.978
80,54,in,0.6473,5,1,1,0.427978,6.3942,179.3670,4.978
80,54,in,0.6473,5,2,1,0.431729,7.0557,0.1513,4.978
80,54,in,0.6473,5,3,1,0.440317,12.0387,0.1513,4.978
80,54,in,0.6473,5,4,1,0.450469,22.6263,179.3670,4.978
80,54,in,0.6473,5,5,1,0.431423,32.7076,179.6303,4.978
80,54,in,0.6473,5,6,1,0.418747,18.5103,179.6303,4.978
80,54,in,0.6473,5,7,1,0.445574,9.8365,179.3670,4.978
80,54,in,0.6473,6,0,1,0.476276,0.0636,0.3671,7.791
80,54,in,0.6473,6,1,1,0.440707,5.8947,179.8854,7.791
80,54,in,0.6473,6,2,1,0.431144,7.3612,0.3671,7.791
80,54,in,0.6473,6,3,1,0.438900,12.0240,0.3671,7.791
80,54,in,0.6473,6,4,1,0.429875,22.6490,179.8854,7.791
80,54,in,0.6473,6,5,1,0.405551,32.6009,178.8828,7.791
80,54,in,0.6473,6,6,1,0.405763,18.6856,179.8854,7.791
80,54,in,0.6473,6,7,1,0.446498,9.3326,179.8854,7.791
80,54,in,0.6473,7,0,1,0.477302,0.0864,0.4402,7.192
80,54,in,0.6473,7,1,1,0.433809,5.0610,176.0701,7.192
80,54,in,0.6473,7,2,1,0.422237,7.6766,3.4482,7.192
80,54,in,0.6473,7,3,1,0.408998,12.1516,3.4482,7.192
80,54,in,0.6473,7,4,1,0.421120,22.7318,179.9192,7.192
80,54,in,0.6473,7,5,1,0.398294,32.3926,179.9192,7.192
80,54,in,0.6473,7,6,1,0.413815,19.0004,176.0701,7.192
80,54,in,0.6473,7,7,1,0.427136,8.4179,177.0728,7.192
80,54,in,0.6473,8,0,1,0.458626,0.0521,0.4054,6.007
80,54,in,0.6473,8,1,1,0.395570,4.2010,178.9210,6.007
80,54,in,0.6473,8,2,1,0.403596,7.5762,0.4054,6.007
80,54,in,0.6473,8,3,1,0.386041,12.0260,0.4054,6.007
80,54,in,0.6473,8,4,1,0.393614,22.9060,179.9237,6.007
80,54,in,0.6473,8,5,1,0.380686,32.0557,179.9237,6.007
80,54,in,0.6473,8,6,1,0.395258,19.1260,178.9210,6.007
80,54,in,0.6473,8,7,1,0.395154,7.8270,179.9237,6.007
80,54,in,0.6473,9,0,1,0.417628,0.1365,3.3976,6.223
80,54,in,0.6473,9,1,1,0.382824,4.4915,177.0841,6.223
80,54,in,0.6473,9,2,1,0.374956,7.5768,2.3949,6.223
80,54,in,0.6473,9,3,1,0.378315,12.1148,3.3976,6.223
80,54,in,0.6473,9,4,1,0.390781,22.9017,178.9052,6.223
80,54,in,0.6473,9,5,1,0.355303,32.0546,177.0841,6.223
80,54,in,0.6473,9,6,1,0.385180,19.0693,179.0895,6.223
80,54,in,0.6473,9,7,1,0.382580,7.5302,178.9052,6.223
80,54,in,0.6473,10,0,1,0.452590,0.1079,0.2796,8.038
80,54,in,0.6473,10,1,1,0.390703,4.2734,179.7586,8.038
80,54,in,0.6473,10,2,1,0.399203,7.9036,1.2823,8.038
80,54,in,0.6473,10,3,1,0.381194,12.0244,1.2823,8.038
80,54,in,0.6473,10,4,1,0.387176,22.6885,178.7560,8.038
80,54,in,0.6473,10,5,1,0.375265,31.7431,177.7533,8.038
80,54,in,0.6473,10,6,1,0.391788,19.1565,179.7586,8.038
80,54,in,0.6473,10,7,1,0.408645,7.0960,178.7560,8.038
80,54,in,0.6473,11,0,1,0.491926,0.1093,0.6915,6.479
80,54,in,0.6473,11,1,1,0.424572,3.5207,179.7902,6.479
80,54,in,0.6473,11,2,1,0.438973,7.6062,0.3112,6.479
80,54,in,0.6473,11,3,1,0.432889,12.0209,0.3112,6.479
80,54,in,0.6473,11,4,1,0.437532,22.5345,178.7876,6.479
80,54,in,0.6473,11,5,1,0.413815,31.2260,177.2017,6.479
80,54,in,0.6473,11,6,1,0.424270,19.4547,179.7902,6.479
80,54,in,0.6473,11,7,1,0.429595,6.8576,179.7902,6.479
80,55,in,0.4128,0,0,1,0.626110,0.0442,0.0958,7716.106
80,55,in,0.4128,0,1,1,0.595969,11.6596,179.6141,7716.106
80,55,in,0.4128,0,2,1,0.594323,6.1576,179.3832,7716.106
80,55,in,0.4128,0,3,1,0.592579,23.8791,179.6141,7716.106
80,55,in,0.4128,0,4,1,0.591982,16.4660,179.6141,7716.106
80,55,in,0.4128,0,5,1,0.591851,27.4317,179.6141,7716.106
80,55,in,0.4128,0,6,1,0.590419,33.6707,179.6141,7716.106
80,55,in,0.4128,0,7,1,0.589312,15.3282,179.6141,7716.106
80,55,in,0.4128,1,0,1,0.609628,0.0485,0.1650,13.001
80,55,in,0.4128,1,1,1,0.529199,11.8291,179.6833,13.001
80,55,in,0.4128,1,2,1,0.549283,6.5777,179.6833,13.001
80,55,in,0.4128,1,3,1,0.543287,24.4067,179.6833,13.001
80,55,in,0.4128,1,4,1,0.545733,16.9226,179.6833,13.001
80,55,in,0.4128,1,5,1,0.556754,27.8232,179.3141,13.001
80,55,in,0.4128,1,6,1,0.502965,33.8370,179.6833,13.001
80,55,in,0.4128,1,7,1,0.544171,15.1683,179.6833,13.001
80,55,in,0.4128,2,0,1,0.571385,0.0281,0.4748,9.292
80,55,in,0.4128,2,1,1,0.489973,12.2644,178.9512,9.292
80,55,in,0.4128,2,2,1,0.492551,7.3195,179.9538,9.292
80,55,in,0.4128,2,3,1,0.509275,24.7944,179.0435,9.292
80,55,in,0.4128,2,4,1,0.497320,17.3762,179.9538,9.292
80,55,in,0.4128,2,5,1,0.498938,28.1931,179.9538,9.292
80,55,in,0.4128,2,6,1,0.488381,33.8546,179.9538,9.292
80,55,in,0.4128,2,7,1,0.500894,15.0234,179.9538,9.292
80,55,in,0.4128,3,0,1,0.654577,0.0382,0.8192,12.931
80,55,in,0.4128,3,1,1,0.579549,12.4121,179.6625,12.931
80,55,in,0.4128,3,2,1,0.604099,7.6359,179.6625,12.931
80,55,in,0.4128,3,3,1,0.583149,25.4376,179.6625,12.931
80,55,in,0.4128,3,4,1,0.581452,17.7563,179.6625,12.931
80,55,in,0.4128,3,5,1,0.586170,28.6634,179.6625,12.931
80,55,in,0.4128,3,6,1,0.573470,33.7488,179.6625,12.931
80,55,in,0.4128,3,7,1,0.574823,14.9896,179.6625,12.931
80,55,in,0.4128,4,0,1,0.658150,0.0348,0.0880,12.893
80,55,in,0.4128,4,1,1,0.569061,12.7977,179.4303,12.893
80,55,in,0.4128,4,2,1,0.569838,8.1365,179.5671,12.893
80,55,in,0.4128,4,3,1,0.591508,25.7225,179.4303,12.893
80,55,in,0.4128,4,4,1,0.561844,18.2444,179.4303,12.893
80,55,in,0.4128,4,5,1,0.573067,29.0800,179.4303,12.893
80,55,in,0.4128,4,6,1,0.553761,33.8039,179.5671,12.893
80,55,in,0.4128,4,7,1,0.564356,15.1244,179.5671,12.893
80,55,in,0.4128,5,0,1,0.631534,0.0484,0.5024,21.647
80,55,in,0.4128,5,1,1,0.559516,13.2549,179.0159,21.647
80,55,in,0.4128,5,2,1,0.585840,9.0025,179.0159,21.647
80,55,in,0.4128,5,3,1,0.568560,25.9970,179.0159,21.647
80,55,in,0.4128,5,4,1,0.573973,18.7341,179.0159,21.647
80,55,in,0.4128,5,5,1,0.553480,29.2936,179.0159,21.647
80,55,in,0.4128,5,6,1,0.545316,33.7644,179.9815,21.647
80,55,in,0.4128,5,7,1,0.561079,15.2176,179.9815,21.647
80,55,in,0.4128,6,0,1,0.582328,0.0861,0.0773,9.090
80,55,in,0.4128,6,1,1,0.515120,13.8422,179.5956,9.090
80,55,in,0.4128,6,2,1,0.524940,9.3758,179.5956,9.090
80,55,in,0.4128,6,3,1,0.547050,26.0990,179.5956,9.090
80,55,in,0.4128,6,4,1,0.523156,18.7212,179.5956,9.090
80,55,in,0.4128,6,5,1,0.530521,29.9578,179.4018,9.090
80,55,in,0.4128,6,6,1,0.508236,33.5174,179.5956,9.090
80,55,in,0.4128,6,7,1,0.514669,15.5342,178.5929,9.090
80,55,in,0.4128,7,0,1,0.575208,0.0818,0.4379,8.167
80,55,in,0.4128,7,1,1,0.519882,14.1631,179.9562,8.167
80,55,in,0.4128,7,2,1,0.512637,9.7682,179.9562,8.167
80,55,in,0.4128,7,3,1,0.521586,26.3613,179.9562,8.167
80,55,in,0.4128,7,4,1,0.495069,18.7453,179.9562,8.167
80,55,in,0.4128,7,5,1,0.509790,30.2304,179.9562,8.167
80,55,in,0.4128,7,6,1,0.494836,33.2889,179.9562,8.167
80,55,in,0.4128,7,7,1,0.512288,15.8862,179.0412,8.167
80,55,in,0.4128,8,0,1,0.656756,0.0499,0.1190,15.846
80,55,in,0.4128,8,1,1,0.564724,14.8458,179.3993,15.846
80,55,in,0.4128,8,2,1,0.568390,10.4709,179.5980,15.846
80,55,in,0.4128,8,3,1,0.566213,26.5526,179.3993,15.846
80,55,in,0.4128,8,4,1,0.568293,19.0585,179.3993,15.846
80,55,in,0.4128,8,5,1,0.550819,31.0525,179.3993,15.846
80,55,in,0.4128,8,6,1,0.556102,33.1142,179.5980,15.846
80,55,in,0.4128,8,7,1,0.563320,16.1997,179.3993,15.846
80,55,in,0.4128,9,0,1,0.631581,0.1174,0.9517,13.570
80,55,in,0.4128,9,1,1,0.538465,15.2308,179.5693,13.570
80,55,in,0.4128,9,2,1,0.552678,10.9012,179.5693,13.570
80,55,in,0.4128,9,3,1,0.577062,26.8733,179.5693,13.570
80,55,in,0.4128,9,4,1,0.549363,19.5166,179.5693,13.570
80,55,in,0.4128,9,5,1,0.581824,31.5393,179.5693,13.570
80,55,in,0.4128,9,6,1,0.549392,32.9568,179.5693,13.570
80,55,in,0.4128,9,7,1,0.559711,16.5860,179.4281,13.570
80,55,in,0.4128,10,0,1,0.667046,0.0221,0.0417,8.202
80,55,in,0.4128,10,1,1,0.570653,15.6354,179.5207,8.202
80,55,in,0.4128,10,2,1,0.554368,11.0825,179.4766,8.202
80,55,in,0.4128,10,3,1,0.565659,27.1191,179.5207,8.202
80,55,in,0.4128,10,4,1,0.571010,19.7128,179.4766,8.202
80,55,in,0.4128,10,5,1,0.561069,32.2074,179.5207,8.202
80,55,in,0.4128,10,6,1,0.553704,32.6690,179.4766,8.202
80,55,in,0.4128,10,7,1,0.564044,17.0469,179.4766,8.202
80,55,in,0.4128,11,0,1,0.631272,0.0226,0.5134,5.916
80,55,in,0.4128,11,1,1,0.556128,16.4156,179.9684,5.916
80,55,in,0.4128,11,2,1,0.559656,11.7183,179.9684,5.916
80,55,in,0.4128,11,3,1,0.553670,27.2804,179.9684,5.916
80,55,in,0.4128,11,4,1,0.556119,20.0190,179.9684,5.916
80,55,in,0.4128,11,5,1,0.560767,32.6867,179.9684,5.916
80,55,in,0.4128,11,6,1,0.561808,32.5048,179.9684,5.916
80,55,in,0.4128,11,7,1,0.563391,17.3231,179.9684,5.916
80,56,in,0.7706,0,-1,0,0,0,0,29753.564
80,56,in,0.7706,1,-1,0,0,0,0,0.000
80,56,in,0.7706,2,-1,0,0,0,0,0.000
80,56,in,0.7706,3,-1,0,0,0,0,0.000
80,56,in,0.7706,4,-1,0,0,0,0,0.000
80,56,in,0.7706,5,-1,0,0,0,0,0.000
80,56,in,0.7706,6,-1,0,0,0,0,0.000
80,56,in,0.7706,7,-1,0,0,0,0,0.000
80,56,in,0.7706,8,-1,0,0,0,0,0.000
80,56,in,0.7706,9,-1,0,0,0,0,0.000
80,56,in,0.7706,10,-1,0,0,0,0,0.000
80,56,in,0.7706,11,-1,0,0,0,0,0.000
80,57,in,0.1529,0,0,1,0.795585,0.0233,0.3601,4117.326
80,57,in,0.1529,0,1,1,0.772914,12.4368,179.8391,4117.326
80,57,in,0.1529,0,2,1,0.769054,18.4034,0.3601,4117.326
80,57,in,0.1529,0,3,1,0.765820,37.3580,179.8391,4117.326
80,57,in,0.1529,0,4,1,0.765788,12.0668,0.3601,4117.326
80,57,in,0.1529,0,5,1,0.762960,18.0572,179.8391,4117.326
80,57,in,0.1529,0,6,1,0.760421,18.5888,179.8391,4117.326
80,57,in,0.1529,0,7,1,0.758716,28.4500,179.8391,4117.326
80,57,in,0.1529,1,0,1,0.799084,0.0274,0.1740,7.865
80,57,in,0.1529,1,1,1,0.722425,13.0055,179.6923,7.865
80,57,in,0.1529,1,2,1,0.728604,18.3946,0.1740,7.865
80,57,in,0.1529,1,3,1,0.734008,36.8861,179.6923,7.865
80,57,in,0.1529,1,4,1,0.740384,12.0947,0.1740,7.865
80,57,in,0.1529,1,5,1,0.739170,17.4661,179.6923,7.865
80,57,in,0.1529,1,6,1,0.714692,19.1329,179.6923,7.865
80,57,in,0.1529,1,7,1,0.728564,27.8450,179.6923,7.865
80,57,in,0.1529,2,0,1,0.840037,0.0286,0.4106,7.684
80,57,in,0.1529,2,1,1,0.750448,13.6075,179.9289,7.684
80,57,in,0.1529,2,2,1,0.758293,18.3918,0.5920,7.684
80,57,in,0.1529,2,3,1,0.761746,36.2117,179.9289,7.684
80,57,in,0.1529,2,4,1,0.752290,12.0869,0.5920,7.684
80,57,in,0.1529,2,5,1,0.740810,16.8322,179.9289,7.684
80,57,in,0.1529,2,6,1,0.738551,19.7105,179.9289,7.684
80,57,in,0.1529,2,7,1,0.754004,27.2535,179.9289,7.684
80,57,in,0.1529,3,0,1,0.837397,0.0190,0.1525,7.872
80,57,in,0.1529,3,1,1,0.746070,14.2333,179.3658,7.872
80,57,in,0.1529,3,2,1,0.751887,18.3977,0.1525,7.872
80,57,in,0.1529,3,3,1,0.746307,35.7172,179.6316,7.872
80,57,in,0.1529,3,4,1,0.763865,12.0608,0.1525,7.872
80,57,in,0.1529,3,5,1,0.747768,16.2803,179.6316,7.872
80,57,in,0.1529,3,6,1,0.734511,20.3220,179.3658,7.872
80,57,in,0.1529,3,7,1,0.737450,26.9383,179.3658,7.872
80,57,in,0.1529,4,0,1,0.847552,0.0169,0.0386,8.008
80,57,in,0.1529,4,1,1,0.760098,14.8057,179.5176,8.008
80,57,in,0.1529,4,2,1,0.768024,18.3999,0.0386,8.008
80,57,in,0.1529,4,3,1,0.760080,35.5334,179.4797,8.008
80,57,in,0.1529,4,4,1,0.782242,12.0875,0.0386,8.008
80,57,in,0.1529,4,5,1,0.755028,15.7419,179.4797,8.008
80,57,in,0.1529,4,6,1,0.736235,20.8883,179.4797,8.008
80,57,in,0.1529,4,7,1,0.752102,26.4239,179.4797,8.008
80,57,in,0.1529,5,0,1,0.836724,0.0125,0.0021,7.355
80,57,in,0.1529,5,1,1,0.760968,15.3742,179.4811,7.355
80,57,in,0.1529,5,2,1,0.781944,18.4326,0.0021,7.355
80,57,in,0.1529,5,3,1,0.759062,35.2166,179.4811,7.355
80,57,in,0.1529,5,4,1,0.759353,12.0670,0.0021,7.355
80,57,in,0.1529,5,5,1,0.736598,15.2100,179.4811,7.355
80,57,in,0.1529,5,6,1,0.736783,21.5131,179.5162,7.355
80,57,in,0.1529,5,7,1,0.752173,26.0781,179.4811,7.355
80,57,in,0.1529,6,0,1,0.833052,0.0183,0.0568,7.920
80,57,in,0.1529,6,1,1,0.766077,15.9305,179.5358,7.920
80,57,in,0.1529,6,2,1,0.773973,18.3997,0.0568,7.920
80,57,in,0.1529,6,3,1,0.764554,34.7929,179.5358,7.920
80,57,in,0.1529,6,4,1,0.758590,12.0764,0.0568,7.920
80,57,in,0.1529,6,5,1,0.753454,14.7258,179.5358,7.920
80,57,in,0.1529,6,6,1,0.745173,22.1093,179.5358,7.920
80,57,in,0.1529,6,7,1,0.748149,25.7598,179.4615,7.920
80,57,in,0.1529,7,0,1,0.818640,0.0958,0.4096,7.712
80,57,in,0.1529,7,1,1,0.756259,16.4945,179.8886,7.712
80,57,in,0.1529,7,2,1,0.772866,18.4170,0.4096,7.712
80,57,in,0.1529,7,3,1,0.781272,34.5511,179.8886,7.712
80,57,in,0.1529,7,4,1,0.771712,12.0826,0.4096,7.712
80,57,in,0.1529,7,5,1,0.765788,14.2084,179.8886,7.712
80,57,in,0.1529,7,6,1,0.754491,22.6765,179.8886,7.712
80,57,in,0.1529,7,7,1,0.761787,25.2281,179.8886,7.712
80,57,in,0.1529,8,0,1,0.851934,0.0738,0.0421,7.927
80,57,in,0.1529,8,1,1,0.769885,16.4891,179.4762,7.927
80,57,in,0.1529,8,2,1,0.790669,18.5118,0.0421,7.927
80,57,in,0.1529,8,3,1,0.788469,34.4835,179.5212,7.927
80,57,in,0.1529,8,4,1,0.787732,11.9865,0.0421,7.927
80,57,in,0.1529,8,5,1,0.777515,14.2420,179.5212,7.927
80,57,in,0.1529,8,6,1,0.757037,22.6719,179.4762,7.927
80,57,in,0.1529,8,7,1,0.766337,25.3564,179.4762,7.927
80,57,in,0.1529,9,0,1,0.845919,0.0259,0.1328,11.441
80,57,in,0.1529,9,1,1,0.770954,15.9101,179.6118,11.441
80,57,in,0.1529,9,2,1,0.767083,18.3937,0.1328,11.441
80,57,in,0.1529,9,3,1,0.779777,34.7587,179.6118,11.441
80,57,in,0.1529,9,4,1,0.774952,12.0844,0.8699,11.441
80,57,in,0.1529,9,5,1,0.758757,14.7240,179.6118,11.441
80,57,in,0.1529,9,6,1,0.756043,22.0790,179.6118,11.441
80,57,in,0.1529,9,7,1,0.766831,25.8543,179.6118,11.441
80,57,in,0.1529,10,0,1,0.842282,0.0209,0.3589,8.296
80,57,in,0.1529,10,1,1,0.762836,15.3134,179.8772,8.296
80,57,in,0.1529,10,2,1,0.761857,18.3975,0.3589,8.296
80,57,in,0.1529,10,3,1,0.782762,35.2183,179.8772,8.296
80,57,in,0.1529,10,4,1,0.766357,12.0543,0.3589,8.296
80,57,in,0.1529,10,5,1,0.763879,15.2993,179.8772,8.296
80,57,in,0.1529,10,6,1,0.747470,21.4777,179.8772,8.296
80,57,in,0.1529,10,7,1,0.771859,26.1451,179.8772,8.296
80,57,in,0.1529,11,0,1,0.845166,0.0180,0.5522,8.181
80,57,in,0.1529,11,1,1,0.771040,14.7648,179.9295,8.181
80,57,in,0.1529,11,2,1,0.778176,18.4000,0.4505,8.181
80,57,in,0.1529,11,3,1,0.785058,35.9199,179.9295,8.181
80,57,in,0.1529,11,4,1,0.767594,12.0779,0.4505,8.181
80,57,in,0.1529,11,5,1,0.760823,15.9212,179.9295,8.181
80,57,in,0.1529,11,6,1,0.778041,20.9660,179.9295,8.181
80,57,in,0.1529,11,7,1,0.763746,26.8470,179.9295,8.181
80,58,in,0.6012,0,0,1,0.505924,0.0706,0.2618,17050.346
80,58,in,0.6012,0,1,1,0.498677,12.5043,179.7801,17050.346
80,58,in,0.6012,0,2,1,0.496952,11.8968,179.7801,17050.346
80,58,in,0.6012,0,3,1,0.496271,18.0799,179.7801,17050.346
80,58,in,0.6012,0,4,1,0.495780,12.0296,0.2618,17050.346
80,58,in,0.6012,0,5,1,0.493808,27.6438,179.7801,17050.346
80,58,in,0.6012,0,6,1,0.491888,12.4327,179.7801,17050.346
80,58,in,0.6012,0,7,1,0.491546,30.8588,179.7801,17050.346
80,58,in,0.6012,1,0,1,0.448831,0.0253,0.1913,22.627
80,58,in,0.6012,1,1,1,0.419587,12.7639,179.3270,22.627
80,58,in,0.6012,1,2,1,0.441459,11.6238,179.3270,22.627
80,58,in,0.6012,1,3,1,0.450128,17.6858,179.3270,22.627
80,58,in,0.6012,1,4,1,0.429483,12.0145,0.1913,22.627
80,58,in,0.6012,1,5,1,0.425404,27.0615,179.3270,22.627
80,58,in,0.6012,1,6,1,0.426218,12.4399,179.3270,22.627
80,58,in,0.6012,1,7,1,0.424002,30.5438,179.3270,22.627
80,58,in,0.6012,2,0,1,0.521098,0.0241,0.5092,20.710
80,58,in,0.6012,2,1,1,0.483450,13.0557,179.9882,20.710
80,58,in,0.6012,2,2,1,0.477601,11.5111,179.9882,20.710
80,58,in,0.6012,2,3,1,0.489882,17.4216,179.0091,20.710
80,58,in,0.6012,2,4,1,0.501371,12.0279,0.5092,20.710
80,58,in,0.6012,2,5,1,0.491978,26.6598,177.9829,20.710
80,58,in,0.6012,2,6,1,0.491505,12.5755,179.9882,20.710
80,58,in,0.6012,2,7,1,0.470260,30.3447,179.9882,20.710
80,58,in,0.6012,3,0,1,0.523111,0.0302,0.0142,21.710
80,58,in,0.6012,3,1,1,0.500766,13.3739,179.5041,21.710
80,58,in,0.6012,3,2,1,0.510621,11.1019,179.4933,21.710
80,58,in,0.6012,3,3,1,0.496022,17.1089,179.5041,21.710
80,58,in,0.6012,3,4,1,0.499964,12.0542,0.0142,21.710
80,58,in,0.6012,3,5,1,0.490219,26.1598,179.5041,21.710
80,58,in,0.6012,3,6,1,0.490392,12.7951,179.4933,21.710
80,58,in,0.6012,3,7,1,0.481325,29.9925,179.4933,21.710
80,58,in,0.6012,4,0,1,0.494786,0.2201,0.0354,16.641
80,58,in,0.6012,4,1,1,0.445969,13.8623,179.5537,16.641
80,58,in,0.6012,4,2,1,0.451640,10.7563,179.4436,16.641
80,58,in,0.6012,4,3,1,0.440360,16.8562,176.5457,16.641
80,58,in,0.6012,4,4,1,0.442358,12.0434,0.9673,16.641
80,58,in,0.6012,4,5,1,0.451222,25.7872,178.5510,16.641
80,58,in,0.6012,4,6,1,0.464477,12.6571,179.4436,16.641
80,58,in,0.6012,4,7,1,0.439756,29.5073,179.4436,16.641
80,58,in,0.6012,5,0,1,0.550505,0.0809,0.2078,25.879
80,58,in,0.6012,5,1,1,0.515383,14.3547,179.7261,25.879
80,58,in,0.6012,5,2,1,0.520523,10.4799,179.2713,25.879
80,58,in,0.6012,5,3,1,0.523914,16.5535,179.2713,25.879
80,58,in,0.6012,5,4,1,0.514744,12.0429,0.2078,25.879
80,58,in,0.6012,5,5,1,0.528632,25.2479,179.2713,25.879
80,58,in,0.6012,5,6,1,0.532826,12.7733,179.2713,25.879
80,58,in,0.6012,5,7,1,0.524411,29.0639,179.2713,25.879
80,58,in,0.6012,6,0,1,0.484228,0.0512,0.2793,20.620
80,58,in,0.6012,6,1,1,0.457055,14.7638,178.1970,20.620
80,58,in,0.6012,6,2,1,0.462043,10.3039,179.1997,20.620
80,58,in,0.6012,6,3,1,0.485998,16.3780,179.1997,20.620
80,58,in,0.6012,6,4,1,0.468191,12.0675,0.2793,20.620
80,58,in,0.6012,6,5,1,0.450057,24.9023,179.7976,20.620
80,58,in,0.6012,6,6,1,0.449836,12.9629,179.1997,20.620
80,58,in,0.6012,6,7,1,0.450962,28.7278,179.1997,20.620
80,58,in,0.6012,7,0,1,0.488822,0.0630,0.2160,14.152
80,58,in,0.6012,7,1,1,0.437539,14.9646,179.3023,14.152
80,58,in,0.6012,7,2,1,0.439771,10.3926,179.3023,14.152
80,58,in,0.6012,7,3,1,0.454154,16.3444,179.6950,14.152
80,58,in,0.6012,7,4,1,0.444197,12.0651,0.2160,14.152
80,58,in,0.6012,7,5,1,0.445660,24.5977,179.3023,14.152
80,58,in,0.6012,7,6,1,0.426529,13.2664,179.6950,14.152
80,58,in,0.6012,7,7,1,0.439403,28.6787,179.6950,14.152
80,58,in,0.6012,8,0,1,0.500863,0.1257,0.2931,9.858
80,58,in,0.6012,8,1,1,0.506215,15.1422,179.8114,9.858
80,58,in,0.6012,8,2,1,0.481608,10.5377,179.1859,9.858
80,58,in,0.6012,8,3,1,0.476144,16.4642,179.8114,9.858
80,58,in,0.6012,8,4,1,0.471192,11.9866,0.2931,9.858
80,58,in,0.6012,8,5,1,0.484730,24.5035,179.8114,9.858
80,58,in,0.6012,8,6,1,0.486796,13.8530,179.8114,9.858
80,58,in,0.6012,8,7,1,0.469764,28.6296,179.8114,9.858
80,58,in,0.6012,9,0,1,0.473076,0.1101,0.3564,26.495
80,58,in,0.6012,9,1,1,0.483780,15.2603,179.8355,26.495
80,58,in,0.6012,9,2,1,0.453123,10.9020,179.1619,26.495
80,58,in,0.6012,9,3,1,0.469403,16.6697,179.8355,26.495
80,58,in,0.6012,9,4,1,0.455546,12.0010,0.3564,26.495
80,58,in,0.6012,9,5,1,0.451453,24.3080,179.8355,26.495
80,58,in,0.6012,9,6,1,0.470305,14.5836,179.8355,26.495
80,58,in,0.6012,9,7,1,0.450421,28.6484,179.8355,26.495
80,58,in,0.6012,10,0,1,0.475739,0.0316,0.2576,12.615
80,58,in,0.6012,10,1,1,0.428995,15.4300,179.7366,12.615
80,58,in,0.6012,10,2,1,0.456899,11.2689,179.7366,12.615
80,58,in,0.6012,10,3,1,0.470139,16.9322,179.2607,12.615
80,58,in,0.6012,10,4,1,0.451164,11.9914,0.2576,12.615
80,58,in,0.6012,10,5,1,0.453083,24.1449,179.2607,12.615
80,58,in,0.6012,10,6,1,0.448093,14.8620,179.2607,12.615
80,58,in,0.6012,10,7,1,0.448564,28.8290,179.2607,12.615
80,58,in,0.6012,11,0,1,0.453774,0.1022,0.4240,23.885
80,58,in,0.6012,11,1,1,0.393773,15.4774,179.9423,23.885
80,58,in,0.6012,11,2,1,0.409033,11.5191,179.9423,23.885
80,58,in,0.6012,11,3,1,0.429935,17.2355,179.9423,23.885
80,58,in,0.6012,11,4,1,0.415138,11.9953,1.5813,23.885
80,58,in,0.6012,11,5,1,0.407192,24.1531,179.9423,23.885
80,58,in,0.6012,11,6,1,0.419816,15.1557,179.9423,23.885
80,58,in,0.6012,11,7,1,0.406797,28.8722,178.9397,23.885
80,59,in,0.0858,0,0,1,0.904236,0.0200,0.2850,6256.966
80,59,in,0.0858,0,1,1,0.787279,7.2115,0.2850,6256.966
80,59,in,0.0858,0,2,1,0.783385,7.6400,179.8033,6256.966
80,59,in,0.0858,0,3,1,0.775687,20.2257,179.8033,6256.966
80,59,in,0.0858,0,4,1,0.774807,13.5986,0.2850,6256.966
80,59,in,0.0858,0,5,1,0.773311,16.5319,0.2850,6256.966
80,59,in,0.0858,0,6,1,0.772972,10.9837,179.8033,6256.966
80,59,in,0.0858,0,7,1,0.772746,2.2245,179.8033,6256.966
80,59,in,0.0858,1,0,1,0.902561,0.0260,0.2410,21.551
80,59,in,0.0858,1,1,1,0.775966,7.2170,0.2410,21.551
80,59,in,0.0858,1,2,1,0.780377,8.1251,179.7200,21.551
80,59,in,0.0858,1,3,1,0.768314,20.0479,179.7200,21.551
80,59,in,0.0858,1,4,1,0.772599,13.6921,0.2410,21.551
80,59,in,0.0858,1,5,1,0.780597,16.4571,0.2410,21.551
80,59,in,0.0858,1,6,1,0.770859,11.3919,179.7200,21.551
80,59,in,0.0858,1,7,1,0.774156,2.0681,179.7200,21.551
80,59,in,0.0858,2,0,1,0.894800,0.0323,0.0171,13.842
80,59,in,0.0858,2,1,1,0.785270,7.3256,0.0171,13.842
80,59,in,0.0858,2,2,1,0.778549,8.5558,179.5012,13.842
80,59,in,0.0858,2,3,1,0.778393,19.9628,179.4961,13.842
80,59,in,0.0858,2,4,1,0.776295,13.6998,0.0171,13.842
80,59,in,0.0858,2,5,1,0.772173,16.5199,0.0171,13.842
80,59,in,0.0858,2,6,1,0.776788,11.9792,179.4961,13.842
80,59,in,0.0858,2,7,1,0.770089,2.0595,179.4961,13.842
80,59,in,0.0858,3,0,1,0.880682,0.0287,0.4042,13.439
80,59,in,0.0858,3,1,1,0.783599,7.2286,0.4042,13.439
80,59,in,0.0858,3,2,1,0.785617,9.2424,179.9225,13.439
80,59,in,0.0858,3,3,1,0.754525,20.0458,179.9225,13.439
80,59,in,0.0858,3,4,1,0.748468,13.7101,0.4042,13.439
80,59,in,0.0858,3,5,1,0.766501,16.4617,0.4042,13.439
80,59,in,0.0858,3,6,1,0.757686,12.7200,179.9225,13.439
80,59,in,0.0858,3,7,1,0.762567,2.5187,179.9225,13.439
80,59,in,0.0858,4,0,1,0.896330,0.0360,0.1302,13.248
80,59,in,0.0858,4,1,1,0.778787,7.1336,0.1302,13.248
80,59,in,0.0858,4,2,1,0.785371,9.8218,179.6093,13.248
80,59,in,0.0858,4,3,1,0.773268,20.1234,179.6093,13.248
80,59,in,0.0858,4,4,1,0.759959,13.5417,0.1302,13.248
80,59,in,0.0858,4,5,1,0.770923,16.5379,0.1302,13.248
80,59,in,0.0858,4,6,1,0.754976,13.0989,179.6093,13.248
80,59,in,0.0858,4,7,1,0.761179,2.9313,179.6093,13.248
80,59,in,0.0858,5,0,1,0.899684,0.0537,0.3855,24.561
80,59,in,0.0858,5,1,1,0.786879,7.1474,0.3855,24.561
80,59,in,0.0858,5,2,1,0.790201,10.3599,179.9038,24.561
80,59,in,0.0858,5,3,1,0.772570,20.0741,179.9038,24.561
80,59,in,0.0858,5,4,1,0.769769,13.6335,0.3855,24.561
80,59,in,0.0858,5,5,1,0.787831,16.4430,0.6171,24.561
80,59,in,0.0858,5,6,1,0.775204,13.8799,179.9038,24.561
80,59,in,0.0858,5,7,1,0.777751,3.3957,179.9038,24.561
80,59,in,0.0858,6,0,1,0.906178,0.0644,0.2221,19.371
80,59,in,0.0858,6,1,1,0.794451,7.1399,0.2221,19.371
80,59,in,0.0858,6,2,1,0.788876,10.9037,179.7404,19.371
80,59,in,0.0858,6,3,1,0.753138,19.9796,179.7404,19.371
80,59,in,0.0858,6,4,1,0.762086,13.6213,0.2221,19.371
80,59,in,0.0858,6,5,1,0.758750,16.4340,0.2221,19.371
80,59,in,0.0858,6,6,1,0.767059,14.4907,179.7404,19.371
80,59,in,0.0858,6,7,1,0.790632,3.8234,179.7404,19.371
80,59,in,0.0858,7,0,1,0.889142,0.0773,0.0749,14.585
80,59,in,0.0858,7,1,1,0.765501,7.0277,0.0749,14.585
80,59,in,0.0858,7,2,1,0.763735,11.4463,179.4041,14.585
80,59,in,0.0858,7,3,1,0.736638,19.9933,179.4041,14.585
80,59,in,0.0858,7,4,1,0.735779,13.7417,0.0749,14.585
80,59,in,0.0858,7,5,1,0.751871,16.5121,0.0749,14.585
80,59,in,0.0858,7,6,1,0.749139,15.0070,179.4041,14.585
80,59,in,0.0858,7,7,1,0.755265,4.2671,179.4041,14.585
80,59,in,0.0858,8,0,1,0.848843,0.0401,0.6826,37.733
80,59,in,0.0858,8,1,1,0.749508,7.0240,0.3201,37.733
80,59,in,0.0858,8,2,1,0.721562,11.9861,179.7991,37.733
80,59,in,0.0858,8,3,1,0.706302,19.9329,179.7991,37.733
80,59,in,0.0858,8,4,1,0.721453,13.6029,0.6826,37.733
80,59,in,0.0858,8,5,1,0.722845,16.4382,0.3201,37.733
80,59,in,0.0858,8,6,1,0.737116,15.6113,179.7991,37.733
80,59,in,0.0858,8,7,1,0.721456,4.7561,179.7991,37.733
80,59,in,0.0858,9,0,1,0.885401,0.0257,0.0779,23.444
80,59,in,0.0858,9,1,1,0.770928,7.1172,0.0779,23.444
80,59,in,0.0858,9,2,1,0.759113,12.4464,179.4011,23.444
80,59,in,0.0858,9,3,1,0.711421,19.8980,179.4011,23.444
80,59,in,0.0858,9,4,1,0.735094,13.6007,0.0779,23.444
80,59,in,0.0858,9,5,1,0.733641,16.5206,0.0779,23.444
80,59,in,0.0858,9,6,1,0.743448,16.2155,179.5962,23.444
80,59,in,0.0858,9,7,1,0.756816,5.1880,179.5962,23.444
80,59,in,0.0858,10,0,1,0.887276,0.0785,0.2948,15.837
80,59,in,0.0858,10,1,1,0.790492,6.9279,0.2948,15.837
80,59,in,0.0858,10,2,1,0.790243,13.0891,179.1843,15.837
80,59,in,0.0858,10,3,1,0.689106,19.8821,179.1843,15.837
80,59,in,0.0858,10,4,1,0.712257,13.3385,0.2948,15.837
80,59,in,0.0858,10,5,1,0.750047,16.4361,0.2948,15.837
80,59,in,0.0858,10,6,1,0.740208,16.8715,179.1843,15.837
80,59,in,0.0858,10,7,1,0.786473,5.8202,179.1843,15.837
80,59,in,0.0858,11,0,1,0.893207,0.0827,0.0541,3.282
80,59,in,0.0858,11,1,1,0.792105,7.0225,0.0541,3.282
80,59,in,0.0858,11,2,1,0.770849,13.2942,179.4250,3.282
80,59,in,0.0858,11,3,1,0.674636,19.9190,179.4250,3.282
80,59,in,0.0858,11,4,1,0.739871,13.0675,0.0541,3.282
80,59,in,0.0858,11,5,1,0.753879,16.3736,0.0541,3.282
80,59,in,0.0858,11,6,1,0.745694,16.9066,179.5724,3.282
80,59,in,0.0858,11,7,1,0.781815,5.8125,179.4250,3.282
80,60,in,0.1088,0,0,1,0.871351,0.0134,0.4563,4804.652
80,60,in,0.1088,0,1,1,0.799319,31.4424,179.9353,4804.652
80,60,in,0.1088,0,2,1,0.797292,21.9023,179.9353,4804.652
80,60,in,0.1088,0,3,1,0.797067,10.5982,179.9353,4804.652
80,60,in,0.1088,0,4,1,0.792950,32.2133,179.9353,4804.652
80,60,in,0.1088,0,5,1,0.792592,22.8793,179.9353,4804.652
80,60,in,0.1088,0,6,1,0.790396,27.0271,0.4563,4804.652
80,60,in,0.1088,0,7,1,0.790197,14.7660,179.9353,4804.652
80,60,in,0.1088,1,0,1,0.859098,0.0124,0.0178,11.776
80,60,in,0.1088,1,1,1,0.768468,31.9434,179.5005,11.776
80,60,in,0.1088,1,2,1,0.777996,22.4370,179.5005,11.776
80,60,in,0.1088,1,3,1,0.769851,10.0650,179.5005,11.776
80,60,in,0.1088,1,4,1,0.771943,32.8046,179.5005,11.776
80,60,in,0.1088,1,5,1,0.782402,22.3265,179.5005,11.776
80,60,in,0.1088,1,6,1,0.782800,27.0263,0.0178,11.776
80,60,in,0.1088,1,7,1,0.770241,14.8833,179.5005,11.776
80,60,in,0.1088,2,0,1,0.848691,0.0290,0.5811,7.475
80,60,in,0.1088,2,1,1,0.776232,32.6439,179.9399,7.475
80,60,in,0.1088,2,2,1,0.787327,22.9972,179.9399,7.475
80,60,in,0.1088,2,3,1,0.776667,9.5985,179.9399,7.475
80,60,in,0.1088,2,4,1,0.769412,33.4004,179.9399,7.475
80,60,in,0.1088,2,5,1,0.779420,21.7867,179.9399,7.475
80,60,in,0.1088,2,6,1,0.765815,27.1311,0.5811,7.475
80,60,in,0.1088,2,7,1,0.779186,15.0762,179.9399,7.475
80,60,in,0.1088,3,0,1,0.882159,0.0470,0.0405,15.524
80,60,in,0.1088,3,1,1,0.807157,33.1374,179.4778,15.524
80,60,in,0.1088,3,2,1,0.811303,23.3879,179.4778,15.524
80,60,in,0.1088,3,3,1,0.800476,9.2324,179.4778,15.524
80,60,in,0.1088,3,4,1,0.806510,33.9925,179.4778,15.524
80,60,in,0.1088,3,5,1,0.807107,21.3465,179.4778,15.524
80,60,in,0.1088,3,6,1,0.796064,27.1484,0.0405,15.524
80,60,in,0.1088,3,7,1,0.812528,15.6165,179.4778,15.524
80,60,in,0.1088,4,0,1,0.889875,0.0446,0.5271,3.734
80,60,in,0.1088,4,1,1,0.808807,33.6732,179.9939,3.734
80,60,in,0.1088,4,2,1,0.803743,23.8425,179.9939,3.734
80,60,in,0.1088,4,3,1,0.820516,8.8079,179.9939,3.734
80,60,in,0.1088,4,4,1,0.812844,34.5644,179.9939,3.734
80,60,in,0.1088,4,5,1,0.809994,20.8617,179.9939,3.734
80,60,in,0.1088,4,6,1,0.791960,27.1367,0.4756,3.734
80,60,in,0.1088,4,7,1,0.816877,15.8788,179.9939,3.734
80,60,in,0.1088,5,0,1,0.873418,0.0438,0.1890,11.748
80,60,in,0.1088,5,1,1,0.799281,33.6730,179.7073,11.748
80,60,in,0.1088,5,2,1,0.815763,23.8728,179.7073,11.748
80,60,in,0.1088,5,3,1,0.805272,8.8112,179.7073,11.748
80,60,in,0.1088,5,4,1,0.803963,34.5625,179.7073,11.748
80,60,in,0.1088,5,5,1,0.795967,20.9004,179.7073,11.748
80,60,in,0.1088,5,6,1,0.780243,27.1335,0.1890,11.748
80,60,in,0.1088,5,7,1,0.809826,15.6893,179.7073,11.748
80,60,in,0.1088,6,0,1,0.897134,0.0468,0.0585,10.639
80,60,in,0.1088,6,1,1,0.815681,33.6764,179.4598,10.639
80,60,in,0.1088,6,2,1,0.825167,23.8349,179.4598,10.639
80,60,in,0.1088,6,3,1,0.810948,8.8176,179.4598,10.639
80,60,in,0.1088,6,4,1,0.817579,34.5449,179.4598,10.639
80,60,in,0.1088,6,5,1,0.815400,20.8341,179.4598,10.639
80,60,in,0.1088,6,6,1,0.805696,27.0814,0.0585,10.639
80,60,in,0.1088,6,7,1,0.806683,15.9853,179.4598,10.639
80,60,in,0.1088,7,0,1,0.871720,0.0455,0.2656,12.044
80,60,in,0.1088,7,1,1,0.785352,34.2545,179.7839,12.044
80,60,in,0.1088,7,2,1,0.785202,23.8455,179.7839,12.044
80,60,in,0.1088,7,3,1,0.805092,8.8474,179.7839,12.044
80,60,in,0.1088,7,4,1,0.790025,34.7902,179.7839,12.044
80,60,in,0.1088,7,5,1,0.797627,20.9691,179.7839,12.044
80,60,in,0.1088,7,6,1,0.785333,27.2254,0.2656,12.044
80,60,in,0.1088,7,7,1,0.785264,16.4836,179.7839,12.044
80,60,in,0.1088,8,0,1,0.874206,0.0379,0.1681,7.529
80,60,in,0.1088,8,1,1,0.781365,34.5328,179.6864,7.529
80,60,in,0.1088,8,2,1,0.798458,23.6736,179.6864,7.529
80,60,in,0.1088,8,3,1,0.794287,9.3807,179.6864,7.529
80,60,in,0.1088,8,4,1,0.785551,34.8519,179.6864,7.529
80,60,in,0.1088,8,5,1,0.800482,21.1647,179.6864,7.529
80,60,in,0.1088,8,6,1,0.781073,27.1261,0.1681,7.529
80,60,in,0.1088,8,7,1,0.776751,17.1552,179.6864,7.529
80,60,in,0.1088,9,0,1,0.860605,0.0320,0.4085,7.808
80,60,in,0.1088,9,1,1,0.786936,34.7022,179.9268,7.808
80,60,in,0.1088,9,2,1,0.790201,23.4142,179.9268,7.808
80,60,in,0.1088,9,3,1,0.780967,9.7954,179.9268,7.808
80,60,in,0.1088,9,4,1,0.778925,34.7826,179.9268,7.808
80,60,in,0.1088,9,5,1,0.794009,21.5315,179.9268,7.808
80,60,in,0.1088,9,6,1,0.765772,27.1148,0.4085,7.808
80,60,in,0.1088,9,7,1,0.800045,17.5949,179.9268,7.808
80,60,in,0.1088,10,0,1,0.883390,0.0341,0.3097,3.191
80,60,in,0.1088,10,1,1,0.792897,34.9949,179.7888,3.191
80,60,in,0.1088,10,2,1,0.793542,23.1738,179.7888,3.191
80,60,in,0.1088,10,3,1,0.797149,10.2473,179.7888,3.191
80,60,in,0.1088,10,4,1,0.775355,34.7886,179.7888,3.191
80,60,in,0.1088,10,5,1,0.786401,21.8122,179.7888,3.191
80,60,in,0.1088,10,6,1,0.779826,27.1528,0.3097,3.191
80,60,in,0.1088,10,7,1,0.786176,18.1623,179.7888,3.191
80,60,in,0.1088,11,0,1,0.909667,0.0345,0.2162,8.092
80,60,in,0.1088,11,1,1,0.839534,35.3155,179.7344,8.092
80,60,in,0.1088,11,2,1,0.854427,23.0209,179.7344,8.092
80,60,in,0.1088,11,3,1,0.853839,10.6953,179.7344,8.092
80,60,in,0.1088,11,4,1,0.835996,34.8023,179.7344,8.092
80,60,in,0.1088,11,5,1,0.843036,22.1241,179.7344,8.092
80,60,in,0.1088,11,6,1,0.833936,27.1451,0.2162,8.092
80,60,in,0.1088,11,7,1,0.862858,18.6396,179.7344,8.092
80,61,in,0.2730,0,0,1,0.720332,0.0384,0.1533,11551.232
80,61,in,0.2730,0,1,1,0.623803,18.4605,179.3650,11551.232
80,61,in,0.2730,0,2,1,0.620254,15.5294,0.1533,11551.232
80,61,in,0.2730,0,3,1,0.617297,14.7520,179.3650,11551.232
80,61,in,0.2730,0,4,1,0.617003,19.9846,179.6323,11551.232
80,61,in,0.2730,0,5,1,0.616542,11.9673,0.1533,11551.232
80,61,in,0.2730,0,6,1,0.616521,15.1629,179.6323,11551.232
80,61,in,0.2730,0,7,1,0.616471,29.0776,179.6323,11551.232
80,61,in,0.2730,1,0,1,0.723146,0.0280,0.7533,5.078
80,61,in,0.2730,1,1,1,0.654951,18.1134,179.7677,5.078
80,61,in,0.2730,1,2,1,0.677720,15.6464,0.2494,5.078
80,61,in,0.2730,1,3,1,0.652905,14.4655,179.7677,5.078
80,61,in,0.2730,1,4,1,0.648802,20.5111,179.7677,5.078
80,61,in,0.2730,1,5,1,0.656329,11.9879,0.7533,5.078
80,61,in,0.2730,1,6,1,0.655921,15.6673,179.7677,5.078
80,61,in,0.2730,1,7,1,0.655378,28.9208,179.7677,5.078
80,61,in,0.2730,2,0,1,0.722065,0.0165,0.4337,16.896
80,61,in,0.2730,2,1,1,0.657165,17.7394,179.9127,16.896
80,61,in,0.2730,2,2,1,0.656354,15.5783,0.4337,16.896
80,61,in,0.2730,2,3,1,0.648760,14.0143,179.9127,16.896
80,61,in,0.2730,2,4,1,0.677699,20.7522,179.9127,16.896
80,61,in,0.2730,2,5,1,0.671311,12.0068,0.4337,16.896
80,61,in,0.2730,2,6,1,0.654215,16.1194,179.9127,16.896
80,61,in,0.2730,2,7,1,0.660172,29.0891,179.9127,16.896
80,61,in,0.2730,3,0,1,0.707714,0.0176,0.4745,7.965
80,61,in,0.2730,3,1,1,0.660223,17.2320,179.9928,7.965
80,61,in,0.2730,3,2,1,0.662596,15.5759,0.4745,7.965
80,61,in,0.2730,3,3,1,0.640093,13.6139,179.9928,7.965
80,61,in,0.2730,3,4,1,0.672878,21.4478,179.9928,7.965
80,61,in,0.2730,3,5,1,0.663449,11.9890,0.4745,7.965
80,61,in,0.2730,3,6,1,0.637089,16.7317,179.9928,7.965
80,61,in,0.2730,3,7,1,0.628572,29.1282,179.9928,7.965
80,61,in,0.2730,4,0,1,0.768449,0.0160,0.2657,12.165
80,61,in,0.2730,4,1,1,0.700694,16.7070,179.7447,12.165
80,61,in,0.2730,4,2,1,0.708181,15.5753,0.2657,12.165
80,61,in,0.2730,4,3,1,0.668296,13.2436,179.7447,12.165
80,61,in,0.2730,4,4,1,0.712391,22.0020,179.7447,12.165
80,61,in,0.2730,4,5,1,0.706462,12.0044,0.2657,12.165
80,61,in,0.2730,4,6,1,0.680590,17.1124,179.7447,12.165
80,61,in,0.2730,4,7,1,0.658649,29.2428,179.7447,12.165
80,61,in,0.2730,5,0,1,0.747394,0.0352,0.0496,8.219
80,61,in,0.2730,5,1,1,0.676226,16.2094,179.5679,8.219
80,61,in,0.2730,5,2,1,0.680012,15.5914,0.0496,8.219
80,61,in,0.2730,5,3,1,0.648361,13.0705,179.5679,8.219
80,61,in,0.2730,5,4,1,0.669739,22.2659,179.5679,8.219
80,61,in,0.2730,5,5,1,0.681556,11.9753,0.0496,8.219
80,61,in,0.2730,5,6,1,0.665574,17.5653,179.5679,8.219
80,61,in,0.2730,5,7,1,0.670754,29.4810,179.5679,8.219
80,61,in,0.2730,6,0,1,0.756668,0.0549,0.2403,5.737
80,61,in,0.2730,6,1,1,0.674628,15.7195,179.7193,5.737
80,61,in,0.2730,6,2,1,0.689766,15.5500,0.2403,5.737
80,61,in,0.2730,6,3,1,0.652704,13.0643,179.2780,5.737
80,61,in,0.2730,6,4,1,0.685506,22.6411,179.2780,5.737
80,61,in,0.2730,6,5,1,0.688353,11.9625,0.2403,5.737
80,61,in,0.2730,6,6,1,0.665821,18.2328,179.2780,5.737
80,61,in,0.2730,6,7,1,0.669637,29.6248,179.7193,5.737
80,61,in,0.2730,7,0,1,0.702467,0.0613,0.2889,4.416
80,61,in,0.2730,7,1,1,0.645658,15.0585,179.7679,4.416
80,61,in,0.2730,7,2,1,0.648899,15.6165,0.2889,4.416
80,61,in,0.2730,7,3,1,0.623796,12.9968,179.7679,4.416
80,61,in,0.2730,7,4,1,0.662558,23.1596,179.7679,4.416
80,61,in,0.2730,7,5,1,0.665903,11.9546,0.2889,4.416
80,61,in,0.2730,7,6,1,0.621590,18.6666,179.7679,4.416
80,61,in,0.2730,7,7,1,0.628769,29.9103,179.7679,4.416
80,61,in,0.2730,8,0,1,0.763458,0.0463,0.4357,3.788
80,61,in,0.2730,8,1,1,0.683631,14.5215,179.9147,3.788
80,61,in,0.2730,8,2,1,0.701526,15.5426,0.4357,3.788
80,61,in,0.2730,8,3,1,0.671812,12.9858,179.9147,3.788
80,61,in,0.2730,8,4,1,0.698287,23.4311,179.9147,3.788
80,61,in,0.2730,8,5,1,0.712758,12.0608,0.4357,3.788
80,61,in,0.2730,8,6,1,0.667174,19.3943,179.9147,3.788
80,61,in,0.2730,8,7,1,0.658332,30.3496,179.9147,3.788
80,61,in,0.2730,9,0,1,0.738827,0.0522,0.5308,4.455
80,61,in,0.2730,9,1,1,0.647936,13.9258,179.9902,4.455
80,61,in,0.2730,9,2,1,0.679697,15.4520,0.5308,4.455
80,61,in,0.2730,9,3,1,0.643666,13.1941,178.9875,4.455
80,61,in,0.2730,9,4,1,0.660239,23.4667,179.9902,4.455
80,61,in,0.2730,9,5,1,0.677483,12.0580,0.5308,4.455
80,61,in,0.2730,9,6,1,0.647744,19.8591,179.9902,4.455
80,61,in,0.2730,9,7,1,0.637565,30.7231,179.9902,4.455
80,61,in,0.2730,10,0,1,0.732972,0.0601,0.5451,5.046
80,61,in,0.2730,10,1,1,0.553965,13.5548,179.0214,5.046
80,61,in,0.2730,10,2,1,0.539303,15.3618,0.4576,5.046
80,61,in,0.2730,10,3,1,0.528642,13.1362,178.9732,5.046
80,61,in,0.2730,10,4,1,0.548735,23.8700,179.0214,5.046
80,61,in,0.2730,10,5,1,0.574098,12.2748,0.4576,5.046
80,61,in,0.2730,10,6,1,0.521205,20.3999,179.0214,5.046
80,61,in,0.2730,10,7,1,0.633081,31.0180,179.9759,5.046
80,61,in,0.2730,11,0,1,0.725358,0.0483,0.5523,5.941
80,61,in,0.2730,11,1,1,0.389899,13.2986,178.0652,5.941
80,61,in,0.2730,11,2,1,0.411489,15.0351,3.4584,5.941
80,61,in,0.2730,11,3,1,0.399924,13.1954,177.0626,5.941
80,61,in,0.2730,11,4,1,0.406825,24.5738,177.0626,5.941
80,61,in,0.2730,11,5,1,0.453300,12.4691,2.4557,5.941
80,61,in,0.2730,11,6,1,0.366506,20.9626,177.0626,5.941
80,61,in,0.2730,11,7,1,0.598620,31.3292,179.9294,5.941
80,62,in,0.4640,0,0,1,0.597009,0.0712,0.1901,16986.366
80,62,in,0.4640,0,1,1,0.493080,15.5102,179.7084,16986.366
80,62,in,0.4640,0,2,1,0.492198,8.7665,179.7084,16986.366
80,62,in,0.4640,0,3,1,0.488494,11.3531,179.7084,16986.366
80,62,in,0.4640,0,4,1,0.482967,7.3711,0.1901,16986.366
80,62,in,0.4640,0,5,1,0.482632,15.9845,179.7084,16986.366
80,62,in,0.4640,0,6,1,0.478448,31.4715,179.7084,16986.366
80,62,in,0.4640,0,7,1,0.476258,13.2135,0.1901,16986.366
80,62,in,0.4640,1,0,1,0.608492,0.0272,0.2565,15.242
80,62,in,0.4640,1,1,1,0.472550,15.4046,179.2618,15.242
80,62,in,0.4640,1,2,1,0.427906,8.2689,179.2618,15.242
80,62,in,0.4640,1,3,1,0.433912,11.1329,179.7355,15.242
80,62,in,0.4640,1,4,1,0.475402,7.2755,0.2565,15.242
80,62,in,0.4640,1,5,1,0.428505,15.3803,179.2618,15.242
80,62,in,0.4640,1,6,1,0.452482,31.2159,179.2618,15.242
80,62,in,0.4640,1,7,1,0.474074,13.4892,0.2565,15.242
80,62,in,0.4640,2,0,1,0.611636,0.0382,0.1980,9.590
80,62,in,0.4640,2,1,1,0.452774,15.4380,179.3203,9.590
80,62,in,0.4640,2,2,1,0.427280,7.8231,179.3203,9.590
80,62,in,0.4640,2,3,1,0.428391,10.9494,179.3203,9.590
80,62,in,0.4640,2,4,1,0.456600,7.5618,0.1980,9.590
80,62,in,0.4640,2,5,1,0.423779,14.7960,179.3203,9.590
80,62,in,0.4640,2,6,1,0.486540,30.7712,179.3203,9.590
80,62,in,0.4640,2,7,1,0.496192,13.7418,0.1980,9.590
80,62,in,0.4640,3,0,1,0.516290,0.0551,0.0080,8.959
80,62,in,0.4640,3,1,1,0.416812,15.4672,178.4684,8.959
80,62,in,0.4640,3,2,1,0.381534,6.9371,179.4711,8.959
80,62,in,0.4640,3,3,1,0.348952,10.8432,179.4711,8.959
80,62,in,0.4640,3,4,1,0.418393,7.6551,0.0080,8.959
80,62,in,0.4640,3,5,1,0.371224,13.9106,179.4711,8.959
80,62,in,0.4640,3,6,1,0.430331,30.5203,179.4711,8.959
80,62,in,0.4640,3,7,1,0.463030,13.7347,0.0080,8.959
80,62,in,0.4640,4,0,1,0.635763,0.0506,0.5112,13.967
80,62,in,0.4640,4,1,1,0.513334,15.5014,179.9902,13.967
80,62,in,0.4640,4,2,1,0.449367,6.3272,179.9902,13.967
80,62,in,0.4640,4,3,1,0.434579,10.3702,179.9902,13.967
80,62,in,0.4640,4,4,1,0.470132,7.3494,0.4915,13.967
80,62,in,0.4640,4,5,1,0.451482,13.0293,179.9902,13.967
80,62,in,0.4640,4,6,1,0.512633,30.0399,179.9902,13.967
80,62,in,0.4640,4,7,1,0.549377,13.6404,0.5112,13.967
80,62,in,0.4640,5,0,1,0.606811,0.0569,0.5584,16.759
80,62,in,0.4640,5,1,1,0.519097,15.5767,179.9233,16.759
80,62,in,0.4640,5,2,1,0.481513,5.8571,179.9233,16.759
80,62,in,0.4640,5,3,1,0.482399,10.0801,179.9233,16.759
80,62,in,0.4640,5,4,1,0.496988,7.5477,0.5584,16.759
80,62,in,0.4640,5,5,1,0.481300,12.7491,179.9233,16.759
80,62,in,0.4640,5,6,1,0.518265,29.5218,179.9233,16.759
80,62,in,0.4640,5,7,1,0.544209,13.6287,0.5584,16.759
80,62,in,0.4640,6,0,1,0.566013,0.0603,0.4078,11.962
80,62,in,0.4640,6,1,1,0.459789,15.7250,179.9261,11.962
80,62,in,0.4640,6,2,1,0.441252,5.5622,179.9261,11.962
80,62,in,0.4640,6,3,1,0.446333,10.0034,179.9261,11.962
80,62,in,0.4640,6,4,1,0.446738,7.2414,0.4078,11.962
80,62,in,0.4640,6,5,1,0.463108,12.4496,179.9261,11.962
80,62,in,0.4640,6,6,1,0.449660,29.3076,179.9261,11.962
80,62,in,0.4640,6,7,1,0.500386,13.7172,0.4078,11.962
80,62,in,0.4640,7,0,1,0.593358,0.0665,0.2472,20.000
80,62,in,0.4640,7,1,1,0.508217,15.8485,179.7655,20.000
80,62,in,0.4640,7,2,1,0.484787,4.9103,179.7655,20.000
80,62,in,0.4640,7,3,1,0.494440,9.9375,179.7655,20.000
80,62,in,0.4640,7,4,1,0.504811,7.0348,0.2472,20.000
80,62,in,0.4640,7,5,1,0.498949,11.8567,179.7655,20.000
80,62,in,0.4640,7,6,1,0.514953,28.8452,179.7655,20.000
80,62,in,0.4640,7,7,1,0.515689,13.7120,0.2472,20.000
80,62,in,0.4640,8,0,1,0.551278,0.0627,0.1668,7.724
80,62,in,0.4640,8,1,1,0.475033,16.0134,179.6458,7.724
80,62,in,0.4640,8,2,1,0.443895,4.1927,179.6458,7.724
80,62,in,0.4640,8,3,1,0.444991,9.8532,179.6458,7.724
80,62,in,0.4640,8,4,1,0.461021,7.1384,0.1668,7.724
80,62,in,0.4640,8,5,1,0.473186,11.3540,179.6458,7.724
80,62,in,0.4640,8,6,1,0.452408,28.5541,179.6458,7.724
80,62,in,0.4640,8,7,1,0.469251,13.6325,0.1668,7.724
80,62,in,0.4640,9,0,1,0.554425,0.0139,0.6359,15.614
80,62,in,0.4640,9,1,1,0.478307,16.0941,179.8851,15.614
80,62,in,0.4640,9,2,1,0.478892,3.8101,179.8851,15.614
80,62,in,0.4640,9,3,1,0.469526,9.7657,179.8851,15.614
80,62,in,0.4640,9,4,1,0.492790,7.1145,0.3668,15.614
80,62,in,0.4640,9,5,1,0.481501,11.0867,179.8851,15.614
80,62,in,0.4640,9,6,1,0.478862,28.3642,179.8851,15.614
80,62,in,0.4640,9,7,1,0.489790,13.4280,0.3668,15.614
80,62,in,0.4640,10,0,1,0.576652,0.0803,0.5296,9.928
80,62,in,0.4640,10,1,1,0.499843,16.2269,179.9914,9.928
80,62,in,0.4640,10,2,1,0.507619,3.3889,179.9914,9.928
80,62,in,0.4640,10,3,1,0.513423,9.6808,179.9914,9.928
80,62,in,0.4640,10,4,1,0.508644,7.3209,0.4731,9.928
80,62,in,0.4640,10,5,1,0.511104,10.4134,176.9834,9.928
80,62,in,0.4640,10,6,1,0.533476,27.9335,179.9914,9.928
80,62,in,0.4640,10,7,1,0.515659,13.7058,0.4731,9.928
80,62,in,0.4640,11,0,1,0.600579,0.0197,0.6168,13.899
80,62,in,0.4640,11,1,1,0.523923,16.1946,179.8649,13.899
80,62,in,0.4640,11,2,1,0.519359,3.0828,179.8649,13.899
80,62,in,0.4640,11,3,1,0.533758,9.5473,179.8649,13.899
80,62,in,0.4640,11,4,1,0.534010,7.2206,0.6168,13.899
80,62,in,0.4640,11,5,1,0.518255,9.5858,179.8649,13.899
80,62,in,0.4640,11,6,1,0.534051,27.2898,179.8649,13.899
80,62,in,0.4640,11,7,1,0.551570,13.6150,0.6168,13.899
80,63,in,0.5316,0,0,1,0.526289,0.0510,0.0773,14200.840
80,63,in,0.5316,0,1,1,0.510943,12.1687,0.0773,14200.840
80,63,in,0.5316,0,2,1,0.506838,18.3369,0.9254,14200.840
80,63,in,0.5316,0,3,1,0.503987,14.5915,0.0773,14200.840
80,63,in,0.5316,0,4,1,0.502188,39.3602,179.4410,14200.840
80,63,in,0.5316,0,5,1,0.501469,11.6273,0.0773,14200.840
80,63,in,0.5316,0,6,1,0.501287,20.6360,0.0773,14200.840
80,63,in,0.5316,0,7,1,0.498754,23.8358,0.0773,14200.840
80,63,in,0.5316,1,0,1,0.514600,0.0410,0.3939,5.099
80,63,in,0.5316,1,1,1,0.492239,12.1987,0.3939,5.099
80,63,in,0.5316,1,2,1,0.495313,18.4219,1.3965,5.099
80,63,in,0.5316,1,3,1,0.490271,14.7790,0.3939,5.099
80,63,in,0.5316,1,4,1,0.494733,39.2814,179.0852,5.099
80,63,in,0.5316,1,5,1,0.466544,11.7010,0.3939,5.099
80,63,in,0.5316,1,6,1,0.495101,20.8002,0.3939,5.099
80,63,in,0.5316,1,7,1,0.469311,23.5778,1.3965,5.099
80,63,in,0.5316,2,0,1,0.523290,0.0420,0.2879,7.789
80,63,in,0.5316,2,1,1,0.451564,12.2630,0.2879,7.789
80,63,in,0.5316,2,2,1,0.473741,18.4846,0.2879,7.789
80,63,in,0.5316,2,3,1,0.470149,14.5973,0.2879,7.789
80,63,in,0.5316,2,4,1,0.454882,39.4844,179.7669,7.789
80,63,in,0.5316,2,5,1,0.463941,11.5327,0.2879,7.789
80,63,in,0.5316,2,6,1,0.484468,20.6427,0.2879,7.789
80,63,in,0.5316,2,7,1,0.468527,23.7699,0.2879,7.789
80,63,in,0.5316,3,0,1,0.539842,0.0585,0.4903,5.755
80,63,in,0.5316,3,1,1,0.475200,12.2235,0.4903,5.755
80,63,in,0.5316,3,2,1,0.496351,18.4069,0.4903,5.755
80,63,in,0.5316,3,3,1,0.465259,14.5363,0.4903,5.755
80,63,in,0.5316,3,4,1,0.453342,39.5853,178.9888,5.755
80,63,in,0.5316,3,5,1,0.460290,11.2971,0.4903,5.755
80,63,in,0.5316,3,6,1,0.474500,20.7860,0.5124,5.755
80,63,in,0.5316,3,7,1,0.472825,23.6375,0.5124,5.755
80,63,in,0.5316,4,0,1,0.469011,0.0358,0.2451,5.866
80,63,in,0.5316,4,1,1,0.433499,12.2565,0.2451,5.866
80,63,in,0.5316,4,2,1,0.458935,18.3573,0.2451,5.866
80,63,in,0.5316,4,3,1,0.438397,14.7284,0.7576,5.866
80,63,in,0.5316,4,4,1,0.413043,39.4542,179.7634,5.866
80,63,in,0.5316,4,5,1,0.438992,11.2271,0.7576,5.866
80,63,in,0.5316,4,6,1,0.460424,20.6996,0.2451,5.866
80,63,in,0.5316,4,7,1,0.430375,23.7184,0.7576,5.866
80,63,in,0.5316,5,0,1,0.523809,0.0393,0.0279,6.680
80,63,in,0.5316,5,1,1,0.484358,12.2787,0.0279,6.680
80,63,in,0.5316,5,2,1,0.502574,18.4164,0.0279,6.680
80,63,in,0.5316,5,3,1,0.470777,14.5470,0.0279,6.680
80,63,in,0.5316,5,4,1,0.457625,39.2017,179.4904,6.680
80,63,in,0.5316,5,5,1,0.471552,11.4801,1.0305,6.680
80,63,in,0.5316,5,6,1,0.488858,20.8464,0.0279,6.680
80,63,in,0.5316,5,7,1,0.482891,23.6444,1.0305,6.680
80,63,in,0.5316,6,0,1,0.615308,0.0323,0.3790,5.605
80,63,in,0.5316,6,1,1,0.517255,12.2387,0.3790,5.605
80,63,in,0.5316,6,2,1,0.553379,18.3729,0.3790,5.605
80,63,in,0.5316,6,3,1,0.537912,14.5616,0.3790,5.605
80,63,in,0.5316,6,4,1,0.534210,39.0565,179.8973,5.605
80,63,in,0.5316,6,5,1,0.528782,11.2122,0.3790,5.605
80,63,in,0.5316,6,6,1,0.543001,20.9129,0.6237,5.605
80,63,in,0.5316,6,7,1,0.561894,23.8480,0.6237,5.605
80,63,in,0.5316,7,0,1,0.576345,0.0275,0.0118,5.167
80,63,in,0.5316,7,1,1,0.505579,12.1802,0.0118,5.167
80,63,in,0.5316,7,2,1,0.529999,18.4408,0.0118,5.167
80,63,in,0.5316,7,3,1,0.496626,14.6249,0.0118,5.167
80,63,in,0.5316,7,4,1,0.494315,38.9311,179.5065,5.167
80,63,in,0.5316,7,5,1,0.521589,11.4675,0.0118,5.167
80,63,in,0.5316,7,6,1,0.534635,20.9138,0.0118,5.167
80,63,in,0.5316,7,7,1,0.501191,24.0471,0.0118,5.167
80,63,in,0.5316,8,0,1,0.539019,0.0419,0.2149,4.802
80,63,in,0.5316,8,1,1,0.483780,12.1327,0.2149,4.802
80,63,in,0.5316,8,2,1,0.523575,18.4358,0.2149,4.802
80,63,in,0.5316,8,3,1,0.463722,14.4457,0.2149,4.802
80,63,in,0.5316,8,4,1,0.470690,39.0966,179.2641,4.802
80,63,in,0.5316,8,5,1,0.480751,11.7128,0.2149,4.802
80,63,in,0.5316,8,6,1,0.507888,20.9048,0.2149,4.802
80,63,in,0.5316,8,7,1,0.482920,23.9699,0.2149,4.802
80,63,in,0.5316,9,0,1,0.524270,0.0399,0.7320,6.394
80,63,in,0.5316,9,1,1,0.468793,12.1713,0.7320,6.394
80,63,in,0.5316,9,2,1,0.483211,18.3752,0.7320,6.394
80,63,in,0.5316,9,3,1,0.468483,14.6090,0.7320,6.394
80,63,in,0.5316,9,4,1,0.460921,39.1683,179.7497,6.394
80,63,in,0.5316,9,5,1,0.466029,11.4379,0.2707,6.394
80,63,in,0.5316,9,6,1,0.488411,20.8493,0.7320,6.394
80,63,in,0.5316,9,7,1,0.470674,23.8959,0.7320,6.394
80,63,in,0.5316,10,0,1,0.580131,0.0624,0.2976,4.874
80,63,in,0.5316,10,1,1,0.484061,12.2078,0.2976,4.874
80,63,in,0.5316,10,2,1,0.545595,18.4130,0.7050,4.874
80,63,in,0.5316,10,3,1,0.487134,14.7971,0.2976,4.874
80,63,in,0.5316,10,4,1,0.498819,38.9736,179.7767,4.874
80,63,in,0.5316,10,5,1,0.511236,11.3425,0.2976,4.874
80,63,in,0.5316,10,6,1,0.514298,20.9668,0.2976,4.874
80,63,in,0.5316,10,7,1,0.515130,23.7135,0.2976,4.874
80,63,in,0.5316,11,0,1,0.490575,0.0821,0.0615,6.020
80,63,in,0.5316,11,1,1,0.454931,12.2068,1.0642,6.020
80,63,in,0.5316,11,2,1,0.461886,18.3993,1.0642,6.020
80,63,in,0.5316,11,3,1,0.450002,14.8750,1.0642,6.020
80,63,in,0.5316,11,4,1,0.454141,39.0848,179.4175,6.020
80,63,in,0.5316,11,5,1,0.448168,11.0800,0.0615,6.020
80,63,in,0.5316,11,6,1,0.475194,21.0567,0.0615,6.020
80,63,in,0.5316,11,7,1,0.471803,23.9280,0.0615,6.020
80,64,in,0.0245,0,0,1,0.933563,0.0403,0.2873,4546.363
80,64,in,0.0245,0,1,1,0.866594,11.4719,179.7663,4546.363
80,64,in,0.0245,0,2,1,0.864923,15.2197,0.2873,4546.363
80,64,in,0.0245,0,3,1,0.862437,7.0852,0.2873,4546.363
80,64,in,0.0245,0,4,1,0.860187,5.6689,179.7663,4546.363
80,64,in,0.0245,0,5,1,0.858210,18.3755,0.2873,4546.363
80,64,in,0.0245,0,6,1,0.856412,24.5938,0.2873,4546.363
80,64,in,0.0245,0,7,1,0.854936,44.0473,179.7663,4546.363
80,64,in,0.0245,1,0,1,0.947188,0.0431,0.3608,9.206
80,64,in,0.0245,1,1,1,0.868600,11.2908,179.8791,9.206
80,64,in,0.0245,1,2,1,0.874413,15.2170,0.3608,9.206
80,64,in,0.0245,1,3,1,0.864951,7.0814,0.3608,9.206
80,64,in,0.0245,1,4,1,0.876553,6.2999,179.8791,9.206
80,64,in,0.0245,1,5,1,0.857936,18.5385,0.3608,9.206
80,64,in,0.0245,1,6,1,0.867359,24.5788,0.3608,9.206
80,64,in,0.0245,1,7,1,0.858913,43.7278,179.8791,9.206
80,64,in,0.0245,2,0,1,0.932212,0.0477,0.3365,11.394
80,64,in,0.0245,2,1,1,0.871880,11.0431,179.8155,11.394
80,64,in,0.0245,2,2,1,0.856848,15.2290,0.3365,11.394
80,64,in,0.0245,2,3,1,0.856522,7.0924,0.3365,11.394
80,64,in,0.0245,2,4,1,0.867875,6.8658,179.8155,11.394
80,64,in,0.0245,2,5,1,0.850993,18.4703,0.3365,11.394
80,64,in,0.0245,2,6,1,0.850878,24.5936,0.3365,11.394
80,64,in,0.0245,2,7,1,0.857790,43.2820,179.8155,11.394
80,64,in,0.0245,3,0,1,0.946644,0.0424,0.3564,14.227
80,64,in,0.0245,3,1,1,0.872983,10.8086,179.8746,14.227
80,64,in,0.0245,3,2,1,0.866778,15.2344,0.3564,14.227
80,64,in,0.0245,3,3,1,0.871544,7.0449,0.3564,14.227
80,64,in,0.0245,3,4,1,0.866306,7.4377,179.8746,14.227
80,64,in,0.0245,3,5,1,0.862396,18.3981,0.3564,14.227
80,64,in,0.0245,3,6,1,0.874010,24.5904,0.3564,14.227
80,64,in,0.0245,3,7,1,0.833289,43.1408,179.8746,14.227
80,64,in,0.0245,4,0,1,0.932498,0.0332,0.0757,31.413
80,64,in,0.0245,4,1,1,0.841455,10.7755,179.5547,31.413
80,64,in,0.0245,4,2,1,0.850952,15.2446,0.0757,31.413
80,64,in,0.0245,4,3,1,0.840450,7.1067,0.0757,31.413
80,64,in,0.0245,4,4,1,0.846626,8.0319,179.5547,31.413
80,64,in,0.0245,4,5,1,0.836739,18.3301,0.0757,31.413
80,64,in,0.0245,4,6,1,0.838982,24.5847,0.0757,31.413
80,64,in,0.0245,4,7,1,0.826147,42.7433,179.5547,31.413
80,64,in,0.0245,5,0,1,0.926557,0.0403,0.2210,3.232
80,64,in,0.0245,5,1,1,0.844616,10.6912,179.7393,3.232
80,64,in,0.0245,5,2,1,0.853373,15.1859,0.2210,3.232
80,64,in,0.0245,5,3,1,0.842892,7.0574,0.2210,3.232
80,64,in,0.0245,5,4,1,0.836348,8.5797,179.7393,3.232
80,64,in,0.0245,5,5,1,0.837655,18.3989,0.2210,3.232
80,64,in,0.0245,5,6,1,0.846490,24.5794,0.2210,3.232
80,64,in,0.0245,5,7,1,0.823265,42.2347,179.7393,3.232
80,64,in,0.0245,6,0,1,0.923915,0.0264,0.2048,7.292
80,64,in,0.0245,6,1,1,0.847151,10.6061,179.6838,7.292
80,64,in,0.0245,6,2,1,0.850064,15.2313,0.2048,7.292
80,64,in,0.0245,6,3,1,0.837071,7.1462,0.2048,7.292
80,64,in,0.0245,6,4,1,0.845143,9.2681,179.6838,7.292
80,64,in,0.0245,6,5,1,0.840392,18.3404,0.2048,7.292
80,64,in,0.0245,6,6,1,0.834239,24.6009,0.2048,7.292
80,64,in,0.0245,6,7,1,0.829756,42.0306,179.6838,7.292
80,64,in,0.0245,7,0,1,0.946134,0.0257,0.4839,11.868
80,64,in,0.0245,7,1,1,0.897862,10.7331,179.9978,11.868
80,64,in,0.0245,7,2,1,0.882025,15.1640,0.4839,11.868
80,64,in,0.0245,7,3,1,0.872341,7.0333,0.4839,11.868
80,64,in,0.0245,7,4,1,0.905404,9.8518,179.9978,11.868
80,64,in,0.0245,7,5,1,0.861834,18.5738,0.4839,11.868
80,64,in,0.0245,7,6,1,0.876199,24.6307,0.4839,11.868
80,64,in,0.0245,7,7,1,0.904412,41.6069,179.9978,11.868
80,64,in,0.0245,8,0,1,0.962968,0.0322,0.2041,3.574
80,64,in,0.0245,8,1,1,0.879164,10.5972,179.7224,3.574
80,64,in,0.0245,8,2,1,0.889764,15.2214,0.2041,3.574
80,64,in,0.0245,8,3,1,0.879937,7.1363,0.2041,3.574
80,64,in,0.0245,8,4,1,0.877101,10.4424,179.7224,3.574
80,64,in,0.0245,8,5,1,0.882450,18.3409,0.2041,3.574
80,64,in,0.0245,8,6,1,0.882608,24.6098,0.2041,3.574
80,64,in,0.0245,8,7,1,0.876127,41.2835,179.7224,3.574
80,64,in,0.0245,9,0,1,0.947930,0.0341,0.4672,12.189
80,64,in,0.0245,9,1,1,0.887426,10.7372,179.9462,12.189
80,64,in,0.0245,9,2,1,0.889738,15.2094,0.4672,12.189
80,64,in,0.0245,9,3,1,0.883449,7.1225,0.4672,12.189
80,64,in,0.0245,9,4,1,0.879936,11.0569,179.9462,12.189
80,64,in,0.0245,9,5,1,0.878483,18.5899,0.4672,12.189
80,64,in,0.0245,9,6,1,0.885898,24.6295,0.4672,12.189
80,64,in,0.0245,9,7,1,0.879440,41.1668,179.9462,12.189
80,64,in,0.0245,10,0,1,0.945790,0.0314,0.4226,7.753
80,64,in,0.0245,10,1,1,0.885488,10.4701,179.9409,7.753
80,64,in,0.0245,10,2,1,0.884983,15.2120,0.4226,7.753
80,64,in,0.0245,10,3,1,0.877823,7.1250,0.4226,7.753
80,64,in,0.0245,10,4,1,0.885263,11.0550,179.9409,7.753
80,64,in,0.0245,10,5,1,0.867037,18.3632,0.4226,7.753
80,64,in,0.0245,10,6,1,0.882218,24.6277,0.4226,7.753
80,64,in,0.0245,10,7,1,0.883285,41.2312,179.9409,7.753
80,64,in,0.0245,11,0,1,0.939650,0.0509,0.2619,7.446
80,64,in,0.0245,11,1,1,0.852576,10.4505,179.7802,7.446
80,64,in,0.0245,11,2,1,0.861482,15.1986,0.2619,7.446
80,64,in,0.0245,11,3,1,0.859571,7.0019,0.2619,7.446
80,64,in,0.0245,11,4,1,0.850269,10.4894,179.7802,7.446
80,64,in,0.0245,11,5,1,0.840292,18.2391,0.2619,7.446
80,64,in,0.0245,11,6,1,0.853374,24.6730,0.2619,7.446
80,64,in,0.0245,11,7,1,0.843217,41.5096,179.7802,7.446
80,65,in,0.5221,0,0,1,0.584102,0.0506,0.0473,12534.368
80,65,in,0.5221,0,1,1,0.545748,22.8660,179.5263,12534.368
80,65,in,0.5221,0,2,1,0.542820,21.9751,179.5263,12534.368
80,65,in,0.5221,0,3,1,0.540863,12.2614,0.9554,12534.368
80,65,in,0.5221,0,4,1,0.538547,15.1517,0.0473,12534.368
80,65,in,0.5221,0,5,1,0.538109,4.2593,179.5263,12534.368
80,65,in,0.5221,0,6,1,0.537155,4.7820,0.9554,12534.368
80,65,in,0.5221,0,7,1,0.536586,14.5857,0.9554,12534.368
80,65,in,0.5221,1,0,1,0.518823,0.0538,0.6762,22.042
80,65,in,0.5221,1,1,1,0.477977,22.5859,178.8029,22.042
80,65,in,0.5221,1,2,1,0.492783,21.5993,178.8029,22.042
80,65,in,0.5221,1,3,1,0.468289,12.2323,0.6762,22.042
80,65,in,0.5221,1,4,1,0.483725,15.1281,0.6762,22.042
80,65,in,0.5221,1,5,1,0.467179,4.6708,179.8055,22.042
80,65,in,0.5221,1,6,1,0.452777,4.4638,0.6762,22.042
80,65,in,0.5221,1,7,1,0.498565,14.5491,1.6788,22.042
80,65,in,0.5221,2,0,1,0.562475,0.0678,0.3530,9.818
80,65,in,0.5221,2,1,1,0.529133,21.7986,179.8321,9.818
80,65,in,0.5221,2,2,1,0.541788,21.1976,179.8321,9.818
80,65,in,0.5221,2,3,1,0.549554,12.1943,0.3530,9.818
80,65,in,0.5221,2,4,1,0.564476,15.2998,0.3530,9.818
80,65,in,0.5221,2,5,1,0.541259,5.4755,179.8321,9.818
80,65,in,0.5221,2,6,1,0.526661,4.1575,0.3530,9.818
80,65,in,0.5221,2,7,1,0.565286,14.4716,0.3530,9.818
80,65,in,0.5221,3,0,1,0.542787,0.0726,0.3504,14.735
80,65,in,0.5221,3,1,1,0.469872,21.1029,179.8295,14.735
80,65,in,0.5221,3,2,1,0.492763,20.7404,179.8295,14.735
80,65,in,0.5221,3,3,1,0.509071,12.2244,0.3504,14.735
80,65,in,0.5221,3,4,1,0.500648,15.1838,0.6522,14.735
80,65,in,0.5221,3,5,1,0.492915,6.0384,179.1679,14.735
80,65,in,0.5221,3,6,1,0.457927,4.4426,0.6522,14.735
80,65,in,0.5221,3,7,1,0.488840,14.5764,0.3504,14.735
80,65,in,0.5221,4,0,1,0.529075,0.0723,0.2529,15.880
80,65,in,0.5221,4,1,1,0.399053,20.1956,179.2262,15.880
80,65,in,0.5221,4,2,1,0.436209,20.4482,179.2262,15.880
80,65,in,0.5221,4,3,1,0.432092,12.2398,0.2529,15.880
80,65,in,0.5221,4,4,1,0.435303,15.1324,0.2529,15.880
80,65,in,0.5221,4,5,1,0.422888,6.4093,179.7712,15.880
80,65,in,0.5221,4,6,1,0.418270,4.1481,0.2529,15.880
80,65,in,0.5221,4,7,1,0.443486,14.7493,0.2529,15.880
80,65,in,0.5221,5,0,1,0.532458,0.0646,0.9157,8.877
80,65,in,0.5221,5,1,1,0.463089,19.9466,179.5660,8.877
80,65,in,0.5221,5,2,1,0.506430,20.2793,179.5660,8.877
80,65,in,0.5221,5,3,1,0.484896,12.2094,0.9157,8.877
80,65,in,0.5221,5,4,1,0.486030,14.8651,0.0869,8.877
80,65,in,0.5221,5,5,1,0.492033,7.2386,179.5660,8.877
80,65,in,0.5221,5,6,1,0.466763,3.8415,0.0869,8.877
80,65,in,0.5221,5,7,1,0.476811,14.4839,0.9157,8.877
80,65,in,0.5221,6,0,1,0.517342,0.0691,0.7126,16.166
80,65,in,0.5221,6,1,1,0.486319,19.4207,178.8057,16.166
80,65,in,0.5221,6,2,1,0.472282,19.9462,178.8057,16.166
80,65,in,0.5221,6,3,1,0.493969,12.1622,1.7153,16.166
80,65,in,0.5221,6,4,1,0.477733,15.1219,0.7126,16.166
80,65,in,0.5221,6,5,1,0.478508,7.7390,178.8057,16.166
80,65,in,0.5221,6,6,1,0.453330,3.8420,0.7126,16.166
80,65,in,0.5221,6,7,1,0.493338,14.6272,0.7126,16.166
80,65,in,0.5221,7,0,1,0.533421,0.0803,0.4754,15.146
80,65,in,0.5221,7,1,1,0.463648,18.5715,179.9936,15.146
80,65,in,0.5221,7,2,1,0.489061,20.0777,179.9936,15.146
80,65,in,0.5221,7,3,1,0.483217,12.2170,0.5273,15.146
80,65,in,0.5221,7,4,1,0.469535,14.9869,0.4754,15.146
80,65,in,0.5221,7,5,1,0.489719,8.5074,179.9936,15.146
80,65,in,0.5221,7,6,1,0.459280,4.1518,0.5273,15.146
80,65,in,0.5221,7,7,1,0.493353,14.6598,0.4754,15.146
80,65,in,0.5221,8,0,1,0.549176,0.0604,0.5162,12.525
80,65,in,0.5221,8,1,1,0.442108,17.7055,179.0021,12.525
80,65,in,0.5221,8,2,1,0.477042,19.9432,179.0021,12.525
80,65,in,0.5221,8,3,1,0.457912,12.0786,0.5162,12.525
80,65,in,0.5221,8,4,1,0.468386,15.1623,0.5162,12.525
80,65,in,0.5221,8,5,1,0.459899,9.3257,179.9952,12.525
80,65,in,0.5221,8,6,1,0.433365,4.3429,0.5162,12.525
80,65,in,0.5221,8,7,1,0.478491,14.4880,0.5162,12.525
80,65,in,0.5221,9,0,1,0.547238,0.0545,0.2213,14.631
80,65,in,0.5221,9,1,1,0.484084,16.7810,179.2970,14.631
80,65,in,0.5221,9,2,1,0.495287,19.9753,179.2970,14.631
80,65,in,0.5221,9,3,1,0.473961,12.0962,1.2240,14.631
80,65,in,0.5221,9,4,1,0.465452,15.0686,0.2213,14.631
80,65,in,0.5221,9,5,1,0.471636,10.2193,179.7003,14.631
80,65,in,0.5221,9,6,1,0.434269,4.0600,0.7814,14.631
80,65,in,0.5221,9,7,1,0.505093,14.6547,0.7814,14.631
80,65,in,0.5221,10,0,1,0.526616,0.0862,0.5778,10.685
80,65,in,0.5221,10,1,1,0.445486,15.9689,179.0541,10.685
80,65,in,0.5221,10,2,1,0.476711,20.0427,178.9405,10.685
80,65,in,0.5221,10,3,1,0.470764,12.1437,1.5804,10.685
80,65,in,0.5221,10,4,1,0.438706,15.1578,1.5804,10.685
80,65,in,0.5221,10,5,1,0.450235,10.8134,178.9405,10.685
80,65,in,0.5221,10,6,1,0.413957,4.3527,0.5778,10.685
80,65,in,0.5221,10,7,1,0.475279,14.5741,0.5778,10.685
80,65,in,0.5221,11,0,1,0.562496,0.0522,0.5791,13.292
80,65,in,0.5221,11,1,1,0.493403,15.6298,179.9026,13.292
80,65,in,0.5221,11,2,1,0.522547,20.2010,179.9026,13.292
80,65,in,0.5221,11,3,1,0.484821,12.1552,1.5818,13.292
80,65,in,0.5221,11,4,1,0.483156,15.4089,0.5791,13.292
80,65,in,0.5221,11,5,1,0.476070,11.1529,179.9026,13.292
80,65,in,0.5221,11,6,1,0.466375,4.2455,0.5791,13.292
80,65,in,0.5221,11,7,1,0.495939,14.6332,0.5791,13.292
80,66,in,0.2523,0,0,1,0.777911,0.0552,0.0480,6814.135
80,66,in,0.2523,0,1,1,0.711103,24.5598,0.0480,6814.135
80,66,in,0.2523,0,2,1,0.705107,14.2703,179.5662,6814.135
80,66,in,0.2523,0,3,1,0.704436,23.6060,179.5662,6814.135
80,66,in,0.2523,0,4,1,0.703157,26.0551,0.0480,6814.135
80,66,in,0.2523,0,5,1,0.702743,17.3249,179.5662,6814.135
80,66,in,0.2523,0,6,1,0.700001,14.5936,0.0480,6814.135
80,66,in,0.2523,0,7,1,0.699982,14.7272,179.5662,6814.135
80,66,in,0.2523,1,0,1,0.747690,0.0466,0.4442,8.863
80,66,in,0.2523,1,1,1,0.635743,24.5331,0.5585,8.863
80,66,in,0.2523,1,2,1,0.646430,14.3978,179.9625,8.863
80,66,in,0.2523,1,3,1,0.657102,24.1117,179.9625,8.863
80,66,in,0.2523,1,4,1,0.642542,26.0466,0.4442,8.863
80,66,in,0.2523,1,5,1,0.639671,17.0934,179.9625,8.863
80,66,in,0.2523,1,6,1,0.648422,14.4883,0.5585,8.863
80,66,in,0.2523,1,7,1,0.672395,15.1511,179.9625,8.863
80,66,in,0.2523,2,0,1,0.775996,0.0466,0.2375,12.987
80,66,in,0.2523,2,1,1,0.658047,24.6055,0.2375,12.987
80,66,in,0.2523,2,2,1,0.663926,14.5948,179.7165,12.987
80,66,in,0.2523,2,3,1,0.705002,24.3822,179.7165,12.987
80,66,in,0.2523,2,4,1,0.663826,26.0450,0.2375,12.987
80,66,in,0.2523,2,5,1,0.661521,16.9615,179.7165,12.987
80,66,in,0.2523,2,6,1,0.658023,14.6023,0.2375,12.987
80,66,in,0.2523,2,7,1,0.682247,15.5946,179.7165,12.987
80,66,in,0.2523,3,0,1,0.747980,0.0635,0.3812,5.801
80,66,in,0.2523,3,1,1,0.619479,24.5170,0.3812,5.801
80,66,in,0.2523,3,2,1,0.653365,14.8971,179.8995,5.801
80,66,in,0.2523,3,3,1,0.656647,24.8019,179.8995,5.801
80,66,in,0.2523,3,4,1,0.611337,26.0635,0.3812,5.801
80,66,in,0.2523,3,5,1,0.647895,16.7901,179.8995,5.801
80,66,in,0.2523,3,6,1,0.629887,14.5820,0.3812,5.801
80,66,in,0.2523,3,7,1,0.663749,16.0162,179.8995,5.801
80,66,in,0.2523,4,0,1,0.774409,0.0385,0.2268,3.794
80,66,in,0.2523,4,1,1,0.619065,24.5023,0.2268,3.794
80,66,in,0.2523,4,2,1,0.643316,15.2924,179.2915,3.794
80,66,in,0.2523,4,3,1,0.667440,25.3454,179.2915,3.794
80,66,in,0.2523,4,4,1,0.602781,25.9476,0.2268,3.794
80,66,in,0.2523,4,5,1,0.623519,16.5249,179.2915,3.794
80,66,in,0.2523,4,6,1,0.617793,14.6690,0.2268,3.794
80,66,in,0.2523,4,7,1,0.677052,16.4051,179.7058,3.794
80,66,in,0.2523,5,0,1,0.736188,0.0597,0.0044,10.789
80,66,in,0.2523,5,1,1,0.591172,24.5308,0.0044,10.789
80,66,in,0.2523,5,2,1,0.634034,15.2919,179.5226,10.789
80,66,in,0.2523,5,3,1,0.658358,25.3478,179.5226,10.789
80,66,in,0.2523,5,4,1,0.586257,25.9085,0.0044,10.789
80,66,in,0.2523,5,5,1,0.602973,16.5438,179.5226,10.789
80,66,in,0.2523,5,6,1,0.596594,14.4156,0.0044,10.789
80,66,in,0.2523,5,7,1,0.644725,16.4185,179.4747,10.789
80,66,in,0.2523,6,0,1,0.740814,0.0569,0.2291,7.152
80,66,in,0.2523,6,1,1,0.607590,24.5444,0.7736,7.152
80,66,in,0.2523,6,2,1,0.615967,15.0123,179.7474,7.152
80,66,in,0.2523,6,3,1,0.639853,24.9601,179.7474,7.152
80,66,in,0.2523,6,4,1,0.600998,26.0202,0.7736,7.152
80,66,in,0.2523,6,5,1,0.620029,16.6604,179.7474,7.152
80,66,in,0.2523,6,6,1,0.622750,14.4148,0.2291,7.152
80,66,in,0.2523,6,7,1,0.648537,15.9787,179.7474,7.152
80,66,in,0.2523,7,0,1,0.768541,0.0756,0.3513,12.365
80,66,in,0.2523,7,1,1,0.642353,24.5367,0.6514,12.365
80,66,in,0.2523,7,2,1,0.647115,14.7238,179.8696,12.365
80,66,in,0.2523,7,3,1,0.654265,24.5361,179.8696,12.365
80,66,in,0.2523,7,4,1,0.640005,25.9548,0.6514,12.365
80,66,in,0.2523,7,5,1,0.636415,16.7896,179.8696,12.365
80,66,in,0.2523,7,6,1,0.648888,14.5075,0.6514,12.365
80,66,in,0.2523,7,7,1,0.670029,15.4940,179.8696,12.365
80,66,in,0.2523,8,0,1,0.744097,0.0608,0.4823,12.453
80,66,in,0.2523,8,1,1,0.660568,24.5891,0.4823,12.453
80,66,in,0.2523,8,2,1,0.667153,14.3990,179.9613,12.453
80,66,in,0.2523,8,3,1,0.685148,24.0574,179.9613,12.453
80,66,in,0.2523,8,4,1,0.666929,26.0494,0.4823,12.453
80,66,in,0.2523,8,5,1,0.656535,16.9994,179.9613,12.453
80,66,in,0.2523,8,6,1,0.669893,14.5868,0.4823,12.453
80,66,in,0.2523,8,7,1,0.690738,15.2294,179.9613,12.453
80,66,in,0.2523,9,0,1,0.744541,0.0420,0.3703,8.315
80,66,in,0.2523,9,1,1,0.656637,24.4477,0.3703,8.315
80,66,in,0.2523,9,2,1,0.659734,14.0975,179.1480,8.315
80,66,in,0.2523,9,3,1,0.679637,23.6154,179.8493,8.315
80,66,in,0.2523,9,4,1,0.651572,25.9551,0.3703,8.315
80,66,in,0.2523,9,5,1,0.655876,17.3207,179.8493,8.315
80,66,in,0.2523,9,6,1,0.676011,14.6212,0.3703,8.315
80,66,in,0.2523,9,7,1,0.666131,14.8472,179.8493,8.315
80,66,in,0.2523,10,0,1,0.795045,0.0324,0.6202,7.854
80,66,in,0.2523,10,1,1,0.714565,24.4575,0.3825,7.854
80,66,in,0.2523,10,2,1,0.710017,14.1624,179.1358,7.854
80,66,in,0.2523,10,3,1,0.723973,23.3364,179.8615,7.854
80,66,in,0.2523,10,4,1,0.701187,25.9628,0.6202,7.854
80,66,in,0.2523,10,5,1,0.717441,17.4890,179.8615,7.854
80,66,in,0.2523,10,6,1,0.721579,14.6718,0.3825,7.854
80,66,in,0.2523,10,7,1,0.743197,14.3158,179.8615,7.854
80,66,in,0.2523,11,0,1,0.788061,0.0345,0.5909,7.920
80,66,in,0.2523,11,1,1,0.712966,24.4502,0.4117,7.920
80,66,in,0.2523,11,2,1,0.724315,13.8005,179.8908,7.920
80,66,in,0.2523,11,3,1,0.736927,22.8366,179.8908,7.920
80,66,in,0.2523,11,4,1,0.719905,25.8870,0.5909,7.920
80,66,in,0.2523,11,5,1,0.717596,17.8105,179.8908,7.920
80,66,in,0.2523,11,6,1,0.725253,14.5048,0.5909,7.920
80,66,in,0.2523,11,7,1,0.741196,13.9358,179.8908,7.920
80,67,in,0.3853,0,0,1,0.613812,0.0391,0.3796,10752.047
80,67,in,0.3853,0,1,1,0.586522,17.7913,179.8979,10752.047
80,67,in,0.3853,0,2,1,0.573611,7.2615,0.3796,10752.047
80,67,in,0.3853,0,3,1,0.572813,12.5806,0.3796,10752.047
80,67,in,0.3853,0,4,1,0.571781,21.2767,179.8979,10752.047
80,67,in,0.3853,0,5,1,0.566445,9.4156,179.8979,10752.047
80,67,in,0.3853,0,6,1,0.565819,30.1608,179.8979,10752.047
80,67,in,0.3853,0,7,1,0.565745,9.1448,179.8979,10752.047
80,67,in,0.3853,1,0,1,0.641959,0.0241,0.2052,9.180
80,67,in,0.3853,1,1,1,0.580442,18.0116,178.6816,9.180
80,67,in,0.3853,1,2,1,0.582498,7.1764,1.8001,9.180
80,67,in,0.3853,1,3,1,0.582337,12.6873,1.8001,9.180
80,67,in,0.3853,1,4,1,0.567629,20.9064,179.6843,9.180
80,67,in,0.3853,1,5,1,0.587358,9.1619,178.6816,9.180
80,67,in,0.3853,1,6,1,0.573047,29.6183,178.6816,9.180
80,67,in,0.3853,1,7,1,0.576881,8.8036,178.6816,9.180
80,67,in,0.3853,2,0,1,0.662963,0.0432,0.5040,8.372
80,67,in,0.3853,2,1,1,0.608882,18.0462,179.9830,8.372
80,67,in,0.3853,2,2,1,0.595015,7.1525,0.4987,8.372
80,67,in,0.3853,2,3,1,0.604470,12.6688,0.4987,8.372
80,67,in,0.3853,2,4,1,0.577383,20.4778,179.9830,8.372
80,67,in,0.3853,2,5,1,0.609809,8.8644,179.9830,8.372
80,67,in,0.3853,2,6,1,0.607077,29.0970,179.9830,8.372
80,67,in,0.3853,2,7,1,0.602300,8.8666,179.9830,8.372
80,67,in,0.3853,3,0,1,0.662991,0.0413,0.1819,8.017
80,67,in,0.3853,3,1,1,0.610525,17.8368,179.6610,8.017
80,67,in,0.3853,3,2,1,0.601680,7.3496,0.1819,8.017
80,67,in,0.3853,3,3,1,0.604668,12.6632,0.8207,8.017
80,67,in,0.3853,3,4,1,0.597376,19.9454,179.6610,8.017
80,67,in,0.3853,3,5,1,0.605438,8.2483,179.6610,8.017
80,67,in,0.3853,3,6,1,0.607137,28.5585,179.6610,8.017
80,67,in,0.3853,3,7,1,0.589650,8.7833,179.6610,8.017
80,67,in,0.3853,4,0,1,0.722938,0.0430,0.6207,12.503
80,67,in,0.3853,4,1,1,0.666217,18.0901,179.8610,12.503
80,67,in,0.3853,4,2,1,0.664505,7.3516,0.6207,12.503
80,67,in,0.3853,4,3,1,0.662189,12.5760,0.6207,12.503
80,67,in,0.3853,4,4,1,0.662412,19.2865,179.8610,12.503
80,67,in,0.3853,4,5,1,0.646067,8.1665,179.8610,12.503
80,67,in,0.3853,4,6,1,0.667502,28.0260,179.8610,12.503
80,67,in,0.3853,4,7,1,0.659415,8.8913,179.8610,12.503
80,67,in,0.3853,5,0,1,0.654073,0.0558,0.1863,8.526
80,67,in,0.3853,5,1,1,0.599514,18.1205,179.6653,8.526
80,67,in,0.3853,5,2,1,0.603309,7.2328,0.8164,8.526
80,67,in,0.3853,5,3,1,0.576400,12.2864,0.8164,8.526
80,67,in,0.3853,5,4,1,0.584202,18.7281,179.6653,8.526
80,67,in,0.3853,5,5,1,0.602780,7.5924,179.6653,8.526
80,67,in,0.3853,5,6,1,0.593692,27.2546,179.6653,8.526
80,67,in,0.3853,5,7,1,0.594118,9.0026,179.6653,8.526
80,67,in,0.3853,6,0,1,0.683570,0.0632,0.2619,8.766
80,67,in,0.3853,6,1,1,0.610831,18.0227,179.7802,8.766
80,67,in,0.3853,6,2,1,0.620658,7.2215,0.2619,8.766
80,67,in,0.3853,6,3,1,0.594938,12.5364,0.2619,8.766
80,67,in,0.3853,6,4,1,0.590738,18.1996,179.7802,8.766
80,67,in,0.3853,6,5,1,0.597862,7.0822,179.7802,8.766
80,67,in,0.3853,6,6,1,0.604020,26.6658,179.7802,8.766
80,67,in,0.3853,6,7,1,0.588686,9.0148,179.7802,8.766
80,67,in,0.3853,7,0,1,0.615087,0.0379,0.4286,9.102
80,67,in,0.3853,7,1,1,0.512058,17.8456,179.9076,9.102
80,67,in,0.3853,7,2,1,0.519661,7.3138,0.4286,9.102
80,67,in,0.3853,7,3,1,0.497445,12.7837,0.4286,9.102
80,67,in,0.3853,7,4,1,0.498949,17.5705,179.9076,9.102
80,67,in,0.3853,7,5,1,0.515304,6.8118,179.9076,9.102
80,67,in,0.3853,7,6,1,0.510955,26.2239,179.9076,9.102
80,67,in,0.3853,7,7,1,0.505573,9.3504,179.9076,9.102
80,67,in,0.3853,8,0,1,0.608430,0.0321,0.2342,8.976
80,67,in,0.3853,8,1,1,0.525514,18.1050,179.7525,8.976
80,67,in,0.3853,8,2,1,0.531920,7.3080,0.2342,8.976
80,67,in,0.3853,8,3,1,0.526158,12.7796,0.2342,8.976
80,67,in,0.3853,8,4,1,0.512561,16.9019,179.2448,8.976
80,67,in,0.3853,8,5,1,0.527230,6.7628,178.2422,8.976
80,67,in,0.3853,8,6,1,0.522376,25.6290,179.7525,8.976
80,67,in,0.3853,8,7,1,0.534361,9.4866,179.7525,8.976
80,67,in,0.3853,9,0,1,0.702027,0.0305,0.6354,12.097
80,67,in,0.3853,9,1,1,0.632732,18.3855,179.8856,12.097
80,67,in,0.3853,9,2,1,0.635197,7.3098,0.6354,12.097
80,67,in,0.3853,9,3,1,0.593691,12.7834,0.6354,12.097
80,67,in,0.3853,9,4,1,0.613003,16.4326,179.8856,12.097
80,67,in,0.3853,9,5,1,0.619484,6.5111,179.8856,12.097
80,67,in,0.3853,9,6,1,0.614562,24.8697,179.8856,12.097
80,67,in,0.3853,9,7,1,0.621817,9.9324,179.8856,12.097
80,67,in,0.3853,10,0,1,0.671398,0.0175,0.2269,12.341
80,67,in,0.3853,10,1,1,0.612182,18.7075,179.7452,12.341
80,67,in,0.3853,10,2,1,0.624623,7.5006,0.2269,12.341
80,67,in,0.3853,10,3,1,0.596237,12.6105,0.2269,12.341
80,67,in,0.3853,10,4,1,0.593857,15.8466,179.2522,12.341
80,67,in,0.3853,10,5,1,0.606401,6.3778,179.7452,12.341
80,67,in,0.3853,10,6,1,0.599575,24.3800,179.7452,12.341
80,67,in,0.3853,10,7,1,0.576227,10.1923,179.7452,12.341
80,67,in,0.3853,11,0,1,0.666486,0.0124,0.0150,7.934
80,67,in,0.3853,11,1,1,0.573105,18.8676,179.4640,7.934
80,67,in,0.3853,11,2,1,0.611482,7.3967,0.0150,7.934
80,67,in,0.3853,11,3,1,0.571942,12.8698,0.0150,7.934
80,67,in,0.3853,11,4,1,0.561104,15.3203,179.4640,7.934
80,67,in,0.3853,11,5,1,0.599372,6.1265,179.4640,7.934
80,67,in,0.3853,11,6,1,0.569118,23.7614,179.5333,7.934
80,67,in,0.3853,11,7,1,0.570447,10.3036,179.5333,7.934
80,68,in,0.0857,0,0,1,0.895604,0.0551,0.4282,3969.151
80,68,in,0.0857,0,1,1,0.846131,19.8333,0.4282,3969.151
80,68,in,0.0857,0,2,1,0.837179,18.0544,0.4282,3969.151
80,68,in,0.0857,0,3,1,0.837055,12.7714,179.9465,3969.151
80,68,in,0.0857,0,4,1,0.834880,19.3133,179.9465,3969.151
80,68,in,0.0857,0,5,1,0.834875,32.6991,179.9465,3969.151
80,68,in,0.0857,0,6,1,0.834812,25.7854,0.4282,3969.151
80,68,in,0.0857,0,7,1,0.834282,17.0786,0.4282,3969.151
80,68,in,0.0857,1,0,1,0.892510,0.0544,0.1963,3.371
80,68,in,0.0857,1,1,1,0.840767,19.8307,0.1963,3.371
80,68,in,0.0857,1,2,1,0.830641,18.0545,0.1963,3.371
80,68,in,0.0857,1,3,1,0.833720,12.2181,179.6753,3.371
80,68,in,0.0857,1,4,1,0.840946,19.9180,179.6753,3.371
80,68,in,0.0857,1,5,1,0.831351,32.2848,179.6753,3.371
80,68,in,0.0857,1,6,1,0.826899,25.7809,0.1963,3.371
80,68,in,0.0857,1,7,1,0.821924,17.0727,0.1963,3.371
80,68,in,0.0857,2,0,1,0.869793,0.0956,0.4253,2.832
80,68,in,0.0857,2,1,1,0.800943,19.8600,0.4253,2.832
80,68,in,0.0857,2,2,1,0.796596,18.0513,0.4253,2.832
80,68,in,0.0857,2,3,1,0.794152,11.7399,179.9436,2.832
80,68,in,0.0857,2,4,1,0.794918,20.4535,179.9436,2.832
80,68,in,0.0857,2,5,1,0.801975,31.9089,179.9436,2.832
80,68,in,0.0857,2,6,1,0.794822,25.8338,0.4253,2.832
80,68,in,0.0857,2,7,1,0.776452,17.1458,0.5774,2.832
80,68,in,0.0857,3,0,1,0.864809,0.0488,0.6908,3.597
80,68,in,0.0857,3,1,1,0.781494,19.8638,0.6908,3.597
80,68,in,0.0857,3,2,1,0.786374,17.9583,0.6908,3.597
80,68,in,0.0857,3,3,1,0.776698,11.1511,179.8301,3.597
80,68,in,0.0857,3,4,1,0.776470,21.0455,178.8275,3.597
80,68,in,0.0857,3,5,1,0.781172,31.6524,178.8275,3.597
80,68,in,0.0857,3,6,1,0.781797,25.7646,0.6908,3.597
80,68,in,0.0857,3,7,1,0.778768,17.0473,0.6908,3.597
80,68,in,0.0857,4,0,1,0.905525,0.0572,0.4097,7.443
80,68,in,0.0857,4,1,1,0.805488,19.8705,0.4097,7.443
80,68,in,0.0857,4,2,1,0.801472,18.0571,0.4097,7.443
80,68,in,0.0857,4,3,1,0.784252,10.4799,179.1086,7.443
80,68,in,0.0857,4,4,1,0.797886,21.7004,179.1086,7.443
80,68,in,0.0857,4,5,1,0.803323,31.3602,179.1086,7.443
80,68,in,0.0857,4,6,1,0.813313,25.8470,0.4097,7.443
80,68,in,0.0857,4,7,1,0.791416,17.1594,0.4097,7.443
80,68,in,0.0857,5,0,1,0.910411,0.0449,0.1610,6.306
80,68,in,0.0857,5,1,1,0.815667,19.9105,0.1610,6.306
80,68,in,0.0857,5,2,1,0.814684,18.0571,0.1610,6.306
80,68,in,0.0857,5,3,1,0.800462,10.0130,179.6793,6.306
80,68,in,0.0857,5,4,1,0.806009,22.1286,179.6793,6.306
80,68,in,0.0857,5,5,1,0.818566,31.0609,179.6793,6.306
80,68,in,0.0857,5,6,1,0.822248,25.8444,0.1610,6.306
80,68,in,0.0857,5,7,1,0.791985,17.0631,0.1610,6.306
80,68,in,0.0857,6,0,1,0.888461,0.0575,0.1865,3.015
80,68,in,0.0857,6,1,1,0.786816,19.8552,0.1865,3.015
80,68,in,0.0857,6,2,1,0.786047,17.9509,0.1865,3.015
80,68,in,0.0857,6,3,1,0.794003,9.4900,179.7048,3.015
80,68,in,0.0857,6,4,1,0.787888,22.9175,179.7048,3.015
80,68,in,0.0857,6,5,1,0.799661,30.6524,179.7048,3.015
80,68,in,0.0857,6,6,1,0.792387,25.6846,0.1865,3.015
80,68,in,0.0857,6,7,1,0.778336,17.3270,0.1865,3.015
80,68,in,0.0857,7,0,1,0.853139,0.0473,0.0744,15.334
80,68,in,0.0857,7,1,1,0.737129,19.8447,0.0744,15.334
80,68,in,0.0857,7,2,1,0.745507,18.0383,0.0744,15.334
80,68,in,0.0857,7,3,1,0.748033,8.9139,179.5534,15.334
80,68,in,0.0857,7,4,1,0.749963,23.2565,179.5534,15.334
80,68,in,0.0857,7,5,1,0.759521,30.2033,179.5534,15.334
80,68,in,0.0857,7,6,1,0.744569,25.8903,0.0744,15.334
80,68,in,0.0857,7,7,1,0.740207,17.0520,0.0744,15.334
80,68,in,0.0857,8,0,1,0.856304,0.0332,0.1090,3.564
80,68,in,0.0857,8,1,1,0.768714,19.9475,0.1090,3.564
80,68,in,0.0857,8,2,1,0.775185,18.0150,0.1090,3.564
80,68,in,0.0857,8,3,1,0.758119,8.5149,179.3701,3.564
80,68,in,0.0857,8,4,1,0.751134,24.0431,179.3701,3.564
80,68,in,0.0857,8,5,1,0.759326,29.8301,179.6273,3.564
80,68,in,0.0857,8,6,1,0.778057,25.7990,0.1090,3.564
80,68,in,0.0857,8,7,1,0.754713,17.0582,0.1090,3.564
80,68,in,0.0857,9,0,1,0.898049,0.0217,0.2262,8.362
80,68,in,0.0857,9,1,1,0.808827,19.8287,0.2262,8.362
80,68,in,0.0857,9,2,1,0.817730,18.0153,0.2262,8.362
80,68,in,0.0857,9,3,1,0.798202,8.3410,179.7445,8.362
80,68,in,0.0857,9,4,1,0.797514,24.4358,179.7445,8.362
80,68,in,0.0857,9,5,1,0.812551,29.3507,179.7445,8.362
80,68,in,0.0857,9,6,1,0.809212,25.7397,0.2262,8.362
80,68,in,0.0857,9,7,1,0.786125,17.1652,0.2262,8.362
80,68,in,0.0857,10,0,1,0.922160,0.0161,0.1446,3.936
80,68,in,0.0857,10,1,1,0.810971,19.7839,0.1446,3.936
80,68,in,0.0857,10,2,1,0.815411,18.0102,0.1446,3.936
80,68,in,0.0857,10,3,1,0.807029,7.6027,179.6237,3.936
80,68,in,0.0857,10,4,1,0.809400,25.0336,179.6237,3.936
80,68,in,0.0857,10,5,1,0.806323,28.9683,179.6237,3.936
80,68,in,0.0857,10,6,1,0.814131,25.7384,0.1446,3.936
80,68,in,0.0857,10,7,1,0.792481,17.4512,0.1446,3.936
80,68,in,0.0857,11,0,1,0.872266,0.0385,0.2393,3.289
80,68,in,0.0857,11,1,1,0.781922,19.9007,0.2393,3.289
80,68,in,0.0857,11,2,1,0.778795,18.0382,0.2393,3.289
80,68,in,0.0857,11,3,1,0.772419,7.2014,179.7184,3.289
80,68,in,0.0857,11,4,1,0.773044,25.6002,179.7184,3.289
80,68,in,0.0857,11,5,1,0.784321,28.6258,179.7184,3.289
80,68,in,0.0857,11,6,1,0.771991,25.9147,0.2393,3.289
80,68,in,0.0857,11,7,1,0.754609,17.3656,0.2393,3.289
80,69,in,0.0792,0,0,1,0.897690,0.0367,0.1018,2330.010
80,69,in,0.0792,0,1,1,0.840938,24.5412,179.5809,2330.010
80,69,in,0.0792,0,2,1,0.837721,19.8190,179.5809,2330.010
80,69,in,0.0792,0,3,1,0.837066,31.0133,0.1018,2330.010
80,69,in,0.0792,0,4,1,0.834856,37.8155,0.1018,2330.010
80,69,in,0.0792,0,5,1,0.832873,26.8819,179.5809,2330.010
80,69,in,0.0792,0,6,1,0.831761,30.7745,179.5809,2330.010
80,69,in,0.0792,0,7,1,0.831597,17.5973,179.5809,2330.010
80,69,in,0.0792,1,0,1,0.891302,0.0425,0.4125,2.572
80,69,in,0.0792,1,1,1,0.805213,24.0988,179.9308,2.572
80,69,in,0.0792,1,2,1,0.800105,20.2494,179.9308,2.572
80,69,in,0.0792,1,3,1,0.820223,30.9447,0.4125,2.572
80,69,in,0.0792,1,4,1,0.814197,37.8218,0.4125,2.572
80,69,in,0.0792,1,5,1,0.812625,26.8486,179.9308,2.572
80,69,in,0.0792,1,6,1,0.802081,30.8638,179.9308,2.572
80,69,in,0.0792,1,7,1,0.799422,16.9433,179.9308,2.572
80,69,in,0.0792,2,0,1,0.911762,0.0313,0.1937,7.382
80,69,in,0.0792,2,1,1,0.797437,23.5705,179.7120,7.382
80,69,in,0.0792,2,2,1,0.799508,20.4808,179.7120,7.382
80,69,in,0.0792,2,3,1,0.788285,30.9562,0.1937,7.382
80,69,in,0.0792,2,4,1,0.794752,37.8153,0.1937,7.382
80,69,in,0.0792,2,5,1,0.792537,26.3649,179.7120,7.382
80,69,in,0.0792,2,6,1,0.802588,30.7612,179.7120,7.382
80,69,in,0.0792,2,7,1,0.782001,16.7455,179.7120,7.382
80,69,in,0.0792,3,0,1,0.883806,0.0384,0.4302,11.548
80,69,in,0.0792,3,1,1,0.799044,22.9704,179.9092,11.548
80,69,in,0.0792,3,2,1,0.803264,20.7950,179.9092,11.548
80,69,in,0.0792,3,3,1,0.810971,30.9484,0.4302,11.548
80,69,in,0.0792,3,4,1,0.796076,37.8083,0.4302,11.548
80,69,in,0.0792,3,5,1,0.794053,26.4960,179.9092,11.548
80,69,in,0.0792,3,6,1,0.794456,30.6090,179.9092,11.548
80,69,in,0.0792,3,7,1,0.793237,16.0087,179.9092,11.548
80,69,in,0.0792,4,0,1,0.934423,0.0251,0.4629,3.222
80,69,in,0.0792,4,1,1,0.842301,22.4345,179.9419,3.222
80,69,in,0.0792,4,2,1,0.831894,21.3462,179.9419,3.222
80,69,in,0.0792,4,3,1,0.821681,30.9669,0.4629,3.222
80,69,in,0.0792,4,4,1,0.826970,37.8160,0.4629,3.222
80,69,in,0.0792,4,5,1,0.832452,26.3265,179.9419,3.222
80,69,in,0.0792,4,6,1,0.830307,30.3618,179.9419,3.222
80,69,in,0.0792,4,7,1,0.829802,15.5336,179.9419,3.222
80,69,in,0.0792,5,0,1,0.892103,0.0307,0.3603,6.842
80,69,in,0.0792,5,1,1,0.800095,22.0142,179.8393,6.842
80,69,in,0.0792,5,2,1,0.799594,21.6050,179.8393,6.842
80,69,in,0.0792,5,3,1,0.792754,30.9639,0.3603,6.842
80,69,in,0.0792,5,4,1,0.795156,37.8219,0.3603,6.842
80,69,in,0.0792,5,5,1,0.793563,26.3276,179.8393,6.842
80,69,in,0.0792,5,6,1,0.788716,30.5549,179.8393,6.842
80,69,in,0.0792,5,7,1,0.792193,15.4853,179.8393,6.842
80,69,in,0.0792,6,0,1,0.905491,0.0364,0.3105,2.847
80,69,in,0.0792,6,1,1,0.801637,21.5918,179.8287,2.847
80,69,in,0.0792,6,2,1,0.798542,22.1016,179.8287,2.847
80,69,in,0.0792,6,3,1,0.794493,30.9079,0.3105,2.847
80,69,in,0.0792,6,4,1,0.794556,37.8282,0.3105,2.847
80,69,in,0.0792,6,5,1,0.790011,26.3046,179.8287,2.847
80,69,in,0.0792,6,6,1,0.786603,30.7371,179.8287,2.847
80,69,in,0.0792,6,7,1,0.773188,15.2060,179.8287,2.847
80,69,in,0.0792,7,0,1,0.902024,0.0291,0.1755,7.285
80,69,in,0.0792,7,1,1,0.791010,21.2268,179.6938,7.285
80,69,in,0.0792,7,2,1,0.806175,22.6403,179.6938,7.285
80,69,in,0.0792,7,3,1,0.799739,30.9676,0.1755,7.285
80,69,in,0.0792,7,4,1,0.784287,37.8211,0.1755,7.285
80,69,in,0.0792,7,5,1,0.793054,26.3297,179.6938,7.285
80,69,in,0.0792,7,6,1,0.778753,30.7706,179.6938,7.285
80,69,in,0.0792,7,7,1,0.780225,14.6088,179.6938,7.285
80,69,in,0.0792,8,0,1,0.868102,0.0291,0.3682,15.225
80,69,in,0.0792,8,1,1,0.768767,20.5084,179.8865,15.225
80,69,in,0.0792,8,2,1,0.772760,22.9715,179.8865,15.225
80,69,in,0.0792,8,3,1,0.772117,30.8987,0.3682,15.225
80,69,in,0.0792,8,4,1,0.771677,37.7884,0.3682,15.225
80,69,in,0.0792,8,5,1,0.760318,26.2055,179.8865,15.225
80,69,in,0.0792,8,6,1,0.764156,30.6992,179.8865,15.225
80,69,in,0.0792,8,7,1,0.758081,14.5557,179.8865,15.225
80,69,in,0.0792,9,0,1,0.886307,0.0614,0.2176,3.092
80,69,in,0.0792,9,1,1,0.791122,20.2633,179.6967,3.092
80,69,in,0.0792,9,2,1,0.791999,23.4319,179.6967,3.092
80,69,in,0.0792,9,3,1,0.790185,31.0426,0.2176,3.092
80,69,in,0.0792,9,4,1,0.793927,37.7104,0.2176,3.092
80,69,in,0.0792,9,5,1,0.795890,26.2318,179.3007,3.092
80,69,in,0.0792,9,6,1,0.781594,30.8615,179.6967,3.092
80,69,in,0.0792,9,7,1,0.785150,14.4814,179.6967,3.092
80,69,in,0.0792,10,0,1,0.907049,0.0648,0.1988,13.261
80,69,in,0.0792,10,1,1,0.827365,19.8947,179.6778,13.261
80,69,in,0.0792,10,2,1,0.822377,23.9117,179.6778,13.261
80,69,in,0.0792,10,3,1,0.822555,30.9859,0.1988,13.261
80,69,in,0.0792,10,4,1,0.817888,37.7440,0.1988,13.261
80,69,in,0.0792,10,5,1,0.810975,26.0960,179.6778,13.261
80,69,in,0.0792,10,6,1,0.810888,30.9155,179.6778,13.261
80,69,in,0.0792,10,7,1,0.798421,13.8278,179.6778,13.261
80,69,in,0.0792,11,0,1,0.864922,0.0683,0.2620,11.081
80,69,in,0.0792,11,1,1,0.782623,19.5416,179.7803,11.081
80,69,in,0.0792,11,2,1,0.772799,24.3032,179.7803,11.081
80,69,in,0.0792,11,3,1,0.778941,30.9254,0.2620,11.081
80,69,in,0.0792,11,4,1,0.781107,37.7698,0.2620,11.081
80,69,in,0.0792,11,5,1,0.766403,26.2032,179.7803,11.081
80,69,in,0.0792,11,6,1,0.778350,31.1091,179.7803,11.081
80,69,in,0.0792,11,7,1,0.765132,13.3257,179.7803,11.081
80,70,in,0.7705,0,-1,0,0,0,0,31973.001
80,70,in,0.7705,1,-1,0,0,0,0,0.000
80,70,in,0.7705,2,-1,0,0,0,0,0.000
80,70,in,0.7705,3,-1,0,0,0,0,0.000
80,70,in,0.7705,4,-1,0,0,0,0,0.000
80,70,in,0.7705,5,-1,0,0,0,0,0.000
80,70,in,0.7705,6,-1,0,0,0,0,0.000
80,70,in,0.7705,7,-1,0,0,0,0,0.000
80,70,in,0.7705,8,-1,0,0,0,0,0.000
80,70,in,0.7705,9,-1,0,0,0,0,0.000
80,70,in,0.7705,10,-1,0,0,0,0,0.000
80,70,in,0.7705,11,-1,0,0,0,0,0.000
80,71,in,0.5359,0,0,1,0.597955,0.0566,0.4445,8291.369
80,71,in,0.5359,0,1,1,0.553379,6.5978,179.9627,8291.369
80,71,in,0.5359,0,2,1,0.542090,28.8991,179.9627,8291.369
80,71,in,0.5359,0,3,1,0.514856,12.1663,179.9627,8291.369
80,71,in,0.5359,0,4,1,0.505102,6.2791,179.9627,8291.369
80,71,in,0.5359,0,5,1,0.503677,22.2665,0.4445,8291.369
80,71,in,0.5359,0,6,1,0.498152,30.5581,0.4445,8291.369
80,71,in,0.5359,0,7,1,0.497489,29.9525,0.4445,8291.369
80,71,in,0.5359,1,0,1,0.574792,0.0552,0.4078,6.259
80,71,in,0.5359,1,1,1,0.472798,6.1603,179.9261,6.259
80,71,in,0.5359,1,2,1,0.448781,28.4680,179.9261,6.259
80,71,in,0.5359,1,3,1,0.417738,11.5168,179.9261,6.259
80,71,in,0.5359,1,4,1,0.410799,5.8089,179.9261,6.259
80,71,in,0.5359,1,5,1,0.416466,21.9879,0.4078,6.259
80,71,in,0.5359,1,6,1,0.396190,30.6168,0.5949,6.259
80,71,in,0.5359,1,7,1,0.380038,30.0444,1.5976,6.259
80,71,in,0.5359,2,0,1,0.632902,0.0640,0.2959,5.886
80,71,in,0.5359,2,1,1,0.520589,5.7970,179.7749,5.886
80,71,in,0.5359,2,2,1,0.481765,28.0360,179.7749,5.886
80,71,in,0.5359,2,3,1,0.473865,11.0196,179.7749,5.886
80,71,in,0.5359,2,4,1,0.426536,5.3367,179.7749,5.886
80,71,in,0.5359,2,5,1,0.443889,21.7001,0.7068,5.886
80,71,in,0.5359,2,6,1,0.436074,30.4047,0.7068,5.886
80,71,in,0.5359,2,7,1,0.464014,29.9598,0.7068,5.886
80,71,in,0.5359,3,0,1,0.470036,0.0756,0.2274,6.440
80,71,in,0.5359,3,1,1,0.421276,5.3344,179.7065,6.440
80,71,in,0.5359,3,2,1,0.400395,27.3949,179.7065,6.440
80,71,in,0.5359,3,3,1,0.391252,10.5837,179.7065,6.440
80,71,in,0.5359,3,4,1,0.394626,4.8490,179.2909,6.440
80,71,in,0.5359,3,5,1,0.376694,21.4239,0.2274,6.440
80,71,in,0.5359,3,6,1,0.395191,30.4066,0.2274,6.440
80,71,in,0.5359,3,7,1,0.397920,30.0532,0.2274,6.440
80,71,in,0.5359,4,0,1,0.492028,0.0656,0.0789,6.326
80,71,in,0.5359,4,1,1,0.431934,4.9099,179.5972,6.326
80,71,in,0.5359,4,2,1,0.412955,26.8790,179.5972,6.326
80,71,in,0.5359,4,3,1,0.397944,10.0060,179.5972,6.326
80,71,in,0.5359,4,4,1,0.405278,4.2320,179.5972,6.326
80,71,in,0.5359,4,5,1,0.399734,21.6867,0.0789,6.326
80,71,in,0.5359,4,6,1,0.392359,30.3031,0.0789,6.326
80,71,in,0.5359,4,7,1,0.410317,30.0502,0.0789,6.326
80,71,in,0.5359,5,0,1,0.527232,0.0604,0.4225,5.369
80,71,in,0.5359,5,1,1,0.494601,4.4706,179.9015,5.369
80,71,in,0.5359,5,2,1,0.478465,26.6368,179.0958,5.369
80,71,in,0.5359,5,3,1,0.459981,9.4993,179.9015,5.369
80,71,in,0.5359,5,4,1,0.435438,4.0507,178.8988,5.369
80,71,in,0.5359,5,5,1,0.448550,21.9574,0.4225,5.369
80,71,in,0.5359,5,6,1,0.453790,30.1563,1.4252,5.369
80,71,in,0.5359,5,7,1,0.423527,29.9637,0.5802,5.369
80,71,in,0.5359,6,0,1,0.537484,0.0856,0.0604,6.102
80,71,in,0.5359,6,1,1,0.449922,4.2064,179.5787,6.102
80,71,in,0.5359,6,2,1,0.464032,26.1960,179.5787,6.102
80,71,in,0.5359,6,3,1,0.441435,9.1336,179.5787,6.102
80,71,in,0.5359,6,4,1,0.451184,3.5913,176.5706,6.102
80,71,in,0.5359,6,5,1,0.425004,22.2559,0.0604,6.102
80,71,in,0.5359,6,6,1,0.428732,30.3398,0.0604,6.102
80,71,in,0.5359,6,7,1,0.440519,30.0763,1.9450,6.102
80,71,in,0.5359,7,0,1,0.530591,0.0611,0.2609,5.730
80,71,in,0.5359,7,1,1,0.446203,3.8114,178.2547,5.730
80,71,in,0.5359,7,2,1,0.414271,25.7241,178.7372,5.730
80,71,in,0.5359,7,3,1,0.432468,8.6351,178.7372,5.730
80,71,in,0.5359,7,4,1,0.427300,3.4924,179.7399,5.730
80,71,in,0.5359,7,5,1,0.431811,22.1599,1.2636,5.730
80,71,in,0.5359,7,6,1,0.436507,30.5607,1.2636,5.730
80,71,in,0.5359,7,7,1,0.424351,30.0920,0.2609,5.730
80,71,in,0.5359,8,0,1,0.606243,0.0601,0.1106,5.640
80,71,in,0.5359,8,1,1,0.514736,3.5325,179.5896,5.640
80,71,in,0.5359,8,2,1,0.503249,25.2942,179.4077,5.640
80,71,in,0.5359,8,3,1,0.532793,8.0704,179.4077,5.640
80,71,in,0.5359,8,4,1,0.502260,3.4228,178.4050,5.640
80,71,in,0.5359,8,5,1,0.477841,21.8993,1.1133,5.640
80,71,in,0.5359,8,6,1,0.499739,30.3484,1.1133,5.640
80,71,in,0.5359,8,7,1,0.486943,30.0903,0.1106,5.640
80,71,in,0.5359,9,0,1,0.530605,0.0500,0.3064,5.735
80,71,in,0.5359,9,1,1,0.479263,3.4277,179.2119,5.735
80,71,in,0.5359,9,2,1,0.469109,24.7345,179.7855,5.735
80,71,in,0.5359,9,3,1,0.460175,7.6783,179.7855,5.735
80,71,in,0.5359,9,4,1,0.469561,3.3328,179.7855,5.735
80,71,in,0.5359,9,5,1,0.441959,22.1896,0.3064,5.735
80,71,in,0.5359,9,6,1,0.467451,30.4351,0.3064,5.735
80,71,in,0.5359,9,7,1,0.430895,29.9851,0.6962,5.735
80,71,in,0.5359,10,0,1,0.550725,0.0654,0.5879,5.328
80,71,in,0.5359,10,1,1,0.486370,3.2226,179.0642,5.328
80,71,in,0.5359,10,2,1,0.469629,24.4757,179.0642,5.328
80,71,in,0.5359,10,3,1,0.475264,7.2061,179.0642,5.328
80,71,in,0.5359,10,4,1,0.469683,3.5314,179.9331,5.328
80,71,in,0.5359,10,5,1,0.443884,22.4753,0.4148,5.328
80,71,in,0.5359,10,6,1,0.464275,30.6646,0.5879,5.328
80,71,in,0.5359,10,7,1,0.460918,29.9733,0.4148,5.328
80,71,in,0.5359,11,0,1,0.500017,0.0553,0.1460,6.139
80,71,in,0.5359,11,1,1,0.411066,3.2396,179.6643,6.139
80,71,in,0.5359,11,2,1,0.417289,24.0097,179.6643,6.139
80,71,in,0.5359,11,3,1,0.424802,6.7497,179.3330,6.139
80,71,in,0.5359,11,4,1,0.408873,3.7728,179.3330,6.139
80,71,in,0.5359,11,5,1,0.384234,22.2772,0.1460,6.139
80,71,in,0.5359,11,6,1,0.390482,30.4227,0.1460,6.139
80,71,in,0.5359,11,7,1,0.392471,29.9730,0.1460,6.139
80,72,in,0.3168,0,0,1,0.680224,0.0621,0.0489,6701.383
80,72,in,0.3168,0,1,1,0.629115,19.1462,0.0489,6701.383
80,72,in,0.3168,0,2,1,0.626564,10.2686,179.4693,6701.383
80,72,in,0.3168,0,3,1,0.623640,18.0620,0.0489,6701.383
80,72,in,0.3168,0,4,1,0.623274,16.4379,179.4693,6701.383
80,72,in,0.3168,0,5,1,0.623159,24.3820,179.4693,6701.383
80,72,in,0.3168,0,6,1,0.622032,23.7728,179.4693,6701.383
80,72,in,0.3168,0,7,1,0.621794,17.2612,179.4693,6701.383
80,72,in,0.3168,1,0,1,0.679681,0.0978,0.3957,12.525
80,72,in,0.3168,1,1,1,0.624663,19.0782,0.3957,12.525
80,72,in,0.3168,1,2,1,0.624327,10.9132,179.8747,12.525
80,72,in,0.3168,1,3,1,0.614466,18.0594,0.3957,12.525
80,72,in,0.3168,1,4,1,0.607320,16.9058,179.8747,12.525
80,72,in,0.3168,1,5,1,0.619968,24.1622,179.8747,12.525
80,72,in,0.3168,1,6,1,0.611310,24.0606,179.8747,12.525
80,72,in,0.3168,1,7,1,0.623407,17.4513,179.8747,12.525
80,72,in,0.3168,2,0,1,0.738044,0.0580,0.1117,12.275
80,72,in,0.3168,2,1,1,0.646900,18.9803,0.1117,12.275
80,72,in,0.3168,2,2,1,0.656075,10.6418,179.6300,12.275
80,72,in,0.3168,2,3,1,0.647521,18.0566,0.8909,12.275
80,72,in,0.3168,2,4,1,0.640049,16.9030,179.6300,12.275
80,72,in,0.3168,2,5,1,0.679649,23.8689,179.6300,12.275
80,72,in,0.3168,2,6,1,0.648311,24.3268,179.6300,12.275
80,72,in,0.3168,2,7,1,0.660522,17.7651,179.6300,12.275
80,72,in,0.3168,3,0,1,0.656210,0.0429,0.3370,13.532
80,72,in,0.3168,3,1,1,0.584438,19.0699,0.3370,13.532
80,72,in,0.3168,3,2,1,0.594188,10.5465,179.8161,13.532
80,72,in,0.3168,3,3,1,0.596361,18.0644,0.3370,13.532
80,72,in,0.3168,3,4,1,0.585879,16.7859,179.8161,13.532
80,72,in,0.3168,3,5,1,0.588822,23.9786,179.8161,13.532
80,72,in,0.3168,3,6,1,0.599532,24.2311,179.8161,13.532
80,72,in,0.3168,3,7,1,0.626909,17.7304,179.8161,13.532
80,72,in,0.3168,4,0,1,0.701630,0.0634,0.2127,8.355
80,72,in,0.3168,4,1,1,0.635937,19.1784,0.2127,8.355
80,72,in,0.3168,4,2,1,0.640547,10.4715,179.7310,8.355
80,72,in,0.3168,4,3,1,0.596675,18.0604,0.2127,8.355
80,72,in,0.3168,4,4,1,0.619126,16.2693,179.7310,8.355
80,72,in,0.3168,4,5,1,0.667541,23.7695,179.7310,8.355
80,72,in,0.3168,4,6,1,0.645545,24.1513,179.7310,8.355
80,72,in,0.3168,4,7,1,0.642954,17.7988,179.7310,8.355
80,72,in,0.3168,5,0,1,0.697259,0.0538,0.2498,8.972
80,72,in,0.3168,5,1,1,0.634569,19.0899,0.2498,8.972
80,72,in,0.3168,5,2,1,0.615514,10.3980,179.7681,8.972
80,72,in,0.3168,5,3,1,0.604613,18.0368,0.2498,8.972
80,72,in,0.3168,5,4,1,0.594722,15.7016,179.7681,8.972
80,72,in,0.3168,5,5,1,0.640845,23.7017,179.7681,8.972
80,72,in,0.3168,5,6,1,0.623785,23.9598,179.7681,8.972
80,72,in,0.3168,5,7,1,0.634921,17.4362,179.7681,8.972
80,72,in,0.3168,6,0,1,0.679432,0.0592,0.0300,8.118
80,72,in,0.3168,6,1,1,0.629341,19.0831,0.0300,8.118
80,72,in,0.3168,6,2,1,0.628501,10.5707,179.5483,8.118
80,72,in,0.3168,6,3,1,0.612264,18.0438,0.0300,8.118
80,72,in,0.3168,6,4,1,0.600705,15.1587,179.5483,8.118
80,72,in,0.3168,6,5,1,0.634203,23.7443,179.5483,8.118
80,72,in,0.3168,6,6,1,0.624838,23.7081,179.5483,8.118
80,72,in,0.3168,6,7,1,0.661202,17.3010,179.5483,8.118
80,72,in,0.3168,7,0,1,0.723069,0.0584,0.3348,7.711
80,72,in,0.3168,7,1,1,0.652717,19.0847,0.3348,7.711
80,72,in,0.3168,7,2,1,0.657554,10.0617,179.8138,7.711
80,72,in,0.3168,7,3,1,0.652842,18.0417,0.3348,7.711
80,72,in,0.3168,7,4,1,0.646380,14.5774,179.8138,7.711
80,72,in,0.3168,7,5,1,0.678163,23.7500,179.8138,7.711
80,72,in,0.3168,7,6,1,0.642830,23.1490,179.8138,7.711
80,72,in,0.3168,7,7,1,0.664828,17.0412,179.8138,7.711
80,72,in,0.3168,8,0,1,0.696933,0.0725,0.0570,8.540
80,72,in,0.3168,8,1,1,0.631055,19.0878,0.0570,8.540
80,72,in,0.3168,8,2,1,0.620463,9.8112,179.4221,8.540
80,72,in,0.3168,8,3,1,0.631697,18.0308,0.0570,8.540
80,72,in,0.3168,8,4,1,0.609016,13.9768,179.4221,8.540
80,72,in,0.3168,8,5,1,0.644643,23.6228,179.4221,8.540
80,72,in,0.3168,8,6,1,0.621090,22.8183,179.5753,8.540
80,72,in,0.3168,8,7,1,0.652901,16.9409,179.4221,8.540
80,72,in,0.3168,9,0,1,0.684974,0.0449,0.1924,8.264
80,72,in,0.3168,9,1,1,0.627064,19.1705,0.1924,8.264
80,72,in,0.3168,9,2,1,0.606550,9.9589,179.7107,8.264
80,72,in,0.3168,9,3,1,0.608079,18.0460,0.8102,8.264
80,72,in,0.3168,9,4,1,0.585598,13.4421,179.2866,8.264
80,72,in,0.3168,9,5,1,0.610429,23.5460,179.7107,8.264
80,72,in,0.3168,9,6,1,0.621210,22.8479,179.2866,8.264
80,72,in,0.3168,9,7,1,0.629765,17.0282,179.2866,8.264
80,72,in,0.3168,10,0,1,0.688161,0.0850,0.1189,7.502
80,72,in,0.3168,10,1,1,0.633010,19.1651,0.1189,7.502
80,72,in,0.3168,10,2,1,0.620879,9.6230,179.5979,7.502
80,72,in,0.3168,10,3,1,0.612488,18.0478,0.8838,7.502
80,72,in,0.3168,10,4,1,0.607510,12.7973,179.5979,7.502
80,72,in,0.3168,10,5,1,0.607428,23.7054,179.3994,7.502
80,72,in,0.3168,10,6,1,0.613738,22.3088,179.5979,7.502
80,72,in,0.3168,10,7,1,0.640265,16.9194,179.5979,7.502
80,72,in,0.3168,11,0,1,0.711403,0.0588,0.6592,8.083
80,72,in,0.3168,11,1,1,0.637429,19.1924,0.3435,8.083
80,72,in,0.3168,11,2,1,0.628165,9.7389,179.8225,8.083
80,72,in,0.3168,11,3,1,0.653563,17.9557,0.3435,8.083
80,72,in,0.3168,11,4,1,0.612819,12.0971,179.8225,8.083
80,72,in,0.3168,11,5,1,0.646846,23.8661,179.8225,8.083
80,72,in,0.3168,11,6,1,0.621082,22.0856,179.8225,8.083
80,72,in,0.3168,11,7,1,0.663800,16.8440,179.8225,8.083
80,73,in,0.4136,0,0,1,0.616222,0.0298,0.0943,7367.925
80,73,in,0.4136,0,1,1,0.590769,19.2074,179.3848,7367.925
80,73,in,0.4136,0,2,1,0.588176,31.8687,179.6125,7367.925
80,73,in,0.4136,0,3,1,0.587883,18.7969,0.9084,7367.925
80,73,in,0.4136,0,4,1,0.586374,38.2470,179.6125,7367.925
80,73,in,0.4136,0,5,1,0.585747,37.4778,179.6125,7367.925
80,73,in,0.4136,0,6,1,0.584728,14.9309,179.3848,7367.925
80,73,in,0.4136,0,7,1,0.583974,22.0443,1.0969,7367.925
80,73,in,0.4136,1,0,1,0.674544,0.0356,1.0643,5.739
80,73,in,0.4136,1,1,1,0.647309,18.8579,179.4567,5.739
80,73,in,0.4136,1,2,1,0.617223,32.2661,178.4540,5.739
80,73,in,0.4136,1,3,1,0.640996,18.8084,1.0643,5.739
80,73,in,0.4136,1,4,1,0.630256,38.3400,179.4567,5.739
80,73,in,0.4136,1,5,1,0.627094,37.3784,179.4567,5.739
80,73,in,0.4136,1,6,1,0.642351,15.4648,179.4567,5.739
80,73,in,0.4136,1,7,1,0.633392,21.8547,1.0643,5.739
80,73,in,0.4136,2,0,1,0.612833,0.0476,0.2393,6.098
80,73,in,0.4136,2,1,1,0.561756,17.9968,179.7576,6.098
80,73,in,0.4136,2,2,1,0.529078,32.5603,179.7576,6.098
80,73,in,0.4136,2,3,1,0.543627,19.0914,0.2393,6.098
80,73,in,0.4136,2,4,1,0.535321,38.2293,179.7576,6.098
80,73,in,0.4136,2,5,1,0.548544,37.4971,179.7576,6.098
80,73,in,0.4136,2,6,1,0.570931,15.9812,179.7576,6.098
80,73,in,0.4136,2,7,1,0.551501,22.1412,0.2393,6.098
80,73,in,0.4136,3,0,1,0.699272,0.0442,0.1918,4.816
80,73,in,0.4136,3,1,1,0.653565,17.5693,179.2873,4.816
80,73,in,0.4136,3,2,1,0.591424,32.8139,179.2873,4.816
80,73,in,0.4136,3,3,1,0.648295,19.2032,0.1918,4.816
80,73,in,0.4136,3,4,1,0.596993,37.8504,179.2873,4.816
80,73,in,0.4136,3,5,1,0.616741,37.2929,179.2873,4.816
80,73,in,0.4136,3,6,1,0.630678,16.2298,179.7101,4.816
80,73,in,0.4136,3,7,1,0.641254,22.4477,0.1918,4.816
80,73,in,0.4136,4,0,1,0.639915,0.0572,0.1624,5.162
80,73,in,0.4136,4,1,1,0.605640,17.0855,179.6807,5.162
80,73,in,0.4136,4,2,1,0.595382,33.2608,179.6807,5.162
80,73,in,0.4136,4,3,1,0.594763,18.9355,0.1624,5.162
80,73,in,0.4136,4,4,1,0.572144,37.9956,179.6807,5.162
80,73,in,0.4136,4,5,1,0.593699,37.1582,179.6807,5.162
80,73,in,0.4136,4,6,1,0.610118,16.8453,179.6807,5.162
80,73,in,0.4136,4,7,1,0.596829,22.2721,0.1624,5.162
80,73,in,0.4136,5,0,1,0.605550,0.0545,0.1283,3.928
80,73,in,0.4136,5,1,1,0.565718,16.2885,179.6073,3.928
80,73,in,0.4136,5,2,1,0.544263,33.7466,179.6073,3.928
80,73,in,0.4136,5,3,1,0.557747,18.9320,0.8744,3.928
80,73,in,0.4136,5,4,1,0.536555,38.2826,179.6073,3.928
80,73,in,0.4136,5,5,1,0.559060,37.4577,179.6073,3.928
80,73,in,0.4136,5,6,1,0.551630,17.5171,179.6073,3.928
80,73,in,0.4136,5,7,1,0.551275,21.9800,0.8744,3.928
80,73,in,0.4136,6,0,1,0.660632,0.0541,0.0580,4.858
80,73,in,0.4136,6,1,1,0.604786,15.9856,179.4603,4.858
80,73,in,0.4136,6,2,1,0.562277,34.2460,179.5370,4.858
80,73,in,0.4136,6,3,1,0.597471,18.8294,1.0606,4.858
80,73,in,0.4136,6,4,1,0.553008,38.5587,179.5370,4.858
80,73,in,0.4136,6,5,1,0.576140,37.4735,179.4603,4.858
80,73,in,0.4136,6,6,1,0.601253,17.9320,179.4603,4.858
80,73,in,0.4136,6,7,1,0.582355,21.9719,0.0580,4.858
80,73,in,0.4136,7,0,1,0.623720,0.0543,0.0903,5.416
80,73,in,0.4136,7,1,1,0.589257,15.4497,179.3887,5.416
80,73,in,0.4136,7,2,1,0.556607,34.7173,179.6086,5.416
80,73,in,0.4136,7,3,1,0.565637,18.9345,1.0930,5.416
80,73,in,0.4136,7,4,1,0.552288,38.5083,179.3887,5.416
80,73,in,0.4136,7,5,1,0.586291,37.5935,179.6086,5.416
80,73,in,0.4136,7,6,1,0.575040,18.4490,179.3887,5.416
80,73,in,0.4136,7,7,1,0.590663,22.1707,0.0903,5.416
80,73,in,0.4136,8,0,1,0.604924,0.0606,0.4403,4.119
80,73,in,0.4136,8,1,1,0.556793,14.8629,179.0780,4.119
80,73,in,0.4136,8,2,1,0.556752,35.0749,179.0780,4.119
80,73,in,0.4136,8,3,1,0.549921,18.9389,0.4403,4.119
80,73,in,0.4136,8,4,1,0.514297,38.3223,179.0780,4.119
80,73,in,0.4136,8,5,1,0.543417,37.6525,179.9194,4.119
80,73,in,0.4136,8,6,1,0.532858,18.9457,179.0780,4.119
80,73,in,0.4136,8,7,1,0.564363,21.9866,0.4403,4.119
80,73,in,0.4136,9,0,1,0.575878,0.0639,0.0223,4.716
80,73,in,0.4136,9,1,1,0.536241,14.2618,179.4567,4.716
80,73,in,0.4136,9,2,1,0.493729,35.2914,179.5406,4.716
80,73,in,0.4136,9,3,1,0.523618,19.0372,0.0223,4.716
80,73,in,0.4136,9,4,1,0.472772,38.0404,179.5406,4.716
80,73,in,0.4136,9,5,1,0.522998,37.5692,179.5406,4.716
80,73,in,0.4136,9,6,1,0.534940,19.3691,179.4567,4.716
80,73,in,0.4136,9,7,1,0.551239,21.9902,0.0223,4.716
80,73,in,0.4136,10,0,1,0.627617,0.0481,0.3166,4.085
80,73,in,0.4136,10,1,1,0.587093,13.7018,179.7957,4.085
80,73,in,0.4136,10,2,1,0.522405,35.7498,179.2017,4.085
80,73,in,0.4136,10,3,1,0.574515,19.2120,0.3166,4.085
80,73,in,0.4136,10,4,1,0.510899,38.1267,179.2017,4.085
80,73,in,0.4136,10,5,1,0.565137,37.5866,179.2017,4.085
80,73,in,0.4136,10,6,1,0.569152,19.9924,179.2017,4.085
80,73,in,0.4136,10,7,1,0.575786,21.9754,0.6860,4.085
80,73,in,0.4136,11,0,1,0.599520,0.0490,0.4341,4.700
80,73,in,0.4136,11,1,1,0.586062,13.1266,179.9131,4.700
80,73,in,0.4136,11,2,1,0.506651,36.0359,179.9131,4.700
80,73,in,0.4136,11,3,1,0.555100,18.9283,0.4341,4.700
80,73,in,0.4136,11,4,1,0.475282,37.9770,179.9131,4.700
80,73,in,0.4136,11,5,1,0.564881,37.5401,179.9131,4.700
80,73,in,0.4136,11,6,1,0.554665,20.3810,179.9131,4.700
80,73,in,0.4136,11,7,1,0.556040,22.0693,0.5686,4.700
80,74,in,0.6968,0,0,1,0.400067,0.0591,0.0734,17306.708
80,74,in,0.6968,1,0,1,0.382236,0.0750,0.8835,1.321
80,74,in,0.6968,2,0,1,0.423881,0.0111,0.3862,1.169
80,74,in,0.6968,3,0,1,0.422207,0.0922,0.1146,0.981
80,74,in,0.6968,4,0,1,0.389228,0.0802,0.6853,1.068
80,74,in,0.6968,5,0,1,0.395838,0.0671,0.1928,1.014
80,74,in,0.6968,6,0,1,0.407871,0.0597,0.6843,0.822
80,74,in,0.6968,7,0,1,0.498053,0.0551,0.7260,0.858
80,74,in,0.6968,8,0,1,0.414638,0.0506,0.3004,0.791
80,74,in,0.6968,9,0,1,0.459270,0.0475,0.4655,0.516
80,74,in,0.6968,10,0,1,0.395152,0.0359,0.4870,1.003
80,74,in,0.6968,11,0,1,0.411262,0.0777,0.6429,0.855
80,75,in,0.1416,0,0,1,0.803562,0.0500,0.6001,9355.778
80,75,in,0.1416,0,1,1,0.638633,35.5428,179.9209,9355.778
80,75,in,0.1416,0,2,1,0.638360,13.6710,0.6001,9355.778
80,75,in,0.1416,0,3,1,0.610313,14.6730,179.9209,9355.778
80,75,in,0.1416,0,4,1,0.606734,15.9386,179.9209,9355.778
80,75,in,0.1416,0,5,1,0.592549,12.8249,0.4026,9355.778
80,75,in,0.1416,0,6,1,0.591673,34.6999,0.6001,9355.778
80,75,in,0.1416,0,7,1,0.590882,30.4675,178.9182,9355.778
80,75,in,0.1416,1,0,1,0.818711,0.0394,0.2895,4.456
80,75,in,0.1416,1,1,1,0.628237,35.7118,179.8077,4.456
80,75,in,0.1416,1,2,1,0.651650,13.6775,0.2895,4.456
80,75,in,0.1416,1,3,1,0.613764,15.0641,179.8077,4.456
80,75,in,0.1416,1,4,1,0.596487,15.4146,179.8077,4.456
80,75,in,0.1416,1,5,1,0.603648,12.7424,0.2895,4.456
80,75,in,0.1416,1,6,1,0.567656,34.7645,0.7132,4.456
80,75,in,0.1416,1,7,1,0.593999,30.4163,179.8077,4.456
80,75,in,0.1416,2,0,1,0.852332,0.0377,0.3374,3.324
80,75,in,0.1416,2,1,1,0.712134,35.8076,179.8557,3.324
80,75,in,0.1416,2,2,1,0.726061,13.6766,0.3374,3.324
80,75,in,0.1416,2,3,1,0.653668,15.3664,179.8557,3.324
80,75,in,0.1416,2,4,1,0.641060,14.8176,179.8557,3.324
80,75,in,0.1416,2,5,1,0.647719,12.7417,0.3374,3.324
80,75,in,0.1416,2,6,1,0.618105,34.6949,0.3374,3.324
80,75,in,0.1416,2,7,1,0.666389,30.2625,179.8557,3.324
80,75,in,0.1416,3,0,1,0.854827,0.0922,0.5755,3.754
80,75,in,0.1416,3,1,1,0.719830,35.9135,179.9062,3.754
80,75,in,0.1416,3,2,1,0.732251,13.6869,0.5755,3.754
80,75,in,0.1416,3,3,1,0.667710,15.6710,178.9035,3.754
80,75,in,0.1416,3,4,1,0.643596,14.2047,179.9062,3.754
80,75,in,0.1416,3,5,1,0.653454,12.6649,0.4272,3.754
80,75,in,0.1416,3,6,1,0.621856,34.6056,0.5755,3.754
80,75,in,0.1416,3,7,1,0.651180,30.2794,179.9062,3.754
80,75,in,0.1416,4,0,1,0.893971,0.0149,0.3240,3.913
80,75,in,0.1416,4,1,1,0.774379,36.0870,179.8030,3.913
80,75,in,0.1416,4,2,1,0.748398,13.6792,0.6787,3.913
80,75,in,0.1416,4,3,1,0.686982,16.0228,179.8030,3.913
80,75,in,0.1416,4,4,1,0.660470,13.5311,179.8030,3.913
80,75,in,0.1416,4,5,1,0.693516,12.6579,0.3240,3.913
80,75,in,0.1416,4,6,1,0.641422,34.7433,0.6787,3.913
80,75,in,0.1416,4,7,1,0.715152,30.1028,179.8030,3.913
80,75,in,0.1416,5,0,1,0.843881,0.0168,0.1694,4.278
80,75,in,0.1416,5,1,1,0.695829,36.2907,179.6877,4.278
80,75,in,0.1416,5,2,1,0.726989,13.6733,0.1694,4.278
80,75,in,0.1416,5,3,1,0.673022,16.4640,179.6877,4.278
80,75,in,0.1416,5,4,1,0.652172,12.9373,179.3097,4.278
80,75,in,0.1416,5,5,1,0.689238,12.7813,0.1694,4.278
80,75,in,0.1416,5,6,1,0.640213,34.7352,0.1694,4.278
80,75,in,0.1416,5,7,1,0.690909,30.0008,179.3097,4.278
80,75,in,0.1416,6,0,1,0.860075,0.0911,0.7459,3.749
80,75,in,0.1416,6,1,1,0.739307,36.2350,179.7358,3.749
80,75,in,0.1416,6,2,1,0.735130,13.4146,0.7459,3.749
80,75,in,0.1416,6,3,1,0.731726,16.7178,179.7358,3.749
80,75,in,0.1416,6,4,1,0.688625,12.4323,179.7358,3.749
80,75,in,0.1416,6,5,1,0.724695,12.8380,0.2568,3.749
80,75,in,0.1416,6,6,1,0.658941,34.6893,0.7459,3.749
80,75,in,0.1416,6,7,1,0.738762,29.7695,179.7358,3.749
80,75,in,0.1416,7,0,1,0.791212,0.0844,0.0936,3.878
80,75,in,0.1416,7,1,1,0.680211,36.1238,179.3854,3.878
80,75,in,0.1416,7,2,1,0.686365,13.6006,0.0936,3.878
80,75,in,0.1416,7,3,1,0.669997,16.8514,179.3854,3.878
80,75,in,0.1416,7,4,1,0.674027,11.9122,179.3854,3.878
80,75,in,0.1416,7,5,1,0.666727,12.7073,0.0936,3.878
80,75,in,0.1416,7,6,1,0.624353,34.6205,0.0936,3.878
80,75,in,0.1416,7,7,1,0.689621,29.3679,179.6119,3.878
80,75,in,0.1416,8,0,1,0.877330,0.0224,0.4565,4.000
80,75,in,0.1416,8,1,1,0.763484,35.9775,179.9355,4.000
80,75,in,0.1416,8,2,1,0.759655,13.6904,0.4565,4.000
80,75,in,0.1416,8,3,1,0.752478,16.9390,179.9355,4.000
80,75,in,0.1416,8,4,1,0.742535,11.5353,179.9355,4.000
80,75,in,0.1416,8,5,1,0.743962,12.7077,0.4565,4.000
80,75,in,0.1416,8,6,1,0.718568,34.7500,0.4565,4.000
80,75,in,0.1416,8,7,1,0.763190,29.0446,179.9355,4.000
80,75,in,0.1416,9,0,1,0.835145,0.0365,0.2326,7.611
80,75,in,0.1416,9,1,1,0.753024,35.8451,179.7117,7.611
80,75,in,0.1416,9,2,1,0.734452,13.5020,0.2326,7.611
80,75,in,0.1416,9,3,1,0.734111,17.0828,179.7117,7.611
80,75,in,0.1416,9,4,1,0.728830,10.9159,179.7117,7.611
80,75,in,0.1416,9,5,1,0.736119,12.7868,0.2326,7.611
80,75,in,0.1416,9,6,1,0.697650,34.6885,0.2326,7.611
80,75,in,0.1416,9,7,1,0.739515,28.6939,179.7117,7.611
80,75,in,0.1416,10,0,1,0.849185,0.0275,0.4387,8.432
80,75,in,0.1416,10,1,1,0.742690,35.7233,179.9570,8.432
80,75,in,0.1416,10,2,1,0.732991,13.3208,0.4387,8.432
80,75,in,0.1416,10,3,1,0.739134,17.2683,179.9570,8.432
80,75,in,0.1416,10,4,1,0.741328,10.5220,179.9570,8.432
80,75,in,0.1416,10,5,1,0.732591,12.7850,0.4387,8.432
80,75,in,0.1416,10,6,1,0.711672,34.6098,0.5640,8.432
80,75,in,0.1416,10,7,1,0.739235,28.3737,179.9570,8.432
80,75,in,0.1416,11,0,1,0.862761,0.0217,0.1113,5.162
80,75,in,0.1416,11,1,1,0.756905,35.5510,179.6296,5.162
80,75,in,0.1416,11,2,1,0.748469,13.5929,0.1113,5.162
80,75,in,0.1416,11,3,1,0.753560,17.4487,179.6296,5.162
80,75,in,0.1416,11,4,1,0.744947,10.0554,179.3677,5.162
80,75,in,0.1416,11,5,1,0.744136,12.7001,0.1113,5.162
80,75,in,0.1416,11,6,1,0.732230,34.7507,0.1113,5.162
80,75,in,0.1416,11,7,1,0.739458,27.9888,179.6296,5.162
80,76,in,0.5569,0,0,1,0.516337,0.0545,0.0574,12070.751
80,76,in,0.5569,0,1,1,0.474194,17.7457,0.0574,12070.751
80,76,in,0.5569,0,2,1,0.474150,36.3082,0.0574,12070.751
80,76,in,0.5569,0,3,1,0.462714,28.7078,0.9453,12070.751
80,76,in,0.5569,0,4,1,0.461678,29.5888,179.5756,12070.751
80,76,in,0.5569,0,5,1,0.460950,20.7878,179.5756,12070.751
80,76,in,0.5569,0,6,1,0.460686,10.3696,0.9453,12070.751
80,76,in,0.5569,0,7,1,0.460543,26.5080,0.0574,12070.751
80,76,in,0.5569,1,0,1,0.523118,0.0590,0.3882,7.713
80,76,in,0.5569,1,1,1,0.468340,17.6415,0.3882,7.713
80,76,in,0.5569,1,2,1,0.446677,36.3086,0.3882,7.713
80,76,in,0.5569,1,3,1,0.442325,28.7083,0.3882,7.713
80,76,in,0.5569,1,4,1,0.441873,29.5690,179.9064,7.713
80,76,in,0.5569,1,5,1,0.451266,20.8873,179.9064,7.713
80,76,in,0.5569,1,6,1,0.449480,10.4565,0.3882,7.713
80,76,in,0.5569,1,7,1,0.471467,26.5092,0.3882,7.713
80,76,in,0.5569,2,0,1,0.521291,0.0454,0.3877,8.883
80,76,in,0.5569,2,1,1,0.472127,17.3558,0.3877,8.883
80,76,in,0.5569,2,2,1,0.457733,36.3192,0.3877,8.883
80,76,in,0.5569,2,3,1,0.462614,28.6095,0.3877,8.883
80,76,in,0.5569,2,4,1,0.452105,29.8890,179.9060,8.883
80,76,in,0.5569,2,5,1,0.460794,20.3696,179.9060,8.883
80,76,in,0.5569,2,6,1,0.443611,10.3649,0.3877,8.883
80,76,in,0.5569,2,7,1,0.464446,26.4757,1.3904,8.883
80,76,in,0.5569,3,0,1,0.551152,0.0643,0.1013,7.243
80,76,in,0.5569,3,1,1,0.491845,17.3617,0.1013,7.243
80,76,in,0.5569,3,2,1,0.490797,36.2724,0.1013,7.243
80,76,in,0.5569,3,3,1,0.480368,28.6734,0.1013,7.243
80,76,in,0.5569,3,4,1,0.451251,30.3184,179.4170,7.243
80,76,in,0.5569,3,5,1,0.468319,19.6236,179.4170,7.243
80,76,in,0.5569,3,6,1,0.469103,10.6102,0.1013,7.243
80,76,in,0.5569,3,7,1,0.492136,26.5324,0.1013,7.243
80,76,in,0.5569,4,0,1,0.513257,0.0457,0.1317,7.695
80,76,in,0.5569,4,1,1,0.456743,17.1575,0.1317,7.695
80,76,in,0.5569,4,2,1,0.452226,36.1012,0.1317,7.695
80,76,in,0.5569,4,3,1,0.457657,28.5611,0.1317,7.695
80,76,in,0.5569,4,4,1,0.412190,30.7263,179.6500,7.695
80,76,in,0.5569,4,5,1,0.433734,19.3154,179.6500,7.695
80,76,in,0.5569,4,6,1,0.432343,10.5306,0.1317,7.695
80,76,in,0.5569,4,7,1,0.452773,26.4032,0.1317,7.695
80,76,in,0.5569,5,0,1,0.567513,0.0459,0.2312,7.409
80,76,in,0.5569,5,1,1,0.481952,17.3541,0.2312,7.409
80,76,in,0.5569,5,2,1,0.487285,36.2535,0.2312,7.409
80,76,in,0.5569,5,3,1,0.483824,28.7092,0.2312,7.409
80,76,in,0.5569,5,4,1,0.455012,31.0673,179.2871,7.409
80,76,in,0.5569,5,5,1,0.478872,18.6210,179.2871,7.409
80,76,in,0.5569,5,6,1,0.487609,10.4421,0.2312,7.409
80,76,in,0.5569,5,7,1,0.494822,26.5132,0.2312,7.409
80,76,in,0.5569,6,0,1,0.556090,0.0470,0.5793,6.562
80,76,in,0.5569,6,1,1,0.514333,17.6536,0.5793,6.562
80,76,in,0.5569,6,2,1,0.511287,36.2030,0.5793,6.562
80,76,in,0.5569,6,3,1,0.510827,28.6601,0.5793,6.562
80,76,in,0.5569,6,4,1,0.467986,31.3765,179.9417,6.562
80,76,in,0.5569,6,5,1,0.516465,18.3132,179.9417,6.562
80,76,in,0.5569,6,6,1,0.467604,10.6934,0.5793,6.562
80,76,in,0.5569,6,7,1,0.527599,26.3934,0.5793,6.562
80,76,in,0.5569,7,0,1,0.491700,0.0628,1.4922,7.840
80,76,in,0.5569,7,1,1,0.461809,17.5389,0.4895,7.840
80,76,in,0.5569,7,2,1,0.466848,36.2568,0.4895,7.840
80,76,in,0.5569,7,3,1,0.452946,28.6037,1.4922,7.840
80,76,in,0.5569,7,4,1,0.423813,31.8173,179.9685,7.840
80,76,in,0.5569,7,5,1,0.463979,17.4487,179.9685,7.840
80,76,in,0.5569,7,6,1,0.439441,10.7096,0.4895,7.840
80,76,in,0.5569,7,7,1,0.468968,26.4774,1.4922,7.840
80,76,in,0.5569,8,0,1,0.488403,0.0677,0.2286,9.608
80,76,in,0.5569,8,1,1,0.471294,17.3344,0.7740,9.608
80,76,in,0.5569,8,2,1,0.447203,36.1887,0.2286,9.608
80,76,in,0.5569,8,3,1,0.453833,28.6955,0.2286,9.608
80,76,in,0.5569,8,4,1,0.419159,32.1421,179.7469,9.608
80,76,in,0.5569,8,5,1,0.464442,16.8499,179.7469,9.608
80,76,in,0.5569,8,6,1,0.422753,10.7898,0.2286,9.608
80,76,in,0.5569,8,7,1,0.442554,26.3349,0.7740,9.608
80,76,in,0.5569,9,0,1,0.518798,0.0504,0.7443,8.217
80,76,in,0.5569,9,1,1,0.478444,17.1465,0.2584,8.217
80,76,in,0.5569,9,2,1,0.466496,36.0459,0.7443,8.217
80,76,in,0.5569,9,3,1,0.471234,28.8297,0.7443,8.217
80,76,in,0.5569,9,4,1,0.440371,32.5226,179.7767,8.217
80,76,in,0.5569,9,5,1,0.478584,16.1808,179.7767,8.217
80,76,in,0.5569,9,6,1,0.462362,10.8711,0.2584,8.217
80,76,in,0.5569,9,7,1,0.481299,26.2714,0.2584,8.217
80,76,in,0.5569,10,0,1,0.528716,0.0557,0.1543,8.304
80,76,in,0.5569,10,1,1,0.500292,17.3581,0.1543,8.304
80,76,in,0.5569,10,2,1,0.505749,36.2106,0.1543,8.304
80,76,in,0.5569,10,3,1,0.508602,28.6626,0.1543,8.304
80,76,in,0.5569,10,4,1,0.476520,33.1258,179.6726,8.304
80,76,in,0.5569,10,5,1,0.497251,15.9506,179.6726,8.304
80,76,in,0.5569,10,6,1,0.474244,11.1102,0.1543,8.304
80,76,in,0.5569,10,7,1,0.489828,26.3132,0.1543,8.304
80,76,in,0.5569,11,0,1,0.533009,0.0723,0.0578,8.515
80,76,in,0.5569,11,1,1,0.482046,17.3735,0.9448,8.515
80,76,in,0.5569,11,2,1,0.464101,36.3941,2.0632,8.515
80,76,in,0.5569,11,3,1,0.482734,28.8421,0.9448,8.515
80,76,in,0.5569,11,4,1,0.453952,33.5649,179.5761,8.515
80,76,in,0.5569,11,5,1,0.482696,15.2771,179.5761,8.515
80,76,in,0.5569,11,6,1,0.468182,11.3543,0.9448,8.515
80,76,in,0.5569,11,7,1,0.490649,26.3673,0.0578,8.515
80,77,in,0.2602,0,0,1,0.741913,0.0425,0.4449,6073.198
80,77,in,0.2602,0,1,1,0.623601,5.0086,179.0341,6073.198
80,77,in,0.2602,0,2,1,0.593480,10.3945,179.0341,6073.198
80,77,in,0.2602,0,3,1,0.585865,27.4656,179.0341,6073.198
80,77,in,0.2602,0,4,1,0.583047,5.5918,0.4449,6073.198
80,77,in,0.2602,0,5,1,0.582432,7.6118,179.9632,6073.198
80,77,in,0.2602,0,6,1,0.581097,31.3347,0.4449,6073.198
80,77,in,0.2602,0,7,1,0.579261,46.6057,179.0341,6073.198
80,77,in,0.2602,1,0,1,0.751558,0.0432,0.1254,4.193
80,77,in,0.2602,1,1,1,0.632555,4.7029,179.3929,4.193
80,77,in,0.2602,1,2,1,0.615379,10.1562,179.3929,4.193
80,77,in,0.2602,1,3,1,0.595293,27.8022,179.6044,4.193
80,77,in,0.2602,1,4,1,0.567527,5.5975,0.1254,4.193
80,77,in,0.2602,1,5,1,0.577459,8.0913,179.3929,4.193
80,77,in,0.2602,1,6,1,0.558572,31.3762,0.1254,4.193
80,77,in,0.2602,1,7,1,0.553234,46.4662,179.3929,4.193
80,77,in,0.2602,2,0,1,0.674494,0.0479,0.3003,5.105
80,77,in,0.2602,2,1,1,0.601556,4.5854,179.7793,5.105
80,77,in,0.2602,2,2,1,0.542312,10.0755,179.7793,5.105
80,77,in,0.2602,2,3,1,0.569538,28.1520,179.7793,5.105
80,77,in,0.2602,2,4,1,0.530666,5.3992,0.3003,5.105
80,77,in,0.2602,2,5,1,0.498718,8.5213,178.2153,5.105
80,77,in,0.2602,2,6,1,0.525914,31.3671,0.3003,5.105
80,77,in,0.2602,2,7,1,0.510933,46.8065,179.2180,5.105
80,77,in,0.2602,3,0,1,0.769014,0.0394,0.1512,4.535
80,77,in,0.2602,3,1,1,0.658507,4.4158,178.6669,4.535
80,77,in,0.2602,3,2,1,0.651830,10.0133,179.6695,4.535
80,77,in,0.2602,3,3,1,0.616852,28.7395,178.6669,4.535
80,77,in,0.2602,3,4,1,0.579238,5.6025,0.8514,4.535
80,77,in,0.2602,3,5,1,0.571226,8.9642,178.6669,4.535
80,77,in,0.2602,3,6,1,0.615740,31.3867,1.8541,4.535
80,77,in,0.2602,3,7,1,0.601049,47.0217,179.6695,4.535
80,77,in,0.2602,4,0,1,0.695648,0.0630,0.2724,4.083
80,77,in,0.2602,4,1,1,0.617590,4.6042,179.7907,4.083
80,77,in,0.2602,4,2,1,0.620969,10.3728,179.7907,4.083
80,77,in,0.2602,4,3,1,0.557877,29.3830,178.7880,4.083
80,77,in,0.2602,4,4,1,0.531332,5.7054,0.2724,4.083
80,77,in,0.2602,4,5,1,0.519096,9.4056,179.7907,4.083
80,77,in,0.2602,4,6,1,0.599578,31.3896,0.7303,4.083
80,77,in,0.2602,4,7,1,0.602412,47.6398,179.7907,4.083
80,77,in,0.2602,5,0,1,0.755914,0.0418,0.0423,4.152
80,77,in,0.2602,5,1,1,0.647998,4.7055,179.4760,4.152
80,77,in,0.2602,5,2,1,0.652598,10.2683,179.4760,4.152
80,77,in,0.2602,5,3,1,0.590597,29.3279,179.4760,4.152
80,77,in,0.2602,5,4,1,0.539548,5.6022,0.0423,4.152
80,77,in,0.2602,5,5,1,0.526610,9.1980,179.4760,4.152
80,77,in,0.2602,5,6,1,0.620757,31.3939,0.0423,4.152
80,77,in,0.2602,5,7,1,0.603217,47.6407,179.5213,4.152
80,77,in,0.2602,6,0,1,0.766435,0.0471,0.2812,4.235
80,77,in,0.2602,6,1,1,0.623830,4.2677,179.2371,4.235
80,77,in,0.2602,6,2,1,0.653646,9.7965,179.7603,4.235
80,77,in,0.2602,6,3,1,0.597329,29.3847,179.2371,4.235
80,77,in,0.2602,6,4,1,0.554870,5.6146,0.2812,4.235
80,77,in,0.2602,6,5,1,0.559973,9.7860,179.7603,4.235
80,77,in,0.2602,6,6,1,0.624801,31.3631,0.2812,4.235
80,77,in,0.2602,6,7,1,0.604115,47.3694,179.7603,4.235
80,77,in,0.2602,7,0,1,0.696995,0.0548,0.1513,4.186
80,77,in,0.2602,7,1,1,0.552404,4.1706,179.3670,4.186
80,77,in,0.2602,7,2,1,0.567926,9.2981,179.3670,4.186
80,77,in,0.2602,7,3,1,0.544679,29.5465,179.3670,4.186
80,77,in,0.2602,7,4,1,0.508610,5.8864,0.1513,4.186
80,77,in,0.2602,7,5,1,0.527430,10.4236,179.3670,4.186
80,77,in,0.2602,7,6,1,0.545264,31.2783,0.1513,4.186
80,77,in,0.2602,7,7,1,0.526369,47.0078,179.6303,4.186
80,77,in,0.2602,8,0,1,0.755035,0.0570,0.1241,8.237
80,77,in,0.2602,8,1,1,0.582162,3.7224,179.3942,8.237
80,77,in,0.2602,8,2,1,0.615677,8.9705,179.3942,8.237
80,77,in,0.2602,8,3,1,0.573246,29.7665,179.6031,8.237
80,77,in,0.2602,8,4,1,0.550809,5.6899,0.1241,8.237
80,77,in,0.2602,8,5,1,0.557267,11.0280,179.3942,8.237
80,77,in,0.2602,8,6,1,0.586489,31.3329,0.8786,8.237
80,77,in,0.2602,8,7,1,0.532007,46.8079,179.6031,8.237
80,77,in,0.2602,9,0,1,0.820154,0.0640,0.1460,3.891
80,77,in,0.2602,9,1,1,0.666826,3.8000,179.6643,3.891
80,77,in,0.2602,9,2,1,0.704594,8.6743,179.6643,3.891
80,77,in,0.2602,9,3,1,0.662507,29.9443,179.6643,3.891
80,77,in,0.2602,9,4,1,0.625890,5.5893,0.1460,3.891
80,77,in,0.2602,9,5,1,0.644802,11.5636,179.6643,3.891
80,77,in,0.2602,9,6,1,0.650208,31.2997,0.1460,3.891
80,77,in,0.2602,9,7,1,0.603146,46.9492,179.3330,3.891
80,77,in,0.2602,10,0,1,0.703147,0.0506,0.0259,5.762
80,77,in,0.2602,10,1,1,0.527795,3.6836,179.5442,5.762
80,77,in,0.2602,10,2,1,0.608653,8.3706,179.5442,5.762
80,77,in,0.2602,10,3,1,0.548325,30.0856,179.5442,5.762
80,77,in,0.2602,10,4,1,0.505121,5.4916,0.0259,5.762
80,77,in,0.2602,10,5,1,0.521902,12.1541,179.5442,5.762
80,77,in,0.2602,10,6,1,0.542924,31.3705,0.0259,5.762
80,77,in,0.2602,10,7,1,0.491593,46.7185,179.4532,5.762
80,77,in,0.2602,11,0,1,0.740370,0.0409,0.1859,4.523
80,77,in,0.2602,11,1,1,0.579009,3.7204,179.7042,4.523
80,77,in,0.2602,11,2,1,0.633270,8.1248,179.7042,4.523
80,77,in,0.2602,11,3,1,0.587931,30.2560,179.7042,4.523
80,77,in,0.2602,11,4,1,0.568383,5.5966,0.1859,4.523
80,77,in,0.2602,11,5,1,0.548371,12.7404,179.7042,4.523
80,77,in,0.2602,11,6,1,0.579848,31.3782,0.1859,4.523
80,77,in,0.2602,11,7,1,0.521648,46.4250,179.2931,4.523
80,78,in,0.7591,0,-1,0,0,0,0,31322.710
80,78,in,0.7591,1,-1,0,0,0,0,0.000
80,78,in,0.7591,2,-1,0,0,0,0,0.000
80,78,in,0.7591,3,-1,0,0,0,0,0.000
80,78,in,0.7591,4,-1,0,0,0,0,0.000
80,78,in,0.7591,5,-1,0,0,0,0,0.000
80,78,in,0.7591,6,-1,0,0,0,0,0.000
80,78,in,0.7591,7,-1,0,0,0,0,0.000
80,78,in,0.7591,8,-1,0,0,0,0,0.000
80,78,in,0.7591,9,-1,0,0,0,0,0.000
80,78,in,0.7591,10,-1,0,0,0,0,0.000
80,78,in,0.7591,11,-1,0,0,0,0,0.000
80,79,in,0.5016,0,0,1,0.614860,0.0824,0.4255,8332.511
80,79,in,0.5016,0,1,1,0.555861,16.1027,179.9045,8332.511
80,79,in,0.5016,0,2,1,0.554316,7.9161,179.9045,8332.511
80,79,in,0.5016,0,3,1,0.553440,29.1804,1.4281,8332.511
80,79,in,0.5016,0,4,1,0.549014,23.4561,179.9045,8332.511
80,79,in,0.5016,0,5,1,0.548503,23.3753,179.9045,8332.511
80,79,in,0.5016,0,6,1,0.546828,17.9934,179.9045,8332.511
80,79,in,0.5016,0,7,1,0.546649,21.2581,179.9045,8332.511
80,79,in,0.5016,1,0,1,0.593772,0.0259,0.5137,6.695
80,79,in,0.5016,1,1,1,0.550134,16.0549,179.9927,6.695
80,79,in,0.5016,1,2,1,0.568878,7.4216,179.9927,6.695
80,79,in,0.5016,1,3,1,0.578055,29.0723,0.5137,6.695
80,79,in,0.5016,1,4,1,0.586399,23.8525,179.9927,6.695
80,79,in,0.5016,1,5,1,0.551705,22.9420,179.9927,6.695
80,79,in,0.5016,1,6,1,0.582304,17.7508,179.9927,6.695
80,79,in,0.5016,1,7,1,0.576262,21.0729,179.9927,6.695
80,79,in,0.5016,2,0,1,0.514311,0.0267,0.2578,8.222
80,79,in,0.5016,2,1,1,0.446398,16.1536,179.7368,8.222
80,79,in,0.5016,2,2,1,0.476741,7.3502,179.7368,8.222
80,79,in,0.5016,2,3,1,0.478466,29.0166,0.7449,8.222
80,79,in,0.5016,2,4,1,0.479823,23.7272,179.7368,8.222
80,79,in,0.5016,2,5,1,0.470213,22.6468,179.7368,8.222
80,79,in,0.5016,2,6,1,0.466265,17.7498,179.7368,8.222
80,79,in,0.5016,2,7,1,0.455732,21.2665,179.7368,8.222
80,79,in,0.5016,3,0,1,0.524878,0.0248,0.3729,9.283
80,79,in,0.5016,3,1,1,0.507525,15.8614,179.8519,9.283
80,79,in,0.5016,3,2,1,0.497161,7.5159,179.8519,9.283
80,79,in,0.5016,3,3,1,0.504825,29.1857,2.6351,9.283
80,79,in,0.5016,3,4,1,0.509230,23.9126,177.8466,9.283
80,79,in,0.5016,3,5,1,0.501588,22.4410,177.8466,9.283
80,79,in,0.5016,3,6,1,0.510906,17.6562,179.8519,9.283
80,79,in,0.5016,3,7,1,0.478234,21.4390,179.8519,9.283
80,79,in,0.5016,4,0,1,0.534641,0.0221,0.0014,6.925
80,79,in,0.5016,4,1,1,0.467992,16.1669,179.5169,6.925
80,79,in,0.5016,4,2,1,0.491761,7.5433,179.4804,6.925
80,79,in,0.5016,4,3,1,0.466649,29.0111,0.0014,6.925
80,79,in,0.5016,4,4,1,0.485854,23.7314,179.4804,6.925
80,79,in,0.5016,4,5,1,0.484985,22.7525,179.4804,6.925
80,79,in,0.5016,4,6,1,0.501104,17.7556,179.4804,6.925
80,79,in,0.5016,4,7,1,0.498930,21.2730,179.4804,6.925
80,79,in,0.5016,5,0,1,0.580374,0.0372,0.4867,7.260
80,79,in,0.5016,5,1,1,0.549268,16.7607,179.9658,7.260
80,79,in,0.5016,5,2,1,0.536887,7.8667,179.9658,7.260
80,79,in,0.5016,5,3,1,0.516457,29.1986,0.4867,7.260
80,79,in,0.5016,5,4,1,0.549443,23.6879,179.9658,7.260
80,79,in,0.5016,5,5,1,0.523014,23.5377,179.9658,7.260
80,79,in,0.5016,5,6,1,0.546705,18.1525,179.9658,7.260
80,79,in,0.5016,5,7,1,0.546600,21.4596,179.9658,7.260
80,79,in,0.5016,6,0,1,0.607284,0.0311,0.2842,6.885
80,79,in,0.5016,6,1,1,0.537107,17.0151,179.7633,6.885
80,79,in,0.5016,6,2,1,0.533429,8.4488,179.7633,6.885
80,79,in,0.5016,6,3,1,0.531914,29.2744,0.7184,6.885
80,79,in,0.5016,6,4,1,0.529078,23.5055,179.7633,6.885
80,79,in,0.5016,6,5,1,0.541878,24.2793,179.7633,6.885
80,79,in,0.5016,6,6,1,0.544548,19.0008,179.7633,6.885
80,79,in,0.5016,6,7,1,0.542266,21.9812,179.7633,6.885
80,79,in,0.5016,7,0,1,0.542053,0.0174,0.2603,8.069
80,79,in,0.5016,7,1,1,0.505353,17.8691,179.2188,8.069
80,79,in,0.5016,7,2,1,0.494479,8.9501,179.7786,8.069
80,79,in,0.5016,7,3,1,0.490938,29.3231,0.2603,8.069
80,79,in,0.5016,7,4,1,0.500380,23.3842,179.2188,8.069
80,79,in,0.5016,7,5,1,0.477481,25.1260,179.2188,8.069
80,79,in,0.5016,7,6,1,0.484990,19.5543,179.2188,8.069
80,79,in,0.5016,7,7,1,0.492715,22.5454,179.2188,8.069
80,79,in,0.5016,8,0,1,0.497262,0.0226,0.3408,7.126
80,79,in,0.5016,8,1,1,0.468794,18.2689,179.1775,7.126
80,79,in,0.5016,8,2,1,0.460898,9.1268,179.1775,7.126
80,79,in,0.5016,8,3,1,0.448139,29.3285,0.3408,7.126
80,79,in,0.5016,8,4,1,0.462359,23.5454,179.1775,7.126
80,79,in,0.5016,8,5,1,0.429997,25.4254,179.8198,7.126
80,79,in,0.5016,8,6,1,0.466979,20.4507,179.1775,7.126
80,79,in,0.5016,8,7,1,0.464547,22.8247,179.1775,7.126
80,79,in,0.5016,9,0,1,0.546171,0.0217,0.6741,7.290
80,79,in,0.5016,9,1,1,0.480485,18.5666,179.8076,7.290
80,79,in,0.5016,9,2,1,0.460313,9.3402,178.8049,7.290
80,79,in,0.5016,9,3,1,0.451802,29.1554,0.3286,7.290
80,79,in,0.5016,9,4,1,0.471507,23.6475,179.8076,7.290
80,79,in,0.5016,9,5,1,0.460829,25.7203,179.8076,7.290
80,79,in,0.5016,9,6,1,0.476200,20.9462,179.8076,7.290
80,79,in,0.5016,9,7,1,0.478384,23.3890,179.8076,7.290
80,79,in,0.5016,10,0,1,0.538428,0.0301,0.1586,6.709
80,79,in,0.5016,10,1,1,0.447161,18.8701,179.6769,6.709
80,79,in,0.5016,10,2,1,0.460079,9.8671,179.3204,6.709
80,79,in,0.5016,10,3,1,0.455518,28.9911,0.1586,6.709
80,79,in,0.5016,10,4,1,0.458530,23.9210,179.6769,6.709
80,79,in,0.5016,10,5,1,0.452532,26.3195,179.3204,6.709
80,79,in,0.5016,10,6,1,0.468229,21.7452,179.3204,6.709
80,79,in,0.5016,10,7,1,0.463279,23.8574,179.3204,6.709
80,79,in,0.5016,11,0,1,0.566628,0.0211,0.3944,6.984
80,79,in,0.5016,11,1,1,0.449531,19.4009,179.9127,6.984
80,79,in,0.5016,11,2,1,0.456952,10.1586,179.9127,6.984
80,79,in,0.5016,11,3,1,0.438907,29.1354,0.3944,6.984
80,79,in,0.5016,11,4,1,0.472697,23.9969,179.9127,6.984
80,79,in,0.5016,11,5,1,0.441936,26.7406,179.9127,6.984
80,79,in,0.5016,11,6,1,0.444126,22.0772,179.9127,6.984
80,79,in,0.5016,11,7,1,0.457165,24.1667,179.9127,6.984
